date,region,category,revenue,orders,is_anomaly,anomaly_type
2025-01-01,North,Electronics,13527.76,201,False,
2025-01-01,East,Home & Kitchen,9344.91,186,False,
2025-01-01,South,Apparel,9803.98,188,False,
2025-01-01,North,Sports,14898.22,321,False,
2025-01-01,East,Sports,6495.79,146,False,
2025-01-01,West,Electronics,13319.88,297,False,
2025-01-01,South,Sports,7109.72,117,False,
2025-01-01,East,Apparel,12948.32,296,False,
2025-01-01,East,Groceries,10678.32,264,False,
2025-01-01,West,Apparel,13800.18,253,False,
2025-01-01,North,Home & Kitchen,17767.09,345,False,
2025-01-01,West,Sports,10566.11,193,False,
2025-01-01,West,Home & Kitchen,11012.62,187,False,
2025-01-01,East,Electronics,8899.62,247,False,
2025-01-01,North,Apparel,16620.44,276,False,
2025-01-01,South,Groceries,8652.06,202,False,
2025-01-01,West,Groceries,15222.66,352,False,
2025-01-01,South,Home & Kitchen,10619.64,192,False,
2025-01-01,South,Electronics,10399.61,235,False,
2025-01-01,North,Groceries,15399.65,283,False,
2025-01-02,North,Home & Kitchen,18557.64,423,False,
2025-01-02,North,Groceries,10646.15,206,False,
2025-01-02,South,Home & Kitchen,10661.18,176,False,
2025-01-02,East,Home & Kitchen,8930.95,186,False,
2025-01-02,North,Sports,13373.49,302,False,
2025-01-02,West,Sports,11506.6,299,False,
2025-01-02,West,Home & Kitchen,12302.14,308,False,
2025-01-02,South,Apparel,10042.09,248,False,
2025-01-02,South,Sports,7096.13,135,False,
2025-01-02,West,Apparel,16387.33,380,False,
2025-01-02,East,Electronics,10001.34,237,False,
2025-01-02,North,Apparel,14696.75,276,False,
2025-01-02,West,Electronics,11465.56,262,False,
2025-01-02,South,Groceries,8656.13,130,False,
2025-01-02,North,Electronics,11438.44,200,False,
2025-01-02,East,Groceries,9015.16,158,False,
2025-01-02,West,Groceries,15847.71,389,False,
2025-01-02,East,Sports,7099.51,161,False,
2025-01-02,South,Electronics,11283.32,279,False,
2025-01-02,East,Apparel,11774.9,200,False,
2025-01-03,East,Sports,6149.71,116,False,
2025-01-03,South,Sports,6038.34,88,False,
2025-01-03,North,Groceries,12761.43,238,False,
2025-01-03,West,Electronics,12797.24,243,False,
2025-01-03,South,Electronics,9834.13,210,False,
2025-01-03,South,Home & Kitchen,9483.57,167,False,
2025-01-03,North,Home & Kitchen,18045.51,387,False,
2025-01-03,West,Sports,11377.78,196,False,
2025-01-03,West,Home & Kitchen,11010.33,230,False,
2025-01-03,East,Electronics,12153.1,245,False,
2025-01-03,North,Apparel,16190.14,317,False,
2025-01-03,North,Electronics,12758.42,283,False,
2025-01-03,South,Groceries,8593.08,157,False,
2025-01-03,West,Groceries,14306.64,310,False,
2025-01-03,West,Apparel,13876.49,290,False,
2025-01-03,North,Sports,16179.9,320,False,
2025-01-03,East,Apparel,10220.96,267,False,
2025-01-03,East,Groceries,10972.58,170,False,
2025-01-03,East,Home & Kitchen,8910.26,154,False,
2025-01-03,South,Apparel,7602.82,135,False,
2025-01-04,South,Apparel,11762.02,191,False,
2025-01-04,West,Electronics,13723.19,234,False,
2025-01-04,North,Home & Kitchen,17543.53,301,False,
2025-01-04,East,Home & Kitchen,9497.18,203,False,
2025-01-04,South,Sports,7925.65,159,False,
2025-01-04,South,Home & Kitchen,11062.84,180,False,
2025-01-04,North,Electronics,15614.65,328,False,
2025-01-04,South,Groceries,9748.08,188,False,
2025-01-04,North,Groceries,15489.44,307,False,
2025-01-04,East,Groceries,10038.69,208,False,
2025-01-04,West,Apparel,17776.25,443,False,
2025-01-04,East,Apparel,12326.17,235,False,
2025-01-04,South,Electronics,13839.48,217,False,
2025-01-04,West,Sports,14178.49,280,False,
2025-01-04,North,Apparel,20262.07,356,False,
2025-01-04,West,Groceries,15922.56,352,False,
2025-01-04,West,Home & Kitchen,12374.64,279,False,
2025-01-04,East,Electronics,11307.93,194,False,
2025-01-04,East,Sports,7781.48,159,False,
2025-01-04,North,Sports,20166.76,479,False,
2025-01-05,West,Home & Kitchen,12521.89,208,False,
2025-01-05,South,Sports,7103.94,113,False,
2025-01-05,East,Sports,9120.62,146,False,
2025-01-05,North,Sports,16933.1,248,False,
2025-01-05,South,Groceries,11544.68,195,False,
2025-01-05,South,Home & Kitchen,10897.32,225,False,
2025-01-05,West,Apparel,13584.89,294,False,
2025-01-05,East,Groceries,9634.96,132,False,
2025-01-05,East,Home & Kitchen,10697.46,248,False,
2025-01-05,East,Apparel,13435.45,272,False,
2025-01-05,East,Electronics,11146.85,267,False,
2025-01-05,South,Electronics,12635.07,237,False,
2025-01-05,North,Groceries,14297.44,242,False,
2025-01-05,North,Electronics,15258.1,355,False,
2025-01-05,North,Home & Kitchen,19628.41,437,False,
2025-01-05,West,Sports,13253.26,306,False,
2025-01-05,West,Electronics,12504.06,285,False,
2025-01-05,North,Apparel,20930.93,524,False,
2025-01-05,West,Groceries,14202.67,286,False,
2025-01-05,South,Apparel,11991.27,216,False,
2025-01-06,South,Apparel,9198.86,153,False,
2025-01-06,East,Apparel,10881.02,235,False,
2025-01-06,West,Sports,10125.95,158,False,
2025-01-06,East,Home & Kitchen,8670.53,155,False,
2025-01-06,East,Electronics,9676.52,230,False,
2025-01-06,East,Groceries,11078.25,206,False,
2025-01-06,West,Groceries,13750.58,257,False,
2025-01-06,North,Groceries,12839.48,294,False,
2025-01-06,North,Home & Kitchen,18773.01,410,False,
2025-01-06,West,Apparel,12614.96,234,False,
2025-01-06,South,Home & Kitchen,8206.37,147,False,
2025-01-06,North,Apparel,17875.6,429,False,
2025-01-06,West,Electronics,12552.36,313,False,
2025-01-06,South,Sports,6152.76,123,False,
2025-01-06,South,Groceries,7938.41,157,False,
2025-01-06,South,Electronics,10846.95,234,False,
2025-01-06,East,Sports,7613.71,176,False,
2025-01-06,North,Sports,16358.04,276,False,
2025-01-06,North,Electronics,11814.93,207,False,
2025-01-06,West,Home & Kitchen,10115.45,169,False,
2025-01-07,East,Electronics,9661.86,187,False,
2025-01-07,West,Home & Kitchen,12095.56,260,False,
2025-01-07,South,Home & Kitchen,10371.98,271,False,
2025-01-07,East,Groceries,11206.49,271,False,
2025-01-07,West,Sports,12582.81,215,False,
2025-01-07,North,Home & Kitchen,17804.36,303,False,
2025-01-07,South,Groceries,8790.82,158,False,
2025-01-07,North,Electronics,12614.21,300,False,
2025-01-07,North,Apparel,17408.07,446,False,
2025-01-07,West,Apparel,15816.54,242,False,
2025-01-07,East,Home & Kitchen,8892.24,157,False,
2025-01-07,South,Sports,7372.71,136,False,
2025-01-07,East,Apparel,10869.06,212,False,
2025-01-07,North,Sports,15023.03,310,False,
2025-01-07,West,Groceries,12755.44,252,False,
2025-01-07,South,Electronics,10120.61,208,False,
2025-01-07,North,Groceries,14526.99,307,False,
2025-01-07,East,Sports,6836.66,139,False,
2025-01-07,South,Apparel,9867.34,253,False,
2025-01-07,West,Electronics,12008.07,245,False,
2025-01-08,East,Electronics,10213.06,180,False,
2025-01-08,South,Groceries,9976.57,232,False,
2025-01-08,East,Home & Kitchen,10766.13,269,False,
2025-01-08,West,Home & Kitchen,10705.66,290,False,
2025-01-08,North,Electronics,12652.18,219,False,
2025-01-08,North,Apparel,15144.52,234,False,
2025-01-08,North,Home & Kitchen,17505.58,326,False,
2025-01-08,South,Electronics,9396.57,190,False,
2025-01-08,South,Home & Kitchen,10148.0,186,False,
2025-01-08,West,Sports,12671.42,252,False,
2025-01-08,West,Electronics,10660.64,227,False,
2025-01-08,West,Groceries,15501.73,287,False,
2025-01-08,East,Groceries,11115.35,196,False,
2025-01-08,East,Sports,5830.37,155,False,
2025-01-08,West,Apparel,12326.18,188,False,
2025-01-08,North,Groceries,12881.78,215,False,
2025-01-08,South,Apparel,9059.38,171,False,
2025-01-08,East,Apparel,11548.24,225,False,
2025-01-08,North,Sports,14480.88,336,False,
2025-01-08,South,Sports,6969.73,123,False,
2025-01-09,North,Sports,16271.62,232,False,
2025-01-09,East,Sports,7786.65,140,False,
2025-01-09,South,Electronics,11835.38,225,False,
2025-01-09,South,Apparel,10657.94,175,False,
2025-01-09,East,Home & Kitchen,8919.29,222,False,
2025-01-09,West,Home & Kitchen,9828.17,168,False,
2025-01-09,North,Apparel,15555.09,348,False,
2025-01-09,West,Sports,9903.5,239,False,
2025-01-09,East,Groceries,11577.34,212,False,
2025-01-09,East,Apparel,12759.24,185,False,
2025-01-09,West,Apparel,14407.78,269,False,
2025-01-09,North,Groceries,14876.77,286,False,
2025-01-09,West,Electronics,10476.1,206,False,
2025-01-09,North,Electronics,13363.38,340,False,
2025-01-09,West,Groceries,14427.1,310,False,
2025-01-09,South,Sports,6375.82,148,False,
2025-01-09,South,Home & Kitchen,9369.57,185,False,
2025-01-09,South,Groceries,8177.42,139,False,
2025-01-09,East,Electronics,10663.27,208,False,
2025-01-09,North,Home & Kitchen,16615.07,322,False,
2025-01-10,West,Groceries,15720.7,271,False,
2025-01-10,West,Home & Kitchen,11448.44,211,False,
2025-01-10,East,Groceries,12152.98,222,False,
2025-01-10,North,Apparel,18597.73,293,False,
2025-01-10,North,Sports,15053.59,234,False,
2025-01-10,East,Electronics,11294.58,216,False,
2025-01-10,West,Sports,10053.45,193,False,
2025-01-10,East,Sports,6577.18,127,False,
2025-01-10,East,Home & Kitchen,8015.91,204,False,
2025-01-10,West,Electronics,11438.29,219,False,
2025-01-10,North,Home & Kitchen,17910.34,383,False,
2025-01-10,South,Groceries,9242.66,162,False,
2025-01-10,South,Home & Kitchen,9012.2,242,False,
2025-01-10,South,Sports,7066.13,111,False,
2025-01-10,South,Apparel,9399.22,186,False,
2025-01-10,North,Groceries,13469.79,299,False,
2025-01-10,West,Apparel,16329.94,399,False,
2025-01-10,East,Apparel,11668.08,194,False,
2025-01-10,North,Electronics,13266.54,231,False,
2025-01-10,South,Electronics,10107.55,173,False,
2025-01-11,South,Groceries,9678.59,270,False,
2025-01-11,North,Apparel,18755.67,440,False,
2025-01-11,South,Apparel,10701.17,222,False,
2025-01-11,East,Electronics,13086.01,265,False,
2025-01-11,North,Sports,20230.08,464,False,
2025-01-11,East,Sports,8092.67,140,False,
2025-01-11,South,Electronics,13205.49,294,False,
2025-01-11,West,Electronics,12682.05,211,False,
2025-01-11,South,Sports,8125.69,157,False,
2025-01-11,North,Groceries,16471.69,429,False,
2025-01-11,West,Groceries,17868.96,385,False,
2025-01-11,North,Electronics,14151.56,316,False,
2025-01-11,West,Sports,12804.96,316,False,
2025-01-11,West,Apparel,17615.97,311,False,
2025-01-11,East,Apparel,12238.4,204,False,
2025-01-11,North,Home & Kitchen,19977.72,358,False,
2025-01-11,East,Home & Kitchen,9119.36,184,False,
2025-01-11,West,Home & Kitchen,13655.63,249,False,
2025-01-11,East,Groceries,14310.88,312,False,
2025-01-11,South,Home & Kitchen,9145.64,192,False,
2025-01-12,West,Apparel,16025.68,320,False,
2025-01-12,South,Apparel,11359.62,226,False,
2025-01-12,North,Sports,16546.25,347,False,
2025-01-12,East,Electronics,12628.01,274,False,
2025-01-12,West,Home & Kitchen,13389.24,295,False,
2025-01-12,East,Sports,8178.39,168,False,
2025-01-12,East,Groceries,13526.99,324,False,
2025-01-12,West,Electronics,14087.38,247,False,
2025-01-12,North,Groceries,16339.6,311,False,
2025-01-12,East,Home & Kitchen,9147.76,221,False,
2025-01-12,East,Apparel,12173.71,211,False,
2025-01-12,North,Apparel,20869.27,501,False,
2025-01-12,North,Home & Kitchen,21471.0,476,False,
2025-01-12,South,Home & Kitchen,9433.28,145,False,
2025-01-12,South,Electronics,13096.3,307,False,
2025-01-12,West,Groceries,19002.64,379,False,
2025-01-12,West,Sports,13798.94,239,False,
2025-01-12,North,Electronics,16097.78,346,False,
2025-01-12,South,Sports,7984.27,148,False,
2025-01-12,South,Groceries,9943.25,240,False,
2025-01-13,West,Apparel,16254.13,396,False,
2025-01-13,North,Groceries,13896.8,287,False,
2025-01-13,North,Home & Kitchen,19205.99,460,False,
2025-01-13,East,Sports,6573.62,131,False,
2025-01-13,North,Apparel,15330.63,373,False,
2025-01-13,West,Groceries,14329.61,314,False,
2025-01-13,North,Electronics,11998.25,241,False,
2025-01-13,West,Home & Kitchen,12304.23,260,False,
2025-01-13,South,Sports,7035.66,102,False,
2025-01-13,East,Groceries,10750.75,194,False,
2025-01-13,South,Electronics,10641.82,200,False,
2025-01-13,East,Home & Kitchen,10607.64,250,False,
2025-01-13,South,Apparel,9285.63,139,False,
2025-01-13,West,Sports,10588.4,162,False,
2025-01-13,West,Electronics,10625.8,234,False,
2025-01-13,North,Sports,14894.12,218,False,
2025-01-13,East,Apparel,13086.53,256,False,
2025-01-13,East,Electronics,9559.16,177,False,
2025-01-13,South,Groceries,9060.1,169,False,
2025-01-13,South,Home & Kitchen,9648.51,226,False,
2025-01-14,East,Groceries,11226.27,266,False,
2025-01-14,North,Groceries,14770.26,422,False,
2025-01-14,East,Electronics,10666.62,182,False,
2025-01-14,South,Home & Kitchen,9243.96,210,False,
2025-01-14,West,Groceries,14527.16,363,False,
2025-01-14,East,Apparel,11787.81,203,False,
2025-01-14,South,Apparel,9763.21,216,False,
2025-01-14,South,Sports,6775.97,135,False,
2025-01-14,South,Groceries,8493.16,204,False,
2025-01-14,North,Apparel,15657.2,276,False,
2025-01-14,South,Electronics,11309.64,198,False,
2025-01-14,North,Home & Kitchen,16584.79,390,False,
2025-01-14,East,Sports,6683.98,142,False,
2025-01-14,West,Electronics,10934.35,184,False,
2025-01-14,North,Electronics,13410.98,242,False,
2025-01-14,West,Home & Kitchen,11824.36,243,False,
2025-01-14,West,Apparel,14028.91,396,False,
2025-01-14,East,Home & Kitchen,10134.26,176,False,
2025-01-14,North,Sports,17195.96,427,False,
2025-01-14,West,Sports,11256.38,228,False,
2025-01-15,North,Electronics,12979.54,308,False,
2025-01-15,South,Sports,7472.64,130,False,
2025-01-15,West,Sports,11584.02,284,False,
2025-01-15,South,Electronics,11640.33,256,False,
2025-01-15,East,Home & Kitchen,8307.96,179,False,
2025-01-15,South,Apparel,9866.12,211,False,
2025-01-15,North,Sports,13943.61,247,False,
2025-01-15,East,Apparel,10906.15,263,False,
2025-01-15,South,Home & Kitchen,9700.28,195,False,
2025-01-15,West,Electronics,11379.63,280,False,
2025-01-15,East,Electronics,10526.23,234,False,
2025-01-15,West,Groceries,16407.18,297,False,
2025-01-15,South,Groceries,9330.72,181,False,
2025-01-15,West,Home & Kitchen,9542.86,161,False,
2025-01-15,North,Apparel,16305.21,285,False,
2025-01-15,West,Apparel,13796.36,277,False,
2025-01-15,East,Groceries,10330.98,253,False,
2025-01-15,North,Groceries,14312.65,299,False,
2025-01-15,North,Home & Kitchen,17689.76,276,False,
2025-01-15,East,Sports,7273.2,169,False,
2025-01-16,East,Sports,7243.02,133,False,
2025-01-16,South,Home & Kitchen,10377.57,186,False,
2025-01-16,East,Apparel,10285.12,158,False,
2025-01-16,North,Groceries,12642.68,235,False,
2025-01-16,North,Sports,15570.1,367,False,
2025-01-16,East,Groceries,11671.13,232,False,
2025-01-16,South,Apparel,9145.74,163,False,
2025-01-16,South,Groceries,7745.76,195,False,
2025-01-16,South,Electronics,11677.87,220,False,
2025-01-16,East,Home & Kitchen,9278.48,202,False,
2025-01-16,North,Home & Kitchen,17971.61,346,False,
2025-01-16,West,Sports,9661.96,209,False,
2025-01-16,West,Home & Kitchen,11565.89,204,False,
2025-01-16,South,Sports,6171.46,112,False,
2025-01-16,North,Apparel,16349.1,260,False,
2025-01-16,East,Electronics,9744.27,189,False,
2025-01-16,North,Electronics,13096.65,299,False,
2025-01-16,West,Groceries,15929.61,315,False,
2025-01-16,West,Apparel,14353.33,267,False,
2025-01-16,West,Electronics,11934.99,234,False,
2025-01-17,West,Apparel,13828.18,282,False,
2025-01-17,East,Apparel,12235.69,276,False,
2025-01-17,South,Groceries,8566.79,172,False,
2025-01-17,East,Groceries,12105.1,188,False,
2025-01-17,East,Electronics,8946.85,210,False,
2025-01-17,South,Electronics,12346.32,273,False,
2025-01-17,North,Apparel,16332.39,329,False,
2025-01-17,North,Electronics,13171.24,211,False,
2025-01-17,North,Sports,14033.74,283,False,
2025-01-17,East,Sports,6354.97,136,False,
2025-01-17,West,Sports,11911.51,225,False,
2025-01-17,North,Home & Kitchen,16715.21,298,False,
2025-01-17,South,Home & Kitchen,9264.55,184,False,
2025-01-17,East,Home & Kitchen,9176.27,191,False,
2025-01-17,North,Groceries,14473.14,323,False,
2025-01-17,West,Home & Kitchen,11929.35,231,False,
2025-01-17,West,Groceries,15746.51,287,False,
2025-01-17,South,Apparel,10375.59,176,False,
2025-01-17,West,Electronics,12390.71,260,False,
2025-01-17,South,Sports,7588.57,137,False,
2025-01-18,North,Home & Kitchen,20785.51,571,False,
2025-01-18,North,Apparel,18943.16,348,False,
2025-01-18,East,Sports,7319.1,200,False,
2025-01-18,South,Groceries,10486.85,218,False,
2025-01-18,East,Groceries,12839.02,258,False,
2025-01-18,North,Groceries,17210.27,284,False,
2025-01-18,South,Sports,7564.64,183,False,
2025-01-18,West,Apparel,16501.82,371,False,
2025-01-18,South,Electronics,14708.04,320,False,
2025-01-18,East,Electronics,12438.0,238,False,
2025-01-18,East,Home & Kitchen,10690.82,178,False,
2025-01-18,West,Home & Kitchen,11698.43,194,False,
2025-01-18,North,Sports,16918.65,405,False,
2025-01-18,West,Electronics,13478.53,264,False,
2025-01-18,West,Sports,13149.16,327,False,
2025-01-18,South,Apparel,10453.6,275,False,
2025-01-18,West,Groceries,17281.52,250,False,
2025-01-18,North,Electronics,14433.74,274,False,
2025-01-18,South,Home & Kitchen,10524.4,290,False,
2025-01-18,East,Apparel,14998.72,306,False,
2025-01-19,South,Apparel,9328.79,187,False,
2025-01-19,West,Sports,14190.09,339,False,
2025-01-19,North,Apparel,19264.09,384,False,
2025-01-19,North,Groceries,14992.37,275,False,
2025-01-19,East,Home & Kitchen,11119.37,243,False,
2025-01-19,North,Home & Kitchen,21004.53,387,False,
2025-01-19,West,Home & Kitchen,12873.19,223,False,
2025-01-19,West,Electronics,13886.08,217,False,
2025-01-19,South,Groceries,9869.65,172,False,
2025-01-19,West,Groceries,15495.48,351,False,
2025-01-19,North,Sports,17466.94,356,False,
2025-01-19,North,Electronics,14494.37,313,False,
2025-01-19,East,Sports,6545.09,124,False,
2025-01-19,South,Sports,8035.53,151,False,
2025-01-19,East,Electronics,14152.15,274,False,
2025-01-19,East,Groceries,14115.01,261,False,
2025-01-19,South,Home & Kitchen,11336.63,228,False,
2025-01-19,South,Electronics,12029.02,174,False,
2025-01-19,East,Apparel,13439.28,283,False,
2025-01-19,West,Apparel,15816.75,301,False,
2025-01-20,South,Sports,7457.75,143,False,
2025-01-20,East,Home & Kitchen,10195.43,181,False,
2025-01-20,South,Home & Kitchen,9230.56,189,False,
2025-01-20,East,Apparel,10856.86,221,False,
2025-01-20,West,Sports,11928.72,342,False,
2025-01-20,West,Apparel,13531.76,219,False,
2025-01-20,West,Home & Kitchen,10580.26,246,False,
2025-01-20,West,Electronics,12492.88,319,False,
2025-01-20,East,Electronics,9238.44,214,False,
2025-01-20,East,Sports,6873.43,108,False,
2025-01-20,North,Sports,15597.19,225,False,
2025-01-20,South,Apparel,7973.39,150,False,
2025-01-20,North,Electronics,13893.3,261,False,
2025-01-20,North,Home & Kitchen,16037.53,269,False,
2025-01-20,West,Groceries,14970.84,293,False,
2025-01-20,North,Apparel,19008.48,321,False,
2025-01-20,East,Groceries,12133.46,252,False,
2025-01-20,North,Groceries,12011.58,226,False,
2025-01-20,South,Electronics,10923.04,225,False,
2025-01-20,South,Groceries,9882.15,274,False,
2025-01-21,South,Groceries,9292.73,231,False,
2025-01-21,North,Sports,17054.89,398,False,
2025-01-21,West,Apparel,13948.14,322,False,
2025-01-21,West,Groceries,13866.43,364,False,
2025-01-21,West,Electronics,11560.19,231,False,
2025-01-21,South,Sports,7438.14,180,False,
2025-01-21,West,Home & Kitchen,12327.95,268,False,
2025-01-21,North,Home & Kitchen,16393.91,281,False,
2025-01-21,East,Electronics,10371.97,185,False,
2025-01-21,East,Sports,6842.74,123,False,
2025-01-21,South,Electronics,11426.71,293,False,
2025-01-21,East,Home & Kitchen,10124.04,149,False,
2025-01-21,West,Sports,11650.88,231,False,
2025-01-21,East,Apparel,12761.16,268,False,
2025-01-21,North,Electronics,13069.44,274,False,
2025-01-21,South,Apparel,9765.69,169,False,
2025-01-21,North,Groceries,14649.35,265,False,
2025-01-21,North,Apparel,15993.23,310,False,
2025-01-21,East,Groceries,11931.56,272,False,
2025-01-21,South,Home & Kitchen,9546.7,209,False,
2025-01-22,North,Electronics,13727.72,322,False,
2025-01-22,East,Groceries,10778.44,206,False,
2025-01-22,East,Electronics,11134.55,224,False,
2025-01-22,West,Home & Kitchen,11508.15,224,False,
2025-01-22,South,Home & Kitchen,9128.5,236,False,
2025-01-22,East,Home & Kitchen,8553.27,193,False,
2025-01-22,West,Apparel,13287.0,237,False,
2025-01-22,South,Groceries,8730.66,158,False,
2025-01-22,North,Sports,14392.89,237,False,
2025-01-22,North,Home & Kitchen,16605.31,406,False,
2025-01-22,West,Sports,11087.48,227,False,
2025-01-22,North,Apparel,17361.96,439,False,
2025-01-22,North,Groceries,14443.61,234,False,
2025-01-22,South,Electronics,11762.79,256,False,
2025-01-22,South,Apparel,10095.46,226,False,
2025-01-22,West,Groceries,16252.65,303,False,
2025-01-22,South,Sports,7266.85,127,False,
2025-01-22,West,Electronics,12105.92,336,False,
2025-01-22,East,Sports,6837.5,111,False,
2025-01-22,East,Apparel,10035.52,199,False,
2025-01-23,East,Groceries,10058.72,194,False,
2025-01-23,West,Apparel,14438.83,273,False,
2025-01-23,East,Sports,6050.69,127,False,
2025-01-23,South,Home & Kitchen,9623.47,213,False,
2025-01-23,South,Electronics,9144.78,200,False,
2025-01-23,East,Apparel,13250.39,287,False,
2025-01-23,North,Apparel,18117.35,414,False,
2025-01-23,East,Electronics,11380.22,306,False,
2025-01-23,North,Sports,16837.61,361,False,
2025-01-23,South,Sports,7479.63,127,False,
2025-01-23,South,Groceries,9802.34,157,False,
2025-01-23,West,Sports,12295.39,250,False,
2025-01-23,West,Home & Kitchen,13767.88,278,False,
2025-01-23,West,Groceries,15050.4,288,False,
2025-01-23,West,Electronics,12465.28,296,False,
2025-01-23,North,Groceries,13516.54,299,False,
2025-01-23,North,Electronics,13801.93,249,False,
2025-01-23,East,Home & Kitchen,9488.9,217,False,
2025-01-23,North,Home & Kitchen,16752.56,351,False,
2025-01-23,South,Apparel,9490.2,230,False,
2025-01-24,West,Home & Kitchen,13306.4,201,False,
2025-01-24,East,Apparel,11512.45,229,False,
2025-01-24,East,Sports,6820.26,132,False,
2025-01-24,South,Apparel,10062.29,182,False,
2025-01-24,North,Home & Kitchen,18622.54,384,False,
2025-01-24,East,Home & Kitchen,9778.85,206,False,
2025-01-24,North,Groceries,11728.99,221,False,
2025-01-24,West,Groceries,13969.98,289,False,
2025-01-24,South,Home & Kitchen,8539.93,169,False,
2025-01-24,West,Electronics,12124.82,198,False,
2025-01-24,South,Sports,6050.88,105,False,
2025-01-24,South,Groceries,7884.7,152,False,
2025-01-24,East,Electronics,10478.0,222,False,
2025-01-24,West,Apparel,15280.13,325,False,
2025-01-24,North,Sports,16996.58,334,False,
2025-01-24,West,Sports,12261.51,261,False,
2025-01-24,South,Electronics,11197.5,195,False,
2025-01-24,North,Apparel,17112.23,344,False,
2025-01-24,North,Electronics,11750.85,299,False,
2025-01-24,East,Groceries,10186.22,232,False,
2025-01-25,South,Groceries,9514.93,237,False,
2025-01-25,North,Electronics,15038.26,270,False,
2025-01-25,East,Electronics,12079.31,249,False,
2025-01-25,West,Electronics,13963.62,194,False,
2025-01-25,West,Apparel,16591.62,294,False,
2025-01-25,South,Electronics,11552.57,251,False,
2025-01-25,North,Sports,15633.64,262,False,
2025-01-25,South,Home & Kitchen,11415.48,198,False,
2025-01-25,West,Groceries,19350.36,409,False,
2025-01-25,South,Apparel,10435.9,221,False,
2025-01-25,West,Sports,14290.22,318,False,
2025-01-25,East,Sports,7759.55,161,False,
2025-01-25,East,Home & Kitchen,10265.62,173,False,
2025-01-25,North,Apparel,19439.93,387,False,
2025-01-25,West,Home & Kitchen,12671.37,224,False,
2025-01-25,East,Apparel,14278.04,277,False,
2025-01-25,North,Home & Kitchen,19387.52,539,False,
2025-01-25,North,Groceries,15535.29,396,False,
2025-01-25,South,Sports,7474.29,136,False,
2025-01-25,East,Groceries,13318.12,196,False,
2025-01-26,East,Groceries,13680.24,244,False,
2025-01-26,South,Groceries,10431.77,242,False,
2025-01-26,South,Apparel,10019.69,220,False,
2025-01-26,West,Electronics,13776.41,284,False,
2025-01-26,East,Sports,7907.81,160,False,
2025-01-26,North,Groceries,14529.06,267,False,
2025-01-26,West,Groceries,17108.59,393,False,
2025-01-26,North,Sports,18676.77,290,False,
2025-01-26,South,Home & Kitchen,10771.03,248,False,
2025-01-26,North,Home & Kitchen,18916.24,366,False,
2025-01-26,West,Sports,13329.56,248,False,
2025-01-26,East,Home & Kitchen,10624.2,275,False,
2025-01-26,West,Apparel,17060.61,332,False,
2025-01-26,South,Electronics,13227.53,235,False,
2025-01-26,South,Sports,8724.94,202,False,
2025-01-26,East,Apparel,13679.28,279,False,
2025-01-26,East,Electronics,10707.71,250,False,
2025-01-26,North,Apparel,15499.64,311,False,
2025-01-26,West,Home & Kitchen,13387.23,275,False,
2025-01-26,North,Electronics,15065.57,273,False,
2025-01-27,North,Apparel,16286.67,302,False,
2025-01-27,South,Home & Kitchen,10374.63,206,False,
2025-01-27,West,Electronics,12558.3,208,False,
2025-01-27,East,Home & Kitchen,9268.3,188,False,
2025-01-27,West,Sports,11523.93,232,False,
2025-01-27,South,Electronics,10596.55,208,False,
2025-01-27,South,Groceries,7145.52,153,False,
2025-01-27,North,Groceries,14680.7,277,False,
2025-01-27,West,Home & Kitchen,12013.19,220,False,
2025-01-27,East,Apparel,12220.87,295,False,
2025-01-27,East,Groceries,11129.08,266,False,
2025-01-27,East,Electronics,11169.82,218,False,
2025-01-27,South,Sports,6166.92,103,False,
2025-01-27,North,Home & Kitchen,14527.26,262,False,
2025-01-27,West,Groceries,15173.93,411,False,
2025-01-27,North,Sports,15123.84,303,False,
2025-01-27,South,Apparel,9250.26,201,False,
2025-01-27,East,Sports,6950.99,151,False,
2025-01-27,North,Electronics,13416.39,298,False,
2025-01-27,West,Apparel,11957.22,296,False,
2025-01-28,North,Apparel,15460.47,377,False,
2025-01-28,West,Groceries,17471.59,380,False,
2025-01-28,North,Electronics,12554.91,241,False,
2025-01-28,East,Sports,7364.39,179,False,
2025-01-28,East,Home & Kitchen,8146.08,160,False,
2025-01-28,South,Groceries,10325.99,180,False,
2025-01-28,West,Home & Kitchen,11673.35,232,False,
2025-01-28,East,Groceries,12895.51,235,False,
2025-01-28,East,Apparel,14605.79,195,False,
2025-01-28,South,Electronics,11222.47,248,False,
2025-01-28,East,Electronics,9912.36,167,False,
2025-01-28,West,Apparel,13725.18,196,False,
2025-01-28,North,Home & Kitchen,18432.58,420,False,
2025-01-28,South,Sports,6686.22,173,False,
2025-01-28,South,Apparel,10033.6,166,False,
2025-01-28,North,Groceries,12216.5,235,False,
2025-01-28,West,Sports,11596.54,217,False,
2025-01-28,West,Electronics,10107.14,222,False,
2025-01-28,South,Home & Kitchen,10661.86,209,False,
2025-01-28,North,Sports,13329.35,259,False,
2025-01-29,South,Sports,7342.51,147,False,
2025-01-29,West,Sports,13074.04,330,False,
2025-01-29,East,Home & Kitchen,9581.35,218,False,
2025-01-29,South,Apparel,9448.31,184,False,
2025-01-29,South,Home & Kitchen,9349.49,121,False,
2025-01-29,North,Groceries,14046.7,252,False,
2025-01-29,North,Sports,17718.66,414,False,
2025-01-29,West,Apparel,13200.83,270,False,
2025-01-29,East,Sports,6515.15,140,False,
2025-01-29,East,Electronics,8495.67,237,False,
2025-01-29,West,Electronics,12917.81,284,False,
2025-01-29,West,Home & Kitchen,10644.36,201,False,
2025-01-29,East,Apparel,12149.81,212,False,
2025-01-29,South,Electronics,10279.79,238,False,
2025-01-29,North,Home & Kitchen,18757.19,288,False,
2025-01-29,North,Apparel,19212.69,456,False,
2025-01-29,North,Electronics,12470.82,261,False,
2025-01-29,South,Groceries,8877.57,177,False,
2025-01-29,West,Groceries,15318.96,253,False,
2025-01-29,East,Groceries,9140.49,163,False,
2025-01-30,East,Apparel,11649.89,285,False,
2025-01-30,West,Apparel,15035.26,289,False,
2025-01-30,North,Sports,16387.18,296,False,
2025-01-30,North,Groceries,13929.4,257,False,
2025-01-30,East,Sports,6677.7,166,False,
2025-01-30,West,Electronics,10398.95,193,False,
2025-01-30,East,Home & Kitchen,9744.05,214,False,
2025-01-30,South,Home & Kitchen,9517.6,191,False,
2025-01-30,North,Home & Kitchen,18173.82,436,False,
2025-01-30,South,Sports,7484.21,143,False,
2025-01-30,South,Apparel,7598.06,138,False,
2025-01-30,West,Home & Kitchen,12815.79,253,False,
2025-01-30,West,Sports,9533.6,205,False,
2025-01-30,North,Electronics,13427.51,271,False,
2025-01-30,South,Groceries,9878.46,247,False,
2025-01-30,East,Groceries,13676.59,291,False,
2025-01-30,West,Groceries,17184.92,298,False,
2025-01-30,North,Apparel,15256.67,303,False,
2025-01-30,South,Electronics,10447.45,183,False,
2025-01-30,East,Electronics,11864.37,256,False,
2025-01-31,West,Apparel,14183.37,259,False,
2025-01-31,South,Groceries,10152.8,267,False,
2025-01-31,North,Electronics,12532.12,198,False,
2025-01-31,West,Home & Kitchen,11215.01,213,False,
2025-01-31,East,Home & Kitchen,9012.42,186,False,
2025-01-31,South,Sports,8043.26,167,False,
2025-01-31,North,Sports,15799.02,264,False,
2025-01-31,North,Apparel,15468.44,235,False,
2025-01-31,South,Electronics,9913.28,209,False,
2025-01-31,East,Electronics,10524.1,192,False,
2025-01-31,East,Groceries,12445.12,263,False,
2025-01-31,East,Sports,6660.56,121,False,
2025-01-31,South,Home & Kitchen,11129.45,253,False,
2025-01-31,West,Electronics,12453.71,251,False,
2025-01-31,West,Groceries,14504.68,199,False,
2025-01-31,North,Groceries,12971.18,185,False,
2025-01-31,South,Apparel,9551.2,193,False,
2025-01-31,North,Home & Kitchen,19120.5,430,False,
2025-01-31,West,Sports,11782.6,285,False,
2025-01-31,East,Apparel,10989.73,190,False,
2025-02-01,East,Groceries,12294.27,238,False,
2025-02-01,South,Home & Kitchen,10415.44,243,False,
2025-02-01,West,Apparel,18457.65,371,False,
2025-02-01,North,Home & Kitchen,17637.04,314,False,
2025-02-01,North,Sports,16261.52,317,False,
2025-02-01,South,Sports,8310.52,180,False,
2025-02-01,South,Groceries,10904.41,288,False,
2025-02-01,North,Electronics,13197.27,280,False,
2025-02-01,North,Apparel,18163.29,394,False,
2025-02-01,South,Electronics,12622.42,274,False,
2025-02-01,East,Apparel,12882.77,207,False,
2025-02-01,East,Sports,8085.53,136,False,
2025-02-01,West,Electronics,13346.18,256,False,
2025-02-01,West,Groceries,17668.32,371,False,
2025-02-01,North,Groceries,15160.06,265,False,
2025-02-01,South,Apparel,11005.23,243,False,
2025-02-01,West,Sports,12341.06,238,False,
2025-02-01,East,Electronics,12657.77,304,False,
2025-02-01,East,Home & Kitchen,9678.85,165,False,
2025-02-01,West,Home & Kitchen,14008.72,279,False,
2025-02-02,West,Apparel,15137.72,295,False,
2025-02-02,East,Sports,7229.19,164,False,
2025-02-02,South,Apparel,10423.35,168,False,
2025-02-02,West,Electronics,12865.65,243,False,
2025-02-02,North,Home & Kitchen,18898.59,428,False,
2025-02-02,East,Apparel,13313.03,275,False,
2025-02-02,South,Electronics,13491.39,303,False,
2025-02-02,East,Home & Kitchen,12081.9,263,False,
2025-02-02,South,Sports,8357.38,169,False,
2025-02-02,South,Home & Kitchen,12562.67,218,False,
2025-02-02,East,Groceries,12320.06,243,False,
2025-02-02,North,Groceries,16173.28,311,False,
2025-02-02,North,Apparel,19999.12,468,False,
2025-02-02,West,Groceries,18119.35,362,False,
2025-02-02,East,Electronics,11890.13,189,False,
2025-02-02,South,Groceries,11212.89,187,False,
2025-02-02,North,Electronics,15410.77,274,False,
2025-02-02,West,Home & Kitchen,12711.74,247,False,
2025-02-02,West,Sports,12686.85,299,False,
2025-02-02,North,Sports,18317.59,521,False,
2025-02-03,East,Apparel,11456.91,180,False,
2025-02-03,West,Apparel,14236.19,280,False,
2025-02-03,North,Home & Kitchen,18196.69,265,False,
2025-02-03,West,Home & Kitchen,10826.49,219,False,
2025-02-03,West,Electronics,12899.64,243,False,
2025-02-03,South,Apparel,10598.41,181,False,
2025-02-03,East,Sports,7394.3,180,False,
2025-02-03,West,Groceries,14921.48,377,False,
2025-02-03,East,Home & Kitchen,8696.67,220,False,
2025-02-03,West,Sports,12370.89,278,False,
2025-02-03,South,Electronics,11511.45,185,False,
2025-02-03,North,Sports,15422.08,273,False,
2025-02-03,South,Groceries,9988.03,162,False,
2025-02-03,North,Groceries,14126.73,338,False,
2025-02-03,North,Apparel,15759.68,380,False,
2025-02-03,South,Sports,7153.72,143,False,
2025-02-03,North,Electronics,14342.77,277,False,
2025-02-03,South,Home & Kitchen,8869.41,188,False,
2025-02-03,East,Electronics,12040.22,241,False,
2025-02-03,East,Groceries,11168.5,197,False,
2025-02-04,South,Electronics,9218.01,171,False,
2025-02-04,North,Groceries,12469.89,210,False,
2025-02-04,West,Groceries,13556.61,341,False,
2025-02-04,East,Sports,7054.22,187,False,
2025-02-04,South,Apparel,9435.92,179,False,
2025-02-04,North,Electronics,12028.44,239,False,
2025-02-04,South,Home & Kitchen,9696.56,178,False,
2025-02-04,West,Home & Kitchen,12689.86,235,False,
2025-02-04,West,Apparel,14321.54,306,False,
2025-02-04,North,Apparel,14991.63,268,False,
2025-02-04,North,Home & Kitchen,20743.22,323,False,
2025-02-04,East,Apparel,12569.67,355,False,
2025-02-04,South,Groceries,8969.61,173,False,
2025-02-04,East,Groceries,11025.26,181,False,
2025-02-04,East,Electronics,10738.85,232,False,
2025-02-04,North,Sports,13763.6,359,False,
2025-02-04,East,Home & Kitchen,9734.52,188,False,
2025-02-04,West,Electronics,12514.75,209,False,
2025-02-04,South,Sports,6912.93,124,False,
2025-02-04,West,Sports,10792.93,230,False,
2025-02-05,South,Apparel,9120.84,184,False,
2025-02-05,East,Home & Kitchen,9312.58,146,False,
2025-02-05,South,Groceries,8784.49,152,False,
2025-02-05,North,Apparel,17682.25,352,False,
2025-02-05,East,Apparel,13499.94,212,False,
2025-02-05,North,Electronics,12653.58,213,False,
2025-02-05,East,Sports,7680.42,166,False,
2025-02-05,South,Home & Kitchen,9918.3,163,False,
2025-02-05,West,Groceries,15214.0,311,False,
2025-02-05,North,Home & Kitchen,19815.29,462,False,
2025-02-05,East,Groceries,11152.38,272,False,
2025-02-05,West,Home & Kitchen,11942.61,261,False,
2025-02-05,West,Apparel,16359.2,366,False,
2025-02-05,South,Electronics,11322.56,206,False,
2025-02-05,South,Sports,7857.33,142,False,
2025-02-05,North,Groceries,14239.35,251,False,
2025-02-05,West,Electronics,11218.06,171,False,
2025-02-05,North,Sports,18478.42,400,False,
2025-02-05,West,Sports,10999.89,248,False,
2025-02-05,East,Electronics,11987.19,285,False,
2025-02-06,South,Sports,6399.65,179,False,
2025-02-06,North,Home & Kitchen,18442.72,393,False,
2025-02-06,East,Apparel,13718.09,252,False,
2025-02-06,South,Groceries,9562.46,167,False,
2025-02-06,East,Home & Kitchen,9678.7,218,False,
2025-02-06,North,Apparel,18224.07,333,False,
2025-02-06,West,Electronics,11439.76,261,False,
2025-02-06,South,Home & Kitchen,9538.35,156,False,
2025-02-06,West,Sports,11570.71,225,False,
2025-02-06,East,Groceries,10538.67,237,False,
2025-02-06,South,Electronics,10130.02,214,False,
2025-02-06,North,Groceries,12200.19,213,False,
2025-02-06,North,Sports,14727.55,353,False,
2025-02-06,East,Electronics,10966.98,286,False,
2025-02-06,West,Home & Kitchen,12890.26,250,False,
2025-02-06,West,Groceries,15478.73,372,False,
2025-02-06,South,Apparel,9260.29,150,False,
2025-02-06,West,Apparel,12240.0,201,False,
2025-02-06,East,Sports,7781.8,170,False,
2025-02-06,North,Electronics,13465.6,245,False,
2025-02-07,West,Electronics,12142.46,296,False,
2025-02-07,West,Apparel,14500.68,373,False,
2025-02-07,West,Groceries,14890.74,264,False,
2025-02-07,East,Home & Kitchen,9322.41,158,False,
2025-02-07,South,Groceries,9112.53,158,False,
2025-02-07,West,Sports,11156.75,208,False,
2025-02-07,North,Electronics,11514.08,197,False,
2025-02-07,North,Apparel,19484.26,330,False,
2025-02-07,South,Home & Kitchen,10962.57,166,False,
2025-02-07,East,Sports,6304.75,111,False,
2025-02-07,West,Home & Kitchen,12526.47,283,False,
2025-02-07,North,Groceries,13907.98,363,False,
2025-02-07,East,Electronics,12232.66,287,False,
2025-02-07,North,Sports,15381.0,354,False,
2025-02-07,South,Electronics,12753.97,277,False,
2025-02-07,East,Apparel,11741.96,255,False,
2025-02-07,North,Home & Kitchen,19059.96,441,False,
2025-02-07,East,Groceries,9850.22,207,False,
2025-02-07,South,Sports,6527.24,146,False,
2025-02-07,South,Apparel,9597.74,160,False,
2025-02-08,North,Apparel,17976.2,362,False,
2025-02-08,North,Electronics,15260.29,336,False,
2025-02-08,East,Apparel,13716.2,302,False,
2025-02-08,South,Home & Kitchen,11006.71,207,False,
2025-02-08,West,Sports,13076.01,292,False,
2025-02-08,East,Home & Kitchen,10777.99,247,False,
2025-02-08,East,Sports,6858.39,91,False,
2025-02-08,East,Groceries,12379.36,216,False,
2025-02-08,West,Apparel,17970.6,387,False,
2025-02-08,North,Groceries,15655.67,259,False,
2025-02-08,South,Groceries,9301.93,207,False,
2025-02-08,West,Electronics,12754.66,266,False,
2025-02-08,North,Home & Kitchen,18145.58,465,False,
2025-02-08,North,Sports,19175.77,415,False,
2025-02-08,South,Apparel,11149.68,202,False,
2025-02-08,West,Home & Kitchen,13600.45,270,False,
2025-02-08,West,Groceries,17744.02,401,False,
2025-02-08,South,Electronics,11867.4,241,False,
2025-02-08,East,Electronics,12185.21,246,False,
2025-02-08,South,Sports,7867.95,204,False,
2025-02-09,East,Groceries,11724.01,250,False,
2025-02-09,North,Electronics,14702.44,358,False,
2025-02-09,East,Home & Kitchen,11521.48,191,False,
2025-02-09,South,Sports,8626.24,134,False,
2025-02-09,West,Electronics,13717.11,212,False,
2025-02-09,South,Home & Kitchen,10401.7,164,False,
2025-02-09,South,Apparel,11466.61,249,False,
2025-02-09,East,Sports,7456.01,125,False,
2025-02-09,North,Groceries,16311.47,346,False,
2025-02-09,South,Groceries,10331.22,192,False,
2025-02-09,North,Sports,17335.04,336,False,
2025-02-09,West,Home & Kitchen,13755.54,240,False,
2025-02-09,South,Electronics,13491.01,301,False,
2025-02-09,North,Apparel,17370.43,373,False,
2025-02-09,West,Apparel,15254.32,323,False,
2025-02-09,East,Electronics,12760.7,272,False,
2025-02-09,West,Sports,14159.34,299,False,
2025-02-09,West,Groceries,17988.5,314,False,
2025-02-09,North,Home & Kitchen,22782.48,555,False,
2025-02-09,East,Apparel,12566.39,223,False,
2025-02-10,East,Apparel,12237.52,209,False,
2025-02-10,West,Sports,11847.36,237,False,
2025-02-10,North,Home & Kitchen,19423.74,313,False,
2025-02-10,South,Groceries,8357.0,154,False,
2025-02-10,South,Sports,7406.2,214,False,
2025-02-10,North,Sports,15840.61,330,False,
2025-02-10,West,Electronics,13957.42,289,False,
2025-02-10,North,Groceries,13193.67,342,False,
2025-02-10,South,Apparel,8755.98,208,False,
2025-02-10,East,Sports,6292.24,104,False,
2025-02-10,East,Groceries,13007.43,216,False,
2025-02-10,East,Electronics,10145.48,226,False,
2025-02-10,South,Electronics,11381.38,234,False,
2025-02-10,East,Home & Kitchen,8663.29,148,False,
2025-02-10,South,Home & Kitchen,10657.49,217,False,
2025-02-10,West,Apparel,14581.24,243,False,
2025-02-10,West,Groceries,14124.1,260,False,
2025-02-10,North,Electronics,13270.83,288,False,
2025-02-10,West,Home & Kitchen,11081.18,175,False,
2025-02-10,North,Apparel,16762.56,273,False,
2025-02-11,West,Electronics,11179.97,192,False,
2025-02-11,West,Sports,12423.84,258,False,
2025-02-11,North,Home & Kitchen,17357.05,407,False,
2025-02-11,North,Electronics,13420.83,281,False,
2025-02-11,South,Electronics,10719.07,218,False,
2025-02-11,South,Apparel,8957.69,153,False,
2025-02-11,South,Groceries,7885.82,160,False,
2025-02-11,West,Home & Kitchen,10319.25,238,False,
2025-02-11,East,Groceries,12687.62,278,False,
2025-02-11,East,Electronics,10806.28,255,False,
2025-02-11,North,Groceries,13920.96,210,False,
2025-02-11,North,Sports,16578.4,419,False,
2025-02-11,East,Sports,7599.0,168,False,
2025-02-11,South,Sports,8352.01,161,False,
2025-02-11,West,Groceries,14892.88,375,False,
2025-02-11,South,Home & Kitchen,10257.52,236,False,
2025-02-11,North,Apparel,15946.42,476,False,
2025-02-11,East,Apparel,12551.69,249,False,
2025-02-11,East,Home & Kitchen,9364.19,186,False,
2025-02-11,West,Apparel,13924.15,283,False,
2025-02-12,North,Groceries,13384.29,239,False,
2025-02-12,South,Groceries,9115.53,220,False,
2025-02-12,South,Electronics,13485.41,201,False,
2025-02-12,East,Apparel,12266.51,258,False,
2025-02-12,South,Apparel,8293.23,133,False,
2025-02-12,South,Sports,7592.47,176,False,
2025-02-12,West,Sports,11459.75,226,False,
2025-02-12,North,Electronics,12387.12,203,False,
2025-02-12,East,Electronics,9823.85,275,False,
2025-02-12,North,Sports,15807.74,298,False,
2025-02-12,North,Home & Kitchen,16812.29,359,False,
2025-02-12,East,Groceries,12533.46,267,False,
2025-02-12,West,Home & Kitchen,12561.22,260,False,
2025-02-12,West,Apparel,14984.9,303,False,
2025-02-12,West,Electronics,11527.46,243,False,
2025-02-12,East,Home & Kitchen,8540.23,142,False,
2025-02-12,North,Apparel,17321.82,315,False,
2025-02-12,West,Groceries,13624.64,263,False,
2025-02-12,South,Home & Kitchen,8213.63,142,False,
2025-02-12,East,Sports,6458.69,113,False,
2025-02-13,East,Electronics,10414.28,240,False,
2025-02-13,South,Sports,7059.6,137,False,
2025-02-13,East,Apparel,12171.16,192,False,
2025-02-13,North,Electronics,11623.67,219,False,
2025-02-13,West,Sports,11438.98,283,False,
2025-02-13,North,Apparel,16676.36,209,False,
2025-02-13,North,Home & Kitchen,18645.96,398,False,
2025-02-13,West,Apparel,15172.25,245,False,
2025-02-13,North,Sports,15979.37,287,False,
2025-02-13,West,Groceries,17215.38,379,False,
2025-02-13,South,Electronics,10555.93,211,False,
2025-02-13,South,Groceries,8354.74,204,False,
2025-02-13,East,Groceries,10186.36,219,False,
2025-02-13,East,Sports,7032.24,153,False,
2025-02-13,West,Home & Kitchen,13190.09,218,False,
2025-02-13,South,Home & Kitchen,9648.49,231,False,
2025-02-13,South,Apparel,8928.45,186,False,
2025-02-13,West,Electronics,12307.7,283,False,
2025-02-13,East,Home & Kitchen,8762.34,196,False,
2025-02-13,North,Groceries,13073.3,282,False,
2025-02-14,South,Groceries,8907.08,156,False,
2025-02-14,West,Apparel,14482.29,238,False,
2025-02-14,South,Electronics,10165.58,187,False,
2025-02-14,North,Home & Kitchen,18139.9,311,False,
2025-02-14,North,Sports,16039.71,305,False,
2025-02-14,East,Sports,6685.52,139,False,
2025-02-14,South,Apparel,10627.46,203,False,
2025-02-14,North,Electronics,11531.49,239,False,
2025-02-14,South,Sports,7343.99,185,False,
2025-02-14,East,Apparel,12357.29,235,False,
2025-02-14,East,Groceries,12518.28,212,False,
2025-02-14,East,Electronics,11515.89,305,False,
2025-02-14,West,Home & Kitchen,12734.7,330,False,
2025-02-14,West,Sports,11274.96,159,False,
2025-02-14,West,Groceries,14937.32,308,False,
2025-02-14,South,Home & Kitchen,8810.8,156,False,
2025-02-14,East,Home & Kitchen,8905.1,222,False,
2025-02-14,North,Apparel,15070.08,276,False,
2025-02-14,North,Groceries,14641.27,279,False,
2025-02-14,West,Electronics,11237.35,248,False,
2025-02-15,West,Home & Kitchen,14166.44,282,False,
2025-02-15,West,Groceries,14760.95,341,False,
2025-02-15,South,Groceries,8910.72,162,False,
2025-02-15,East,Apparel,12697.27,304,False,
2025-02-15,South,Sports,8190.13,148,False,
2025-02-15,North,Groceries,13684.06,244,False,
2025-02-15,East,Sports,7828.96,163,False,
2025-02-15,South,Electronics,13849.52,201,False,
2025-02-15,West,Electronics,14214.99,301,False,
2025-02-15,North,Apparel,17624.63,307,False,
2025-02-15,North,Home & Kitchen,22228.16,615,False,
2025-02-15,West,Apparel,17042.93,366,False,
2025-02-15,North,Electronics,16046.0,416,False,
2025-02-15,South,Apparel,11960.83,273,False,
2025-02-15,East,Groceries,10777.3,189,False,
2025-02-15,North,Sports,16925.45,303,False,
2025-02-15,East,Home & Kitchen,10399.65,161,False,
2025-02-15,West,Sports,12706.53,214,False,
2025-02-15,South,Home & Kitchen,11481.48,220,False,
2025-02-15,East,Electronics,12174.95,349,False,
2025-02-16,East,Electronics,12988.34,250,False,
2025-02-16,East,Home & Kitchen,11702.86,211,False,
2025-02-16,West,Sports,12574.12,287,False,
2025-02-16,West,Electronics,13715.88,241,False,
2025-02-16,East,Apparel,16369.8,278,False,
2025-02-16,North,Apparel,21511.83,459,False,
2025-02-16,West,Groceries,16715.35,331,False,
2025-02-16,North,Electronics,15544.56,237,False,
2025-02-16,East,Sports,8803.71,171,False,
2025-02-16,South,Apparel,13177.45,249,False,
2025-02-16,West,Home & Kitchen,14250.91,333,False,
2025-02-16,East,Groceries,13428.6,225,False,
2025-02-16,South,Home & Kitchen,11601.0,252,False,
2025-02-16,South,Sports,8489.99,182,False,
2025-02-16,North,Home & Kitchen,20954.24,407,False,
2025-02-16,South,Groceries,11285.7,220,False,
2025-02-16,South,Electronics,13604.58,257,False,
2025-02-16,North,Sports,18460.53,490,False,
2025-02-16,West,Apparel,18619.61,275,False,
2025-02-16,North,Groceries,17143.48,387,False,
2025-02-17,East,Sports,7797.59,199,False,
2025-02-17,South,Groceries,9113.61,158,False,
2025-02-17,North,Electronics,13370.61,274,False,
2025-02-17,North,Sports,14407.44,298,False,
2025-02-17,West,Electronics,10271.13,178,False,
2025-02-17,South,Apparel,9038.16,180,False,
2025-02-17,West,Apparel,14217.9,251,False,
2025-02-17,West,Home & Kitchen,12735.1,277,False,
2025-02-17,West,Groceries,14883.67,288,False,
2025-02-17,South,Sports,7165.3,172,False,
2025-02-17,West,Sports,11771.03,199,False,
2025-02-17,South,Home & Kitchen,10024.12,152,False,
2025-02-17,North,Groceries,12295.34,256,False,
2025-02-17,East,Electronics,10122.6,260,False,
2025-02-17,East,Home & Kitchen,8793.37,128,False,
2025-02-17,East,Groceries,10821.92,260,False,
2025-02-17,South,Electronics,11641.58,178,False,
2025-02-17,East,Apparel,12653.18,245,False,
2025-02-17,North,Apparel,15741.78,351,False,
2025-02-17,North,Home & Kitchen,17731.01,448,False,
2025-02-18,South,Electronics,12208.46,291,False,
2025-02-18,South,Apparel,10217.94,176,False,
2025-02-18,East,Home & Kitchen,8746.09,163,False,
2025-02-18,North,Home & Kitchen,17766.47,406,False,
2025-02-18,West,Apparel,13919.1,359,False,
2025-02-18,East,Electronics,9801.36,244,False,
2025-02-18,East,Groceries,10856.63,182,False,
2025-02-18,East,Sports,6752.93,120,False,
2025-02-18,South,Sports,6813.55,146,False,
2025-02-18,South,Groceries,10317.74,188,False,
2025-02-18,North,Electronics,12455.91,340,False,
2025-02-18,South,Home & Kitchen,9958.29,227,False,
2025-02-18,West,Groceries,13775.99,268,False,
2025-02-18,West,Electronics,10948.42,197,False,
2025-02-18,North,Sports,15940.3,289,False,
2025-02-18,West,Home & Kitchen,12384.93,285,False,
2025-02-18,West,Sports,13946.34,293,False,
2025-02-18,North,Apparel,16190.49,331,False,
2025-02-18,East,Apparel,11464.16,203,False,
2025-02-18,North,Groceries,15870.99,357,False,
2025-02-19,West,Groceries,13704.69,298,False,
2025-02-19,South,Sports,7454.15,110,False,
2025-02-19,North,Electronics,13268.88,277,False,
2025-02-19,East,Apparel,12932.28,253,False,
2025-02-19,South,Groceries,8357.64,178,False,
2025-02-19,North,Groceries,11547.07,224,False,
2025-02-19,East,Sports,6999.98,135,False,
2025-02-19,South,Apparel,9467.73,154,False,
2025-02-19,West,Apparel,13020.83,227,False,
2025-02-19,West,Sports,10198.22,180,False,
2025-02-19,West,Home & Kitchen,10263.36,260,False,
2025-02-19,East,Home & Kitchen,8164.99,138,False,
2025-02-19,West,Electronics,10864.23,297,False,
2025-02-19,South,Electronics,12644.54,284,False,
2025-02-19,North,Home & Kitchen,19826.36,335,False,
2025-02-19,East,Groceries,11277.22,202,False,
2025-02-19,North,Apparel,16235.94,240,False,
2025-02-19,South,Home & Kitchen,10236.26,216,False,
2025-02-19,North,Sports,12869.57,230,False,
2025-02-19,East,Electronics,12801.79,256,False,
2025-02-20,East,Home & Kitchen,9066.69,221,False,
2025-02-20,East,Groceries,10473.78,186,False,
2025-02-20,East,Apparel,12443.78,235,False,
2025-02-20,West,Electronics,10421.08,192,False,
2025-02-20,West,Home & Kitchen,11693.56,192,False,
2025-02-20,South,Apparel,8340.11,166,False,
2025-02-20,South,Home & Kitchen,10300.85,179,False,
2025-02-20,North,Home & Kitchen,18930.12,377,False,
2025-02-20,South,Electronics,11436.79,298,False,
2025-02-20,North,Electronics,11354.66,211,False,
2025-02-20,West,Groceries,16275.36,297,False,
2025-02-20,West,Sports,12383.35,263,False,
2025-02-20,East,Sports,7047.21,179,False,
2025-02-20,North,Groceries,13612.92,252,False,
2025-02-20,South,Sports,7068.99,152,False,
2025-02-20,North,Apparel,17109.22,328,False,
2025-02-20,North,Sports,13703.09,208,False,
2025-02-20,West,Apparel,15804.07,312,False,
2025-02-20,South,Groceries,8194.11,190,False,
2025-02-20,East,Electronics,10607.41,191,False,
2025-02-21,North,Sports,16555.34,322,False,
2025-02-21,North,Apparel,17036.85,389,False,
2025-02-21,East,Groceries,10395.06,219,False,
2025-02-21,East,Sports,7482.42,153,False,
2025-02-21,South,Home & Kitchen,9821.61,172,False,
2025-02-21,West,Home & Kitchen,11390.81,306,False,
2025-02-21,North,Groceries,14150.99,251,False,
2025-02-21,North,Home & Kitchen,18434.97,311,False,
2025-02-21,North,Electronics,14973.6,296,False,
2025-02-21,West,Groceries,14636.05,284,False,
2025-02-21,South,Groceries,8927.52,219,False,
2025-02-21,East,Home & Kitchen,10261.78,204,False,
2025-02-21,West,Sports,11044.64,241,False,
2025-02-21,South,Sports,7200.12,186,False,
2025-02-21,East,Apparel,11969.66,267,False,
2025-02-21,South,Electronics,11130.7,200,False,
2025-02-21,South,Apparel,9504.61,207,False,
2025-02-21,West,Apparel,14703.06,346,False,
2025-02-21,East,Electronics,10600.45,182,False,
2025-02-21,West,Electronics,11240.95,191,False,
2025-02-22,West,Electronics,14393.33,316,False,
2025-02-22,South,Home & Kitchen,11135.78,196,False,
2025-02-22,North,Sports,18980.89,322,False,
2025-02-22,North,Apparel,21989.75,345,False,
2025-02-22,East,Electronics,13129.01,223,False,
2025-02-22,South,Groceries,11031.51,183,False,
2025-02-22,East,Home & Kitchen,9999.52,171,False,
2025-02-22,South,Electronics,13179.24,294,False,
2025-02-22,West,Apparel,18866.36,361,False,
2025-02-22,North,Groceries,17719.19,437,False,
2025-02-22,North,Home & Kitchen,18328.54,424,False,
2025-02-22,West,Home & Kitchen,12831.09,220,False,
2025-02-22,West,Sports,14448.65,262,False,
2025-02-22,East,Groceries,13473.67,218,False,
2025-02-22,East,Apparel,14241.89,359,False,
2025-02-22,South,Sports,9081.96,237,False,
2025-02-22,East,Sports,8895.86,183,False,
2025-02-22,South,Apparel,12625.86,178,False,
2025-02-22,West,Groceries,16129.59,340,False,
2025-02-22,North,Electronics,14491.1,293,False,
2025-02-23,East,Electronics,12056.18,214,False,
2025-02-23,South,Home & Kitchen,10353.51,221,False,
2025-02-23,North,Electronics,14225.86,275,False,
2025-02-23,North,Apparel,22207.68,509,False,
2025-02-23,West,Apparel,16951.57,361,False,
2025-02-23,South,Sports,8827.84,192,False,
2025-02-23,East,Home & Kitchen,11479.85,228,False,
2025-02-23,West,Groceries,16490.8,396,False,
2025-02-23,South,Electronics,13488.91,290,False,
2025-02-23,East,Groceries,11563.57,206,False,
2025-02-23,East,Apparel,13843.77,307,False,
2025-02-23,North,Home & Kitchen,20115.54,464,False,
2025-02-23,East,Sports,8301.79,180,False,
2025-02-23,North,Sports,18784.57,403,False,
2025-02-23,South,Apparel,9838.46,198,False,
2025-02-23,West,Home & Kitchen,14221.85,405,False,
2025-02-23,West,Sports,13723.75,294,False,
2025-02-23,West,Electronics,14897.43,353,False,
2025-02-23,North,Groceries,17516.74,437,False,
2025-02-23,South,Groceries,12388.3,331,False,
2025-02-24,East,Apparel,11762.24,269,False,
2025-02-24,West,Apparel,16770.29,297,False,
2025-02-24,East,Home & Kitchen,10123.79,176,False,
2025-02-24,West,Sports,12573.52,213,False,
2025-02-24,South,Electronics,10669.68,178,False,
2025-02-24,West,Groceries,15051.09,260,False,
2025-02-24,North,Home & Kitchen,19433.7,383,False,
2025-02-24,West,Home & Kitchen,11781.14,219,False,
2025-02-24,South,Sports,6277.34,152,False,
2025-02-24,North,Apparel,17120.49,239,False,
2025-02-24,West,Electronics,12427.2,316,False,
2025-02-24,North,Electronics,14020.57,330,False,
2025-02-24,South,Home & Kitchen,9833.53,234,False,
2025-02-24,South,Groceries,9923.34,231,False,
2025-02-24,East,Electronics,11557.8,206,False,
2025-02-24,South,Apparel,8299.59,165,False,
2025-02-24,East,Sports,7846.14,167,False,
2025-02-24,North,Sports,17174.52,354,False,
2025-02-24,East,Groceries,10767.96,275,False,
2025-02-24,North,Groceries,14465.88,283,False,
2025-02-25,East,Apparel,12370.67,228,False,
2025-02-25,North,Groceries,16161.9,250,False,
2025-02-25,East,Sports,7948.29,212,False,
2025-02-25,South,Electronics,12855.08,261,False,
2025-02-25,West,Groceries,14816.34,253,False,
2025-02-25,South,Apparel,10781.22,248,False,
2025-02-25,West,Electronics,13010.68,403,False,
2025-02-25,North,Sports,16787.38,281,False,
2025-02-25,North,Home & Kitchen,20384.47,293,False,
2025-02-25,North,Electronics,13551.05,268,False,
2025-02-25,South,Groceries,10338.32,177,False,
2025-02-25,East,Electronics,10143.16,259,False,
2025-02-25,West,Apparel,15442.56,366,False,
2025-02-25,North,Apparel,16803.1,395,False,
2025-02-25,West,Home & Kitchen,11086.78,199,False,
2025-02-25,South,Home & Kitchen,9739.82,171,False,
2025-02-25,East,Home & Kitchen,9276.39,135,False,
2025-02-25,West,Sports,11852.0,217,False,
2025-02-25,East,Groceries,9941.62,215,False,
2025-02-25,South,Sports,7694.65,142,False,
2025-02-26,North,Apparel,19114.42,399,False,
2025-02-26,East,Groceries,13073.85,325,False,
2025-02-26,West,Apparel,16155.09,358,False,
2025-02-26,East,Electronics,11729.94,252,False,
2025-02-26,South,Electronics,11673.28,214,False,
2025-02-26,West,Home & Kitchen,11295.98,217,False,
2025-02-26,South,Apparel,9974.21,254,False,
2025-02-26,North,Electronics,12464.19,274,False,
2025-02-26,East,Sports,7740.3,171,False,
2025-02-26,South,Groceries,9678.87,214,False,
2025-02-26,North,Sports,15243.92,323,False,
2025-02-26,North,Groceries,15637.74,270,False,
2025-02-26,West,Groceries,14441.79,349,False,
2025-02-26,East,Home & Kitchen,10455.64,233,False,
2025-02-26,South,Home & Kitchen,9011.82,148,False,
2025-02-26,East,Apparel,10299.59,212,False,
2025-02-26,West,Electronics,12084.4,242,False,
2025-02-26,North,Home & Kitchen,17961.71,312,False,
2025-02-26,South,Sports,7175.28,131,False,
2025-02-26,West,Sports,11149.74,226,False,
2025-02-27,North,Groceries,12627.09,271,False,
2025-02-27,West,Apparel,15729.62,360,False,
2025-02-27,South,Groceries,9470.27,160,False,
2025-02-27,West,Groceries,16136.98,334,False,
2025-02-27,North,Home & Kitchen,17989.1,472,False,
2025-02-27,East,Groceries,11628.04,192,False,
2025-02-27,East,Sports,7530.35,119,False,
2025-02-27,East,Apparel,11302.17,230,False,
2025-02-27,North,Electronics,11869.85,201,False,
2025-02-27,East,Home & Kitchen,10336.03,150,False,
2025-02-27,West,Electronics,11120.05,158,False,
2025-02-27,North,Sports,16010.52,356,False,
2025-02-27,West,Sports,12686.95,238,False,
2025-02-27,South,Home & Kitchen,10373.26,208,False,
2025-02-27,South,Sports,7120.96,161,False,
2025-02-27,South,Apparel,9256.7,190,False,
2025-02-27,South,Electronics,11140.21,204,False,
2025-02-27,East,Electronics,11281.51,261,False,
2025-02-27,North,Apparel,16065.34,372,False,
2025-02-27,West,Home & Kitchen,12719.26,207,False,
2025-02-28,West,Apparel,16096.96,264,False,
2025-02-28,West,Groceries,13336.37,288,False,
2025-02-28,West,Sports,12524.96,239,False,
2025-02-28,West,Electronics,11496.22,291,False,
2025-02-28,South,Sports,7959.05,124,False,
2025-02-28,North,Home & Kitchen,19350.82,395,False,
2025-02-28,South,Home & Kitchen,9544.81,157,False,
2025-02-28,East,Home & Kitchen,10118.86,213,False,
2025-02-28,West,Home & Kitchen,11924.13,211,False,
2025-02-28,East,Apparel,13311.63,205,False,
2025-02-28,South,Groceries,8688.11,162,False,
2025-02-28,North,Groceries,14186.94,335,False,
2025-02-28,East,Electronics,9722.82,252,False,
2025-02-28,North,Sports,16919.92,355,False,
2025-02-28,East,Sports,7083.13,168,False,
2025-02-28,North,Apparel,17011.52,386,False,
2025-02-28,South,Apparel,9286.66,191,False,
2025-02-28,East,Groceries,11949.92,232,False,
2025-02-28,South,Electronics,11768.33,264,False,
2025-02-28,North,Electronics,14830.55,253,False,
2025-03-01,South,Groceries,9811.17,231,False,
2025-03-01,East,Home & Kitchen,10952.23,213,False,
2025-03-01,South,Home & Kitchen,11026.53,164,False,
2025-03-01,South,Apparel,10401.59,175,False,
2025-03-01,West,Home & Kitchen,13992.18,321,False,
2025-03-01,South,Electronics,12337.39,223,False,
2025-03-01,West,Apparel,16522.88,318,False,
2025-03-01,East,Groceries,15106.92,416,False,
2025-03-01,East,Apparel,14336.05,266,False,
2025-03-01,West,Groceries,20721.4,377,False,
2025-03-01,North,Apparel,21203.86,479,False,
2025-03-01,East,Sports,6939.43,140,False,
2025-03-01,North,Sports,18245.24,507,False,
2025-03-01,South,Sports,8327.09,174,False,
2025-03-01,North,Groceries,18761.92,396,False,
2025-03-01,West,Electronics,15040.58,411,False,
2025-03-01,East,Electronics,12537.33,278,False,
2025-03-01,North,Home & Kitchen,20943.23,319,False,
2025-03-01,West,Sports,14161.17,247,False,
2025-03-01,North,Electronics,15496.72,341,False,
2025-03-02,North,Apparel,18941.85,339,False,
2025-03-02,South,Sports,7978.81,178,False,
2025-03-02,South,Apparel,12539.88,281,False,
2025-03-02,North,Electronics,14660.02,322,False,
2025-03-02,North,Groceries,15718.42,360,False,
2025-03-02,West,Home & Kitchen,14086.21,277,False,
2025-03-02,East,Groceries,11682.42,253,False,
2025-03-02,West,Apparel,15078.91,328,False,
2025-03-02,South,Home & Kitchen,10877.16,202,False,
2025-03-02,North,Sports,19290.59,522,False,
2025-03-02,West,Sports,15587.65,329,False,
2025-03-02,West,Electronics,13984.18,209,False,
2025-03-02,East,Apparel,13307.28,239,False,
2025-03-02,East,Home & Kitchen,11281.21,177,False,
2025-03-02,North,Home & Kitchen,17340.79,350,False,
2025-03-02,South,Electronics,12649.28,262,False,
2025-03-02,South,Groceries,12218.35,241,False,
2025-03-02,West,Groceries,19402.62,430,False,
2025-03-02,East,Electronics,11739.99,251,False,
2025-03-02,East,Sports,8368.95,154,False,
2025-03-03,North,Electronics,14808.46,287,False,
2025-03-03,North,Home & Kitchen,20054.27,395,False,
2025-03-03,East,Groceries,12301.96,230,False,
2025-03-03,West,Sports,12706.23,301,False,
2025-03-03,South,Sports,6584.02,116,False,
2025-03-03,South,Apparel,9282.56,215,False,
2025-03-03,West,Groceries,15221.76,255,False,
2025-03-03,East,Electronics,11564.19,187,False,
2025-03-03,East,Home & Kitchen,9599.9,185,False,
2025-03-03,North,Apparel,15948.17,290,False,
2025-03-03,East,Apparel,10476.28,206,False,
2025-03-03,South,Electronics,11389.04,342,False,
2025-03-03,South,Groceries,10603.41,225,False,
2025-03-03,West,Home & Kitchen,11761.33,272,False,
2025-03-03,South,Home & Kitchen,9208.4,200,False,
2025-03-03,West,Electronics,11427.44,238,False,
2025-03-03,West,Apparel,17033.65,327,False,
2025-03-03,East,Sports,7540.34,120,False,
2025-03-03,North,Sports,13769.92,356,False,
2025-03-03,North,Groceries,13621.43,259,False,
2025-03-04,East,Home & Kitchen,8331.15,178,False,
2025-03-04,South,Sports,7339.69,194,False,
2025-03-04,West,Groceries,14130.29,298,False,
2025-03-04,West,Electronics,12134.02,205,False,
2025-03-04,West,Sports,11837.73,198,False,
2025-03-04,East,Electronics,10395.45,254,False,
2025-03-04,North,Groceries,14061.46,304,False,
2025-03-04,South,Electronics,11538.92,192,False,
2025-03-04,North,Home & Kitchen,16834.31,364,False,
2025-03-04,North,Electronics,11750.9,324,False,
2025-03-04,East,Groceries,12412.72,275,False,
2025-03-04,East,Apparel,11589.53,239,False,
2025-03-04,South,Apparel,10826.41,251,False,
2025-03-04,North,Apparel,17912.38,499,False,
2025-03-04,West,Home & Kitchen,13853.13,249,False,
2025-03-04,South,Home & Kitchen,10373.32,218,False,
2025-03-04,West,Apparel,15412.26,318,False,
2025-03-04,North,Sports,14509.02,283,False,
2025-03-04,South,Groceries,9836.43,193,False,
2025-03-04,East,Sports,7299.18,116,False,
2025-03-05,East,Sports,7290.07,124,False,
2025-03-05,East,Groceries,11001.67,255,False,
2025-03-05,South,Apparel,9814.25,157,False,
2025-03-05,North,Electronics,13012.54,342,False,
2025-03-05,West,Sports,10935.33,269,False,
2025-03-05,North,Sports,16527.93,383,False,
2025-03-05,East,Home & Kitchen,8840.62,176,False,
2025-03-05,South,Electronics,10931.24,273,False,
2025-03-05,West,Home & Kitchen,11280.08,219,False,
2025-03-05,East,Electronics,8035.62,165,False,
2025-03-05,West,Apparel,14955.74,314,False,
2025-03-05,East,Apparel,11037.47,228,False,
2025-03-05,West,Groceries,14455.11,331,False,
2025-03-05,South,Home & Kitchen,8838.07,214,False,
2025-03-05,North,Groceries,16302.62,334,False,
2025-03-05,South,Sports,7810.34,154,False,
2025-03-05,North,Home & Kitchen,22012.38,580,False,
2025-03-05,South,Groceries,9739.88,240,False,
2025-03-05,West,Electronics,11943.6,301,False,
2025-03-05,North,Apparel,16596.23,266,False,
2025-03-06,North,Home & Kitchen,17746.25,463,False,
2025-03-06,South,Electronics,7383.12,182,False,
2025-03-06,East,Groceries,12961.48,236,False,
2025-03-06,West,Sports,11127.43,208,False,
2025-03-06,South,Apparel,8789.4,185,False,
2025-03-06,East,Apparel,11805.41,204,False,
2025-03-06,South,Groceries,10278.81,197,False,
2025-03-06,North,Sports,13348.14,247,False,
2025-03-06,West,Home & Kitchen,12116.19,235,False,
2025-03-06,East,Electronics,10964.95,219,False,
2025-03-06,North,Groceries,13163.31,276,False,
2025-03-06,West,Apparel,14370.34,296,False,
2025-03-06,South,Sports,8154.35,121,False,
2025-03-06,East,Sports,6624.51,174,False,
2025-03-06,North,Electronics,12039.29,277,False,
2025-03-06,East,Home & Kitchen,10253.97,201,False,
2025-03-06,South,Home & Kitchen,8935.14,155,False,
2025-03-06,West,Electronics,11922.39,212,False,
2025-03-06,West,Groceries,16796.47,383,False,
2025-03-06,North,Apparel,17150.48,488,False,
2025-03-07,North,Electronics,12798.91,251,False,
2025-03-07,East,Sports,8041.27,151,False,
2025-03-07,North,Home & Kitchen,16710.62,375,False,
2025-03-07,West,Electronics,11112.71,247,False,
2025-03-07,West,Groceries,17461.81,347,False,
2025-03-07,West,Sports,10993.66,211,False,
2025-03-07,South,Electronics,9566.66,147,False,
2025-03-07,East,Apparel,12338.62,291,False,
2025-03-07,North,Apparel,17625.9,486,False,
2025-03-07,South,Apparel,8201.12,179,False,
2025-03-07,East,Groceries,12233.68,257,False,
2025-03-07,East,Electronics,11315.45,225,False,
2025-03-07,South,Home & Kitchen,10242.53,167,False,
2025-03-07,South,Groceries,10887.9,186,False,
2025-03-07,East,Home & Kitchen,9298.57,176,False,
2025-03-07,South,Sports,7040.34,159,False,
2025-03-07,West,Apparel,15290.05,228,False,
2025-03-07,West,Home & Kitchen,12022.54,201,False,
2025-03-07,North,Groceries,13869.08,275,False,
2025-03-07,North,Sports,15705.83,358,False,
2025-03-08,West,Apparel,16637.54,366,False,
2025-03-08,East,Electronics,12560.99,214,False,
2025-03-08,East,Apparel,13295.31,339,False,
2025-03-08,East,Groceries,13734.36,243,False,
2025-03-08,East,Home & Kitchen,9829.36,173,False,
2025-03-08,West,Electronics,13543.71,226,False,
2025-03-08,West,Home & Kitchen,14893.12,386,False,
2025-03-08,West,Sports,14050.81,246,False,
2025-03-08,South,Electronics,14081.99,187,False,
2025-03-08,North,Home & Kitchen,23770.66,309,False,
2025-03-08,North,Groceries,14417.16,266,False,
2025-03-08,South,Groceries,11203.03,200,False,
2025-03-08,North,Sports,19834.39,315,False,
2025-03-08,South,Apparel,12139.96,253,False,
2025-03-08,North,Electronics,15617.26,353,False,
2025-03-08,East,Sports,9062.2,149,False,
2025-03-08,North,Apparel,16284.99,352,False,
2025-03-08,South,Home & Kitchen,10547.19,175,False,
2025-03-08,South,Sports,9554.58,190,False,
2025-03-08,West,Groceries,20405.96,313,False,
2025-03-09,East,Groceries,14999.34,261,False,
2025-03-09,West,Electronics,14178.39,332,False,
2025-03-09,North,Electronics,15998.41,375,False,
2025-03-09,East,Sports,7797.62,181,False,
2025-03-09,West,Groceries,15901.79,375,False,
2025-03-09,South,Home & Kitchen,8927.77,134,False,
2025-03-09,South,Sports,9224.26,206,False,
2025-03-09,North,Home & Kitchen,21946.33,409,False,
2025-03-09,North,Groceries,16902.03,320,False,
2025-03-09,North,Apparel,19812.92,308,False,
2025-03-09,South,Groceries,11581.45,210,False,
2025-03-09,South,Apparel,11556.02,302,False,
2025-03-09,North,Sports,19486.94,420,False,
2025-03-09,East,Apparel,12306.42,261,False,
2025-03-09,South,Electronics,13573.73,316,False,
2025-03-09,East,Electronics,11576.15,186,False,
2025-03-09,West,Sports,14442.38,235,False,
2025-03-09,West,Apparel,18163.66,392,False,
2025-03-09,West,Home & Kitchen,14876.67,343,False,
2025-03-09,East,Home & Kitchen,11126.19,211,False,
2025-03-10,East,Sports,6772.34,147,False,
2025-03-10,West,Sports,12340.45,254,False,
2025-03-10,North,Groceries,12002.81,229,False,
2025-03-10,West,Home & Kitchen,13716.73,254,False,
2025-03-10,West,Electronics,10948.79,239,False,
2025-03-10,East,Electronics,10343.14,251,False,
2025-03-10,West,Groceries,15903.63,281,False,
2025-03-10,South,Sports,7892.44,162,False,
2025-03-10,North,Electronics,12344.15,218,False,
2025-03-10,North,Apparel,17122.86,390,False,
2025-03-10,South,Groceries,7931.5,113,False,
2025-03-10,East,Home & Kitchen,8743.01,161,False,
2025-03-10,North,Sports,16154.34,382,False,
2025-03-10,South,Electronics,11935.99,190,False,
2025-03-10,South,Apparel,9531.6,151,False,
2025-03-10,North,Home & Kitchen,18225.89,347,False,
2025-03-10,South,Home & Kitchen,10330.49,219,False,
2025-03-10,West,Apparel,15785.02,392,False,
2025-03-10,East,Apparel,11309.49,192,False,
2025-03-10,East,Groceries,11555.54,204,False,
2025-03-11,North,Home & Kitchen,16111.06,370,False,
2025-03-11,South,Groceries,8380.88,162,False,
2025-03-11,North,Groceries,12406.31,273,False,
2025-03-11,North,Electronics,12890.08,205,False,
2025-03-11,West,Apparel,15923.05,293,False,
2025-03-11,West,Electronics,11122.44,247,False,
2025-03-11,East,Electronics,9353.01,221,False,
2025-03-11,North,Sports,16164.58,362,False,
2025-03-11,South,Home & Kitchen,10757.31,225,False,
2025-03-11,West,Sports,12353.03,240,False,
2025-03-11,East,Apparel,11153.24,270,False,
2025-03-11,North,Apparel,17396.84,386,False,
2025-03-11,East,Sports,6458.35,102,False,
2025-03-11,South,Apparel,10415.08,199,False,
2025-03-11,South,Electronics,12039.99,223,False,
2025-03-11,West,Home & Kitchen,11644.27,241,False,
2025-03-11,South,Sports,7855.38,224,False,
2025-03-11,East,Groceries,13125.02,275,False,
2025-03-11,East,Home & Kitchen,8565.99,177,False,
2025-03-11,West,Groceries,14962.8,402,False,
2025-03-12,West,Home & Kitchen,12407.31,232,False,
2025-03-12,West,Apparel,14288.3,359,False,
2025-03-12,East,Apparel,10451.49,249,False,
2025-03-12,West,Groceries,15365.95,284,False,
2025-03-12,North,Home & Kitchen,17470.0,360,False,
2025-03-12,South,Electronics,9599.3,153,False,
2025-03-12,South,Sports,6441.37,149,False,
2025-03-12,North,Sports,14139.87,238,False,
2025-03-12,South,Apparel,8643.72,186,False,
2025-03-12,North,Apparel,14247.72,304,False,
2025-03-12,South,Groceries,9221.32,186,False,
2025-03-12,South,Home & Kitchen,9121.82,185,False,
2025-03-12,East,Groceries,12387.12,220,False,
2025-03-12,North,Electronics,13283.56,328,False,
2025-03-12,East,Sports,7417.57,154,False,
2025-03-12,West,Electronics,13958.8,229,False,
2025-03-12,West,Sports,13017.91,250,False,
2025-03-12,East,Electronics,10896.89,293,False,
2025-03-12,North,Groceries,14787.55,314,False,
2025-03-12,East,Home & Kitchen,9544.42,167,False,
2025-03-13,East,Electronics,12007.4,240,False,
2025-03-13,North,Sports,16539.57,369,False,
2025-03-13,East,Sports,7049.84,126,False,
2025-03-13,West,Electronics,12019.6,267,False,
2025-03-13,North,Electronics,12744.55,304,False,
2025-03-13,South,Apparel,11099.73,185,False,
2025-03-13,North,Apparel,15016.16,232,False,
2025-03-13,North,Groceries,11748.03,260,False,
2025-03-13,South,Groceries,9183.98,231,False,
2025-03-13,South,Sports,7885.29,171,False,
2025-03-13,South,Electronics,9965.17,179,False,
2025-03-13,North,Home & Kitchen,20033.88,292,False,
2025-03-13,South,Home & Kitchen,9822.18,159,False,
2025-03-13,West,Groceries,14156.24,254,False,
2025-03-13,West,Sports,12479.29,261,False,
2025-03-13,West,Apparel,15798.7,339,False,
2025-03-13,West,Home & Kitchen,13125.67,212,False,
2025-03-13,East,Groceries,11633.74,251,False,
2025-03-13,East,Home & Kitchen,8377.15,154,False,
2025-03-13,East,Apparel,12087.18,247,False,
2025-03-14,South,Home & Kitchen,11631.46,240,False,
2025-03-14,South,Sports,7818.27,130,False,
2025-03-14,North,Groceries,14199.66,266,False,
2025-03-14,West,Apparel,15891.66,286,False,
2025-03-14,South,Apparel,8937.36,186,False,
2025-03-14,East,Groceries,10709.69,237,False,
2025-03-14,North,Electronics,13836.13,230,False,
2025-03-14,South,Electronics,10119.17,217,False,
2025-03-14,West,Groceries,14275.2,302,False,
2025-03-14,South,Groceries,9808.56,195,False,
2025-03-14,East,Sports,7526.88,162,False,
2025-03-14,North,Sports,15450.94,293,False,
2025-03-14,West,Home & Kitchen,12601.7,236,False,
2025-03-14,East,Electronics,10182.8,205,False,
2025-03-14,North,Home & Kitchen,19430.71,454,False,
2025-03-14,West,Electronics,13369.99,277,False,
2025-03-14,West,Sports,12865.03,224,False,
2025-03-14,East,Home & Kitchen,9513.48,218,False,
2025-03-14,East,Apparel,12672.08,258,False,
2025-03-14,North,Apparel,15863.37,218,False,
2025-03-15,South,Electronics,12570.97,237,False,
2025-03-15,South,Sports,8618.48,164,False,
2025-03-15,North,Apparel,20752.09,407,False,
2025-03-15,North,Sports,13655.87,340,False,
2025-03-15,North,Home & Kitchen,19659.49,365,False,
2025-03-15,West,Sports,14462.31,325,False,
2025-03-15,West,Home & Kitchen,14364.74,297,False,
2025-03-15,West,Apparel,15049.93,364,False,
2025-03-15,East,Groceries,14561.39,406,False,
2025-03-15,East,Home & Kitchen,11014.39,252,False,
2025-03-15,South,Home & Kitchen,11989.95,178,False,
2025-03-15,South,Groceries,9752.46,195,False,
2025-03-15,East,Electronics,13141.87,231,False,
2025-03-15,West,Groceries,16691.3,385,False,
2025-03-15,West,Electronics,14807.22,278,False,
2025-03-15,North,Electronics,14413.11,364,False,
2025-03-15,East,Sports,7386.43,121,False,
2025-03-15,North,Groceries,17586.4,340,False,
2025-03-15,East,Apparel,12786.14,232,False,
2025-03-15,South,Apparel,10485.26,201,False,
2025-03-16,North,Electronics,15486.64,371,False,
2025-03-16,North,Sports,18763.3,395,False,
2025-03-16,East,Apparel,13306.83,289,False,
2025-03-16,South,Sports,8359.59,150,False,
2025-03-16,South,Apparel,11482.49,268,False,
2025-03-16,North,Apparel,15862.93,341,False,
2025-03-16,East,Home & Kitchen,13065.86,272,False,
2025-03-16,West,Apparel,18464.9,416,False,
2025-03-16,East,Groceries,14684.59,351,False,
2025-03-16,South,Electronics,12804.79,247,False,
2025-03-16,West,Electronics,14583.99,222,False,
2025-03-16,West,Groceries,16448.65,407,False,
2025-03-16,North,Groceries,17734.9,320,False,
2025-03-16,South,Home & Kitchen,10282.56,223,False,
2025-03-16,East,Sports,8280.56,141,False,
2025-03-16,West,Home & Kitchen,13651.75,348,False,
2025-03-16,South,Groceries,10348.11,224,False,
2025-03-16,North,Home & Kitchen,20862.59,427,False,
2025-03-16,East,Electronics,13114.17,328,False,
2025-03-16,West,Sports,14719.67,338,False,
2025-03-17,North,Sports,16154.84,363,False,
2025-03-17,East,Home & Kitchen,9053.13,191,False,
2025-03-17,South,Sports,7384.92,142,False,
2025-03-17,West,Apparel,13598.61,333,False,
2025-03-17,North,Apparel,13391.62,244,False,
2025-03-17,North,Electronics,13528.63,270,False,
2025-03-17,West,Home & Kitchen,12230.13,190,False,
2025-03-17,North,Home & Kitchen,17763.7,335,False,
2025-03-17,East,Groceries,11206.54,190,False,
2025-03-17,West,Sports,12826.92,291,False,
2025-03-17,West,Electronics,10787.4,176,False,
2025-03-17,North,Groceries,14302.91,293,False,
2025-03-17,East,Electronics,10706.45,165,False,
2025-03-17,East,Sports,6595.75,127,False,
2025-03-17,West,Groceries,16887.2,318,False,
2025-03-17,South,Home & Kitchen,9814.04,186,False,
2025-03-17,East,Apparel,12179.37,267,False,
2025-03-17,South,Electronics,11791.57,215,False,
2025-03-17,South,Groceries,10030.65,202,False,
2025-03-17,South,Apparel,9721.11,186,False,
2025-03-18,North,Home & Kitchen,17402.24,350,False,
2025-03-18,East,Electronics,10154.31,184,False,
2025-03-18,East,Apparel,12486.37,281,False,
2025-03-18,South,Sports,7074.97,143,False,
2025-03-18,South,Groceries,9123.24,185,False,
2025-03-18,West,Electronics,10697.77,204,False,
2025-03-18,West,Apparel,15265.3,326,False,
2025-03-18,North,Sports,16227.96,248,False,
2025-03-18,West,Sports,12029.87,309,False,
2025-03-18,East,Groceries,11467.23,244,False,
2025-03-18,North,Groceries,13122.8,289,False,
2025-03-18,East,Sports,6495.51,187,False,
2025-03-18,South,Home & Kitchen,9847.97,215,False,
2025-03-18,South,Electronics,11712.87,222,False,
2025-03-18,East,Home & Kitchen,10048.63,177,False,
2025-03-18,North,Apparel,18336.09,336,False,
2025-03-18,South,Apparel,9626.11,218,False,
2025-03-18,West,Groceries,15976.77,348,False,
2025-03-18,North,Electronics,12385.67,188,False,
2025-03-18,West,Home & Kitchen,13713.3,287,False,
2025-03-19,North,Sports,15176.52,256,False,
2025-03-19,South,Sports,6975.5,148,False,
2025-03-19,South,Apparel,9693.52,158,False,
2025-03-19,East,Electronics,9529.28,213,False,
2025-03-19,East,Home & Kitchen,8584.51,160,False,
2025-03-19,West,Electronics,11823.15,224,False,
2025-03-19,North,Apparel,18016.02,307,False,
2025-03-19,West,Sports,13215.83,264,False,
2025-03-19,West,Home & Kitchen,9866.54,169,False,
2025-03-19,East,Groceries,10709.32,238,False,
2025-03-19,North,Groceries,15854.8,386,False,
2025-03-19,West,Groceries,15492.16,292,False,
2025-03-19,East,Sports,7177.3,140,False,
2025-03-19,South,Home & Kitchen,10802.16,258,False,
2025-03-19,South,Electronics,11747.81,218,False,
2025-03-19,South,Groceries,8144.03,195,False,
2025-03-19,North,Electronics,12671.52,351,False,
2025-03-19,West,Apparel,12524.81,207,False,
2025-03-19,North,Home & Kitchen,17162.99,420,False,
2025-03-19,East,Apparel,12451.47,205,False,
2025-03-20,North,Home & Kitchen,17926.77,295,False,
2025-03-20,East,Groceries,12053.8,229,False,
2025-03-20,West,Apparel,13348.39,317,False,
2025-03-20,West,Electronics,12747.16,202,False,
2025-03-20,South,Home & Kitchen,8811.75,190,False,
2025-03-20,North,Sports,16798.95,395,False,
2025-03-20,North,Apparel,17764.17,403,False,
2025-03-20,South,Electronics,11942.24,219,False,
2025-03-20,East,Electronics,9977.1,196,False,
2025-03-20,South,Apparel,8805.55,226,False,
2025-03-20,North,Electronics,12530.88,175,False,
2025-03-20,South,Groceries,8498.6,179,False,
2025-03-20,West,Groceries,16474.43,418,False,
2025-03-20,East,Sports,7757.63,144,False,
2025-03-20,East,Home & Kitchen,9987.27,228,False,
2025-03-20,West,Sports,11832.09,295,False,
2025-03-20,West,Home & Kitchen,12727.01,223,False,
2025-03-20,North,Groceries,15451.79,295,False,
2025-03-20,South,Sports,7756.73,168,False,
2025-03-20,East,Apparel,12135.77,202,False,
2025-03-21,North,Groceries,13953.86,272,False,
2025-03-21,East,Sports,7516.72,169,False,
2025-03-21,North,Sports,15422.34,291,False,
2025-03-21,South,Home & Kitchen,11013.97,168,False,
2025-03-21,West,Apparel,15079.21,308,False,
2025-03-21,South,Groceries,10227.13,188,False,
2025-03-21,North,Apparel,16204.66,302,False,
2025-03-21,West,Home & Kitchen,12672.46,203,False,
2025-03-21,West,Groceries,16577.27,283,False,
2025-03-21,East,Apparel,12251.0,248,False,
2025-03-21,North,Electronics,13140.77,238,False,
2025-03-21,West,Electronics,13813.53,242,False,
2025-03-21,East,Home & Kitchen,9748.59,155,False,
2025-03-21,West,Sports,11294.54,213,False,
2025-03-21,South,Apparel,10443.25,187,False,
2025-03-21,South,Electronics,11494.7,221,False,
2025-03-21,North,Home & Kitchen,17129.21,274,False,
2025-03-21,East,Groceries,13812.97,168,False,
2025-03-21,East,Electronics,10134.02,233,False,
2025-03-21,South,Sports,6962.55,109,False,
2025-03-22,East,Sports,9299.96,209,False,
2025-03-22,West,Groceries,16882.73,232,False,
2025-03-22,South,Groceries,12311.2,281,False,
2025-03-22,North,Apparel,17370.78,466,False,
2025-03-22,South,Electronics,12659.6,241,False,
2025-03-22,South,Sports,8041.27,185,False,
2025-03-22,East,Home & Kitchen,9818.83,170,False,
2025-03-22,East,Groceries,16394.33,362,False,
2025-03-22,North,Electronics,14244.55,221,False,
2025-03-22,South,Apparel,12463.64,200,False,
2025-03-22,East,Electronics,11536.37,278,False,
2025-03-22,East,Apparel,12204.35,264,False,
2025-03-22,North,Groceries,14814.91,360,False,
2025-03-22,West,Sports,14518.88,249,False,
2025-03-22,West,Electronics,14413.84,394,False,
2025-03-22,South,Home & Kitchen,11166.52,210,False,
2025-03-22,West,Apparel,16154.64,265,False,
2025-03-22,West,Home & Kitchen,14107.43,268,False,
2025-03-22,North,Home & Kitchen,18790.83,377,False,
2025-03-22,North,Sports,20357.47,414,False,
2025-03-23,South,Home & Kitchen,11543.1,218,False,
2025-03-23,East,Sports,7060.15,111,False,
2025-03-23,West,Home & Kitchen,15095.69,405,False,
2025-03-23,East,Apparel,14434.49,266,False,
2025-03-23,South,Sports,9379.76,199,False,
2025-03-23,North,Home & Kitchen,19984.58,453,False,
2025-03-23,North,Apparel,20328.93,453,False,
2025-03-23,West,Electronics,14555.67,320,False,
2025-03-23,East,Home & Kitchen,11841.79,194,False,
2025-03-23,East,Electronics,11628.06,200,False,
2025-03-23,South,Apparel,12910.26,334,False,
2025-03-23,West,Apparel,18769.55,337,False,
2025-03-23,North,Sports,19418.11,476,False,
2025-03-23,South,Electronics,13447.51,276,False,
2025-03-23,East,Groceries,12304.77,236,False,
2025-03-23,North,Groceries,16145.45,371,False,
2025-03-23,West,Sports,13913.88,267,False,
2025-03-23,West,Groceries,20527.91,396,False,
2025-03-23,North,Electronics,13528.35,262,False,
2025-03-23,South,Groceries,10442.89,253,False,
2025-03-24,East,Groceries,9822.34,218,False,
2025-03-24,East,Home & Kitchen,9019.56,187,False,
2025-03-24,West,Sports,11643.75,194,False,
2025-03-24,North,Apparel,18307.5,348,False,
2025-03-24,East,Sports,7163.84,124,False,
2025-03-24,East,Apparel,11990.77,226,False,
2025-03-24,West,Apparel,13116.38,236,False,
2025-03-24,South,Electronics,13228.6,250,False,
2025-03-24,North,Home & Kitchen,15046.88,268,False,
2025-03-24,North,Electronics,12164.95,278,False,
2025-03-24,South,Sports,8687.88,136,False,
2025-03-24,West,Groceries,15999.76,344,False,
2025-03-24,West,Electronics,12973.87,283,False,
2025-03-24,South,Apparel,8676.14,205,False,
2025-03-24,North,Sports,15449.82,341,False,
2025-03-24,East,Electronics,10413.18,175,False,
2025-03-24,South,Groceries,10116.77,213,False,
2025-03-24,North,Groceries,13071.5,200,False,
2025-03-24,South,Home & Kitchen,9148.04,158,False,
2025-03-24,West,Home & Kitchen,10408.66,266,False,
2025-03-25,North,Electronics,12091.51,240,False,
2025-03-25,West,Home & Kitchen,12541.5,271,False,
2025-03-25,East,Electronics,12214.87,218,False,
2025-03-25,West,Groceries,12822.06,308,False,
2025-03-25,West,Sports,12862.52,238,False,
2025-03-25,North,Home & Kitchen,20792.29,512,False,
2025-03-25,South,Groceries,9787.15,148,False,
2025-03-25,South,Home & Kitchen,9747.91,179,False,
2025-03-25,South,Apparel,9797.4,155,False,
2025-03-25,East,Home & Kitchen,9070.89,140,False,
2025-03-25,South,Sports,8046.44,125,False,
2025-03-25,North,Groceries,13547.25,234,False,
2025-03-25,East,Apparel,11390.04,314,False,
2025-03-25,North,Apparel,18503.16,400,False,
2025-03-25,South,Electronics,10579.24,224,False,
2025-03-25,East,Groceries,10984.46,206,False,
2025-03-25,West,Apparel,13619.53,296,False,
2025-03-25,East,Sports,8294.91,146,False,
2025-03-25,North,Sports,16787.3,309,False,
2025-03-25,West,Electronics,14969.95,280,False,
2025-03-26,South,Sports,7734.02,131,False,
2025-03-26,North,Groceries,13920.94,302,False,
2025-03-26,North,Apparel,19873.25,508,False,
2025-03-26,East,Groceries,11466.24,198,False,
2025-03-26,West,Home & Kitchen,11902.89,212,False,
2025-03-26,South,Groceries,10190.43,204,False,
2025-03-26,West,Sports,13504.09,273,False,
2025-03-26,West,Electronics,12434.98,302,False,
2025-03-26,East,Apparel,12581.87,229,False,
2025-03-26,South,Home & Kitchen,9909.55,241,False,
2025-03-26,South,Apparel,10626.02,193,False,
2025-03-26,East,Sports,6679.32,108,False,
2025-03-26,West,Apparel,14837.68,323,False,
2025-03-26,South,Electronics,12760.15,269,False,
2025-03-26,North,Home & Kitchen,20187.08,400,False,
2025-03-26,North,Sports,16255.35,440,False,
2025-03-26,West,Groceries,12948.12,242,False,
2025-03-26,East,Electronics,12624.5,218,False,
2025-03-26,East,Home & Kitchen,11092.42,183,False,
2025-03-26,North,Electronics,15195.1,320,False,
2025-03-27,West,Groceries,16299.71,337,False,
2025-03-27,East,Electronics,10655.01,286,False,
2025-03-27,North,Sports,16786.5,333,False,
2025-03-27,South,Apparel,8818.07,165,False,
2025-03-27,South,Sports,6727.19,174,False,
2025-03-27,North,Electronics,14186.55,315,False,
2025-03-27,South,Groceries,9257.26,212,False,
2025-03-27,West,Electronics,12265.94,211,False,
2025-03-27,West,Home & Kitchen,12650.88,328,False,
2025-03-27,North,Home & Kitchen,18493.07,350,False,
2025-03-27,West,Apparel,14294.59,297,False,
2025-03-27,North,Groceries,14290.33,298,False,
2025-03-27,East,Home & Kitchen,9674.88,192,False,
2025-03-27,North,Apparel,21062.39,367,False,
2025-03-27,East,Apparel,10416.27,198,False,
2025-03-27,South,Electronics,13171.99,253,False,
2025-03-27,East,Groceries,12281.16,232,False,
2025-03-27,South,Home & Kitchen,9999.94,166,False,
2025-03-27,West,Sports,13659.28,307,False,
2025-03-27,East,Sports,6297.63,113,False,
2025-03-28,West,Sports,10647.66,215,False,
2025-03-28,East,Electronics,10337.59,166,False,
2025-03-28,East,Home & Kitchen,10140.55,182,False,
2025-03-28,West,Groceries,15185.48,343,False,
2025-03-28,North,Electronics,13219.91,305,False,
2025-03-28,North,Home & Kitchen,20050.81,359,False,
2025-03-28,East,Groceries,10922.44,170,False,
2025-03-28,West,Apparel,14369.13,335,False,
2025-03-28,East,Sports,6716.75,145,False,
2025-03-28,South,Sports,7444.72,114,False,
2025-03-28,West,Home & Kitchen,12215.75,317,False,
2025-03-28,South,Apparel,9764.77,207,False,
2025-03-28,South,Groceries,8249.52,182,False,
2025-03-28,West,Electronics,11708.01,191,False,
2025-03-28,South,Electronics,12834.47,340,False,
2025-03-28,North,Apparel,17910.55,416,False,
2025-03-28,North,Groceries,14329.53,281,False,
2025-03-28,East,Apparel,11535.94,251,False,
2025-03-28,North,Sports,16560.39,331,False,
2025-03-28,South,Home & Kitchen,10033.57,207,False,
2025-03-29,East,Apparel,15483.37,238,False,
2025-03-29,West,Groceries,15521.55,300,False,
2025-03-29,South,Apparel,10934.08,176,False,
2025-03-29,North,Apparel,18280.25,319,False,
2025-03-29,West,Sports,11934.88,233,False,
2025-03-29,South,Sports,7998.34,155,False,
2025-03-29,North,Electronics,15047.79,326,False,
2025-03-29,East,Home & Kitchen,10920.28,244,False,
2025-03-29,South,Groceries,10546.71,268,False,
2025-03-29,West,Electronics,14656.88,256,False,
2025-03-29,North,Home & Kitchen,20904.24,336,False,
2025-03-29,South,Home & Kitchen,12226.1,265,False,
2025-03-29,East,Sports,9686.72,232,False,
2025-03-29,South,Electronics,13508.04,248,False,
2025-03-29,East,Electronics,12524.45,272,False,
2025-03-29,West,Apparel,18413.15,396,False,
2025-03-29,North,Groceries,15224.37,355,False,
2025-03-29,North,Sports,16697.28,357,False,
2025-03-29,West,Home & Kitchen,12581.65,222,False,
2025-03-29,East,Groceries,13768.34,289,False,
2025-03-30,North,Groceries,14702.03,277,False,
2025-03-30,West,Groceries,18706.86,283,False,
2025-03-30,North,Sports,17619.66,467,False,
2025-03-30,North,Apparel,18768.46,403,False,
2025-03-30,South,Apparel,10687.32,212,False,
2025-03-30,South,Electronics,11293.4,250,False,
2025-03-30,North,Electronics,15963.81,302,False,
2025-03-30,East,Groceries,12262.81,214,False,
2025-03-30,West,Apparel,18655.7,408,False,
2025-03-30,West,Electronics,13274.74,252,False,
2025-03-30,East,Apparel,13757.14,345,False,
2025-03-30,North,Home & Kitchen,21800.82,524,False,
2025-03-30,West,Sports,14226.84,208,False,
2025-03-30,South,Sports,8008.74,139,False,
2025-03-30,West,Home & Kitchen,14416.5,223,False,
2025-03-30,East,Electronics,11525.01,193,False,
2025-03-30,East,Sports,8874.22,158,False,
2025-03-30,South,Home & Kitchen,10820.6,208,False,
2025-03-30,South,Groceries,9863.26,178,False,
2025-03-30,East,Home & Kitchen,11094.5,197,False,
2025-03-31,East,Apparel,12631.85,250,False,
2025-03-31,West,Sports,12073.3,217,False,
2025-03-31,West,Apparel,16742.48,302,False,
2025-03-31,East,Home & Kitchen,9444.66,166,False,
2025-03-31,East,Sports,8154.65,144,False,
2025-03-31,West,Home & Kitchen,10699.72,294,False,
2025-03-31,North,Sports,15341.43,312,False,
2025-03-31,North,Groceries,16092.59,337,False,
2025-03-31,South,Groceries,9380.52,139,False,
2025-03-31,South,Apparel,10388.78,224,False,
2025-03-31,South,Electronics,12081.32,228,False,
2025-03-31,South,Home & Kitchen,10754.84,308,False,
2025-03-31,East,Groceries,11674.16,306,False,
2025-03-31,North,Apparel,16994.16,252,False,
2025-03-31,North,Electronics,13760.58,274,False,
2025-03-31,West,Groceries,16328.1,316,False,
2025-03-31,West,Electronics,12611.67,283,False,
2025-03-31,North,Home & Kitchen,18660.88,333,False,
2025-03-31,East,Electronics,11156.4,204,False,
2025-03-31,South,Sports,6909.87,125,False,
2025-04-01,South,Groceries,10681.36,197,False,
2025-04-01,North,Electronics,12617.96,305,False,
2025-04-01,South,Apparel,9242.32,172,False,
2025-04-01,North,Home & Kitchen,19665.17,439,False,
2025-04-01,East,Apparel,11896.94,232,False,
2025-04-01,West,Groceries,15194.98,359,False,
2025-04-01,North,Sports,17994.99,361,False,
2025-04-01,West,Electronics,13855.65,349,False,
2025-04-01,East,Electronics,10932.5,185,False,
2025-04-01,South,Home & Kitchen,9143.98,143,False,
2025-04-01,West,Apparel,16340.71,337,False,
2025-04-01,South,Electronics,11744.39,238,False,
2025-04-01,East,Home & Kitchen,9285.76,212,False,
2025-04-01,North,Groceries,14716.32,274,False,
2025-04-01,North,Apparel,17843.68,329,False,
2025-04-01,West,Sports,11428.19,209,False,
2025-04-01,East,Groceries,11855.86,241,False,
2025-04-01,East,Sports,7086.97,108,False,
2025-04-01,West,Home & Kitchen,10956.87,259,False,
2025-04-01,South,Sports,6859.74,169,False,
2025-04-02,West,Electronics,11292.0,193,False,
2025-04-02,North,Home & Kitchen,18017.26,361,False,
2025-04-02,West,Groceries,15532.4,369,False,
2025-04-02,East,Groceries,13781.13,338,False,
2025-04-02,North,Apparel,16840.6,276,False,
2025-04-02,South,Apparel,11323.43,229,False,
2025-04-02,North,Sports,19368.03,321,False,
2025-04-02,North,Groceries,15394.9,367,False,
2025-04-02,South,Electronics,11695.0,216,False,
2025-04-02,East,Electronics,12739.12,298,False,
2025-04-02,South,Home & Kitchen,8962.85,229,False,
2025-04-02,West,Home & Kitchen,11509.62,218,False,
2025-04-02,South,Sports,7898.85,191,False,
2025-04-02,East,Home & Kitchen,10318.06,151,False,
2025-04-02,North,Electronics,15641.47,315,False,
2025-04-02,South,Groceries,7924.04,180,False,
2025-04-02,East,Apparel,11643.66,283,False,
2025-04-02,West,Apparel,15680.73,434,False,
2025-04-02,East,Sports,7131.61,130,False,
2025-04-02,West,Sports,11806.9,262,False,
2025-04-03,East,Groceries,11958.85,303,False,
2025-04-03,West,Home & Kitchen,11577.68,210,False,
2025-04-03,East,Electronics,13601.54,365,False,
2025-04-03,North,Apparel,17019.29,379,False,
2025-04-03,South,Sports,6411.65,93,False,
2025-04-03,North,Groceries,13395.03,259,False,
2025-04-03,North,Home & Kitchen,19803.78,417,False,
2025-04-03,North,Sports,15849.9,325,False,
2025-04-03,North,Electronics,12586.63,272,False,
2025-04-03,South,Home & Kitchen,10081.22,171,False,
2025-04-03,South,Electronics,8653.93,195,False,
2025-04-03,South,Apparel,8590.33,181,False,
2025-04-03,East,Home & Kitchen,10046.06,173,False,
2025-04-03,West,Groceries,15495.32,338,False,
2025-04-03,South,Groceries,9595.28,196,False,
2025-04-03,East,Sports,7524.15,175,False,
2025-04-03,East,Apparel,12080.72,222,False,
2025-04-03,West,Apparel,13250.84,201,False,
2025-04-03,West,Electronics,11279.79,199,False,
2025-04-03,West,Sports,11828.77,221,False,
2025-04-04,North,Electronics,12218.36,221,False,
2025-04-04,South,Sports,8492.47,154,False,
2025-04-04,West,Home & Kitchen,11183.25,168,False,
2025-04-04,East,Apparel,11746.16,230,False,
2025-04-04,West,Apparel,15085.36,338,False,
2025-04-04,South,Home & Kitchen,9607.77,180,False,
2025-04-04,North,Groceries,14159.1,257,False,
2025-04-04,East,Home & Kitchen,8734.78,202,False,
2025-04-04,North,Home & Kitchen,19400.59,316,False,
2025-04-04,East,Groceries,11977.48,215,False,
2025-04-04,South,Electronics,10158.99,250,False,
2025-04-04,South,Apparel,10651.11,278,False,
2025-04-04,North,Apparel,14971.27,311,False,
2025-04-04,North,Sports,18253.07,310,False,
2025-04-04,West,Groceries,14756.93,281,False,
2025-04-04,East,Electronics,9507.03,190,False,
2025-04-04,East,Sports,7922.92,158,False,
2025-04-04,West,Sports,12327.88,306,False,
2025-04-04,West,Electronics,12623.76,278,False,
2025-04-04,South,Groceries,9730.69,202,False,
2025-04-05,East,Electronics,12724.08,289,False,
2025-04-05,South,Home & Kitchen,10381.45,245,False,
2025-04-05,West,Sports,16438.91,312,False,
2025-04-05,South,Groceries,8926.17,183,False,
2025-04-05,South,Electronics,12801.06,237,False,
2025-04-05,East,Apparel,15344.35,275,False,
2025-04-05,South,Apparel,11911.92,237,False,
2025-04-05,South,Sports,8676.34,142,False,
2025-04-05,East,Home & Kitchen,11793.64,234,False,
2025-04-05,North,Sports,19460.58,428,False,
2025-04-05,West,Home & Kitchen,14570.5,249,False,
2025-04-05,East,Groceries,12570.96,237,False,
2025-04-05,West,Groceries,17575.2,432,False,
2025-04-05,North,Apparel,20602.0,393,False,
2025-04-05,East,Sports,9037.08,193,False,
2025-04-05,North,Home & Kitchen,21549.42,411,False,
2025-04-05,West,Apparel,17297.38,371,False,
2025-04-05,North,Electronics,16024.51,417,False,
2025-04-05,West,Electronics,14037.95,339,False,
2025-04-05,North,Groceries,15638.23,410,False,
2025-04-06,North,Groceries,15498.77,296,False,
2025-04-06,West,Groceries,18354.08,322,False,
2025-04-06,East,Home & Kitchen,9183.27,177,False,
2025-04-06,South,Apparel,10624.16,172,False,
2025-04-06,South,Home & Kitchen,13509.93,358,False,
2025-04-06,South,Sports,9819.48,183,False,
2025-04-06,South,Groceries,11524.22,233,False,
2025-04-06,West,Apparel,17670.34,318,False,
2025-04-06,West,Electronics,15007.95,362,False,
2025-04-06,West,Sports,15697.58,310,False,
2025-04-06,North,Home & Kitchen,18251.99,380,False,
2025-04-06,East,Apparel,14322.16,260,False,
2025-04-06,East,Electronics,13563.75,245,False,
2025-04-06,North,Apparel,22003.29,344,False,
2025-04-06,South,Electronics,13461.97,263,False,
2025-04-06,West,Home & Kitchen,14422.56,335,False,
2025-04-06,North,Sports,15738.39,249,False,
2025-04-06,East,Sports,9229.62,159,False,
2025-04-06,North,Electronics,16001.09,255,False,
2025-04-06,East,Groceries,13829.19,278,False,
2025-04-07,North,Sports,14434.84,251,False,
2025-04-07,East,Apparel,14424.82,317,False,
2025-04-07,North,Groceries,12997.39,191,False,
2025-04-07,North,Home & Kitchen,16668.08,342,False,
2025-04-07,South,Apparel,10115.92,219,False,
2025-04-07,East,Sports,7164.07,135,False,
2025-04-07,West,Groceries,18689.28,542,False,
2025-04-07,West,Home & Kitchen,11168.55,217,False,
2025-04-07,North,Apparel,18563.19,274,False,
2025-04-07,East,Home & Kitchen,10036.14,162,False,
2025-04-07,South,Home & Kitchen,10980.54,200,False,
2025-04-07,South,Groceries,10548.24,218,False,
2025-04-07,West,Sports,12771.83,363,False,
2025-04-07,West,Electronics,13963.68,252,False,
2025-04-07,South,Sports,6420.87,143,False,
2025-04-07,East,Electronics,11564.99,228,False,
2025-04-07,South,Electronics,14514.75,364,False,
2025-04-07,West,Apparel,14823.78,371,False,
2025-04-07,East,Groceries,11818.73,181,False,
2025-04-07,North,Electronics,13716.3,251,False,
2025-04-08,South,Groceries,8228.94,171,False,
2025-04-08,North,Electronics,13328.62,266,False,
2025-04-08,West,Electronics,12821.16,254,False,
2025-04-08,West,Home & Kitchen,13327.94,317,False,
2025-04-08,West,Apparel,16496.3,392,False,
2025-04-08,North,Sports,11934.72,194,False,
2025-04-08,East,Apparel,12563.2,235,False,
2025-04-08,South,Apparel,8999.35,219,False,
2025-04-08,North,Groceries,15430.85,297,False,
2025-04-08,East,Electronics,10905.02,218,False,
2025-04-08,East,Home & Kitchen,9392.53,173,False,
2025-04-08,East,Groceries,10524.29,170,False,
2025-04-08,South,Electronics,9993.0,208,False,
2025-04-08,South,Sports,6425.01,127,False,
2025-04-08,South,Home & Kitchen,10710.56,209,False,
2025-04-08,North,Home & Kitchen,17586.73,379,False,
2025-04-08,West,Sports,12488.65,245,False,
2025-04-08,North,Apparel,17383.7,328,False,
2025-04-08,West,Groceries,18086.5,441,False,
2025-04-08,East,Sports,6910.63,136,False,
2025-04-09,North,Electronics,15029.84,297,False,
2025-04-09,North,Sports,15180.31,238,False,
2025-04-09,North,Home & Kitchen,20616.6,436,False,
2025-04-09,East,Electronics,10676.26,214,False,
2025-04-09,North,Apparel,17673.74,349,False,
2025-04-09,East,Apparel,11684.69,235,False,
2025-04-09,West,Home & Kitchen,11719.39,186,False,
2025-04-09,West,Apparel,15849.02,299,False,
2025-04-09,East,Sports,6367.95,136,False,
2025-04-09,East,Home & Kitchen,8600.03,183,False,
2025-04-09,South,Electronics,10345.71,191,False,
2025-04-09,South,Sports,7400.69,147,False,
2025-04-09,West,Sports,14299.33,341,False,
2025-04-09,West,Groceries,15246.23,383,False,
2025-04-09,East,Groceries,12146.48,209,False,
2025-04-09,South,Apparel,9425.29,224,False,
2025-04-09,West,Electronics,11672.29,276,False,
2025-04-09,North,Groceries,14844.28,241,False,
2025-04-09,South,Groceries,9554.86,198,False,
2025-04-09,South,Home & Kitchen,9202.92,178,False,
2025-04-10,North,Apparel,19145.81,373,False,
2025-04-10,South,Sports,7948.61,218,False,
2025-04-10,West,Electronics,13149.2,273,False,
2025-04-10,North,Electronics,13643.86,289,False,
2025-04-10,North,Groceries,15206.31,241,False,
2025-04-10,East,Groceries,13216.63,254,False,
2025-04-10,East,Electronics,11156.47,267,False,
2025-04-10,North,Sports,17086.16,340,False,
2025-04-10,East,Apparel,11643.19,225,False,
2025-04-10,East,Sports,6590.7,103,False,
2025-04-10,South,Electronics,12860.11,235,False,
2025-04-10,South,Groceries,9559.5,194,False,
2025-04-10,North,Home & Kitchen,17965.76,431,False,
2025-04-10,West,Apparel,14810.12,308,False,
2025-04-10,East,Home & Kitchen,9548.66,128,False,
2025-04-10,West,Sports,9727.6,184,False,
2025-04-10,South,Apparel,9370.11,167,False,
2025-04-10,West,Home & Kitchen,11646.78,284,False,
2025-04-10,South,Home & Kitchen,9909.41,182,False,
2025-04-10,West,Groceries,14350.1,284,False,
2025-04-11,East,Sports,7338.11,135,False,
2025-04-11,West,Sports,12218.55,212,False,
2025-04-11,West,Electronics,12602.75,174,False,
2025-04-11,North,Groceries,14192.55,368,False,
2025-04-11,South,Apparel,11711.76,219,False,
2025-04-11,South,Groceries,11558.5,194,False,
2025-04-11,East,Apparel,12329.1,215,False,
2025-04-11,North,Sports,14902.35,274,False,
2025-04-11,West,Groceries,15838.02,354,False,
2025-04-11,East,Home & Kitchen,10302.68,178,False,
2025-04-11,North,Apparel,17214.96,367,False,
2025-04-11,South,Home & Kitchen,9237.07,165,False,
2025-04-11,West,Home & Kitchen,12553.37,285,False,
2025-04-11,East,Electronics,10793.49,189,False,
2025-04-11,South,Sports,7273.35,131,False,
2025-04-11,North,Home & Kitchen,19535.65,346,False,
2025-04-11,East,Groceries,11835.54,210,False,
2025-04-11,South,Electronics,9871.29,244,False,
2025-04-11,West,Apparel,16223.4,303,False,
2025-04-11,North,Electronics,4049.19,280,True,sudden_drop
2025-04-12,East,Electronics,11739.99,138,False,
2025-04-12,South,Groceries,8704.07,216,False,
2025-04-12,West,Apparel,16354.53,346,False,
2025-04-12,North,Groceries,17504.94,415,False,
2025-04-12,North,Electronics,13587.52,277,False,
2025-04-12,North,Home & Kitchen,17983.93,366,False,
2025-04-12,South,Apparel,12410.23,168,False,
2025-04-12,East,Apparel,15920.83,345,False,
2025-04-12,North,Apparel,22077.06,549,False,
2025-04-12,West,Electronics,14536.06,248,False,
2025-04-12,East,Sports,8433.09,199,False,
2025-04-12,West,Groceries,17451.44,328,False,
2025-04-12,West,Home & Kitchen,13253.59,281,False,
2025-04-12,South,Sports,7992.3,144,False,
2025-04-12,East,Groceries,13819.83,253,False,
2025-04-12,South,Electronics,11439.81,236,False,
2025-04-12,West,Sports,11779.25,220,False,
2025-04-12,East,Home & Kitchen,9503.24,184,False,
2025-04-12,South,Home & Kitchen,11761.57,244,False,
2025-04-12,North,Sports,18624.51,317,False,
2025-04-13,South,Groceries,10023.19,260,False,
2025-04-13,East,Groceries,14880.3,324,False,
2025-04-13,North,Home & Kitchen,21003.87,323,False,
2025-04-13,North,Groceries,17690.94,411,False,
2025-04-13,East,Electronics,11914.83,211,False,
2025-04-13,North,Electronics,15420.06,277,False,
2025-04-13,East,Home & Kitchen,10809.89,252,False,
2025-04-13,West,Apparel,15848.73,297,False,
2025-04-13,South,Electronics,14557.58,339,False,
2025-04-13,West,Groceries,16771.48,440,False,
2025-04-13,South,Sports,7433.64,149,False,
2025-04-13,East,Apparel,13776.87,331,False,
2025-04-13,South,Home & Kitchen,11639.11,181,False,
2025-04-13,North,Sports,19842.93,349,False,
2025-04-13,South,Apparel,10989.56,206,False,
2025-04-13,North,Apparel,18610.95,364,False,
2025-04-13,East,Sports,8540.54,184,False,
2025-04-13,West,Electronics,13945.34,325,False,
2025-04-13,West,Sports,12317.98,306,False,
2025-04-13,West,Home & Kitchen,15213.85,274,False,
2025-04-14,South,Apparel,10039.08,181,False,
2025-04-14,East,Home & Kitchen,9398.96,143,False,
2025-04-14,West,Home & Kitchen,12554.65,302,False,
2025-04-14,South,Groceries,10629.62,183,False,
2025-04-14,South,Home & Kitchen,8783.41,153,False,
2025-04-14,West,Groceries,16148.9,302,False,
2025-04-14,South,Electronics,12097.12,177,False,
2025-04-14,West,Apparel,15312.6,392,False,
2025-04-14,East,Sports,7626.32,209,False,
2025-04-14,North,Home & Kitchen,19017.69,395,False,
2025-04-14,West,Sports,12006.59,266,False,
2025-04-14,West,Electronics,13801.58,231,False,
2025-04-14,North,Sports,16180.66,368,False,
2025-04-14,East,Groceries,12378.32,248,False,
2025-04-14,East,Electronics,11940.61,274,False,
2025-04-14,North,Electronics,14884.01,299,False,
2025-04-14,North,Groceries,14829.29,305,False,
2025-04-14,South,Sports,7595.96,128,False,
2025-04-14,East,Apparel,14445.61,278,False,
2025-04-14,North,Apparel,16713.56,314,False,
2025-04-15,North,Home & Kitchen,18531.18,400,False,
2025-04-15,East,Apparel,12641.73,221,False,
2025-04-15,East,Groceries,13714.98,247,False,
2025-04-15,West,Sports,11518.49,235,False,
2025-04-15,South,Home & Kitchen,10159.63,158,False,
2025-04-15,East,Sports,6237.24,149,False,
2025-04-15,North,Sports,16093.04,351,False,
2025-04-15,West,Electronics,13661.93,252,False,
2025-04-15,West,Groceries,14662.58,277,False,
2025-04-15,South,Apparel,10197.63,263,False,
2025-04-15,South,Sports,7865.72,148,False,
2025-04-15,West,Apparel,14065.9,297,False,
2025-04-15,South,Electronics,10224.05,247,False,
2025-04-15,East,Electronics,10855.39,208,False,
2025-04-15,North,Groceries,13716.26,320,False,
2025-04-15,South,Groceries,9562.16,218,False,
2025-04-15,North,Electronics,14759.39,341,False,
2025-04-15,East,Home & Kitchen,9716.89,173,False,
2025-04-15,West,Home & Kitchen,11568.44,210,False,
2025-04-15,North,Apparel,20085.4,444,False,
2025-04-16,South,Electronics,11986.36,234,False,
2025-04-16,East,Groceries,12043.17,236,False,
2025-04-16,West,Sports,13226.21,283,False,
2025-04-16,East,Apparel,12970.74,204,False,
2025-04-16,South,Home & Kitchen,11563.05,164,False,
2025-04-16,East,Home & Kitchen,9671.08,210,False,
2025-04-16,North,Home & Kitchen,20774.33,472,False,
2025-04-16,West,Groceries,16182.23,296,False,
2025-04-16,North,Electronics,13969.8,241,False,
2025-04-16,South,Groceries,9826.06,204,False,
2025-04-16,North,Groceries,14640.16,236,False,
2025-04-16,East,Electronics,10988.13,229,False,
2025-04-16,South,Sports,7416.47,135,False,
2025-04-16,West,Apparel,16133.54,316,False,
2025-04-16,North,Apparel,18295.36,343,False,
2025-04-16,West,Home & Kitchen,11840.1,328,False,
2025-04-16,East,Sports,7335.76,116,False,
2025-04-16,South,Apparel,9475.72,157,False,
2025-04-16,North,Sports,13932.5,323,False,
2025-04-16,West,Electronics,11541.27,194,False,
2025-04-17,East,Sports,7829.46,123,False,
2025-04-17,West,Sports,12843.51,232,False,
2025-04-17,East,Apparel,12234.06,231,False,
2025-04-17,North,Sports,15129.14,274,False,
2025-04-17,West,Groceries,14906.64,344,False,
2025-04-17,North,Electronics,13574.71,325,False,
2025-04-17,West,Home & Kitchen,10902.29,186,False,
2025-04-17,South,Apparel,11295.97,270,False,
2025-04-17,North,Groceries,15177.68,345,False,
2025-04-17,North,Home & Kitchen,18718.25,293,False,
2025-04-17,East,Electronics,10027.48,179,False,
2025-04-17,South,Groceries,9851.68,186,False,
2025-04-17,West,Apparel,16366.22,278,False,
2025-04-17,South,Sports,7081.04,136,False,
2025-04-17,West,Electronics,12269.0,200,False,
2025-04-17,South,Electronics,12700.1,251,False,
2025-04-17,North,Apparel,17045.56,376,False,
2025-04-17,South,Home & Kitchen,10888.15,223,False,
2025-04-17,East,Groceries,11278.36,293,False,
2025-04-17,East,Home & Kitchen,10666.5,231,False,
2025-04-18,West,Electronics,12573.93,200,False,
2025-04-18,East,Apparel,13401.27,257,False,
2025-04-18,North,Apparel,16694.88,333,False,
2025-04-18,East,Groceries,11836.0,243,False,
2025-04-18,South,Sports,8866.73,149,False,
2025-04-18,East,Electronics,11182.44,256,False,
2025-04-18,East,Home & Kitchen,10741.66,242,False,
2025-04-18,North,Groceries,14369.16,335,False,
2025-04-18,North,Sports,17700.1,353,False,
2025-04-18,South,Electronics,10848.1,276,False,
2025-04-18,North,Electronics,12236.33,222,False,
2025-04-18,North,Home & Kitchen,19879.1,480,False,
2025-04-18,South,Groceries,9922.54,174,False,
2025-04-18,West,Home & Kitchen,13101.22,335,False,
2025-04-18,West,Sports,11773.6,308,False,
2025-04-18,South,Home & Kitchen,9567.19,186,False,
2025-04-18,South,Apparel,9849.84,258,False,
2025-04-18,East,Sports,7863.1,144,False,
2025-04-18,West,Apparel,14318.75,413,False,
2025-04-18,West,Groceries,16916.58,378,False,
2025-04-19,North,Groceries,15254.42,305,False,
2025-04-19,South,Home & Kitchen,12249.05,214,False,
2025-04-19,West,Apparel,15771.23,262,False,
2025-04-19,North,Sports,17280.29,311,False,
2025-04-19,East,Sports,7847.55,166,False,
2025-04-19,West,Electronics,13597.4,301,False,
2025-04-19,North,Apparel,21195.17,424,False,
2025-04-19,West,Home & Kitchen,13800.4,262,False,
2025-04-19,South,Sports,8392.53,206,False,
2025-04-19,East,Electronics,13326.05,334,False,
2025-04-19,North,Home & Kitchen,25363.68,374,False,
2025-04-19,West,Groceries,22105.44,409,False,
2025-04-19,East,Apparel,14641.77,291,False,
2025-04-19,South,Apparel,11114.99,129,False,
2025-04-19,East,Home & Kitchen,12145.42,292,False,
2025-04-19,East,Groceries,13862.97,241,False,
2025-04-19,South,Groceries,11560.01,285,False,
2025-04-19,North,Electronics,17000.83,479,False,
2025-04-19,South,Electronics,9738.57,181,False,
2025-04-19,West,Sports,12030.14,287,False,
2025-04-20,West,Groceries,18523.63,395,False,
2025-04-20,East,Groceries,11951.58,261,False,
2025-04-20,South,Apparel,12553.2,300,False,
2025-04-20,West,Apparel,16724.47,333,False,
2025-04-20,South,Electronics,12758.45,217,False,
2025-04-20,South,Home & Kitchen,12194.92,243,False,
2025-04-20,North,Home & Kitchen,20617.85,404,False,
2025-04-20,West,Sports,14300.76,327,False,
2025-04-20,East,Home & Kitchen,12002.3,328,False,
2025-04-20,North,Sports,17792.39,362,False,
2025-04-20,North,Groceries,15896.19,313,False,
2025-04-20,North,Apparel,19479.88,313,False,
2025-04-20,West,Home & Kitchen,13457.58,274,False,
2025-04-20,South,Groceries,13073.34,281,False,
2025-04-20,East,Electronics,13205.32,224,False,
2025-04-20,West,Electronics,13872.52,198,False,
2025-04-20,North,Electronics,16461.6,278,False,
2025-04-20,East,Apparel,15562.34,322,False,
2025-04-20,East,Sports,7377.11,116,False,
2025-04-20,South,Sports,7516.53,159,False,
2025-04-21,North,Sports,16406.32,288,False,
2025-04-21,East,Electronics,10017.18,224,False,
2025-04-21,East,Sports,7354.55,134,False,
2025-04-21,West,Apparel,15600.36,336,False,
2025-04-21,South,Sports,7937.39,180,False,
2025-04-21,North,Home & Kitchen,19133.98,407,False,
2025-04-21,West,Sports,11619.2,177,False,
2025-04-21,West,Groceries,15057.17,275,False,
2025-04-21,East,Groceries,11989.99,241,False,
2025-04-21,East,Home & Kitchen,9773.96,238,False,
2025-04-21,West,Home & Kitchen,11607.43,307,False,
2025-04-21,South,Groceries,10120.39,165,False,
2025-04-21,East,Apparel,12757.97,212,False,
2025-04-21,North,Electronics,12262.14,251,False,
2025-04-21,West,Electronics,11808.53,239,False,
2025-04-21,South,Apparel,9898.55,181,False,
2025-04-21,North,Groceries,16546.62,349,False,
2025-04-21,South,Electronics,11779.07,245,False,
2025-04-21,North,Apparel,19304.24,376,False,
2025-04-21,South,Home & Kitchen,10063.11,229,False,
2025-04-22,South,Apparel,9926.64,259,False,
2025-04-22,West,Electronics,12453.04,291,False,
2025-04-22,North,Sports,17087.35,347,False,
2025-04-22,East,Home & Kitchen,9073.32,194,False,
2025-04-22,North,Groceries,17355.95,376,False,
2025-04-22,South,Groceries,10588.23,213,False,
2025-04-22,West,Sports,10545.99,225,False,
2025-04-22,West,Groceries,19070.45,340,False,
2025-04-22,East,Electronics,12484.99,214,False,
2025-04-22,East,Groceries,12115.89,224,False,
2025-04-22,South,Sports,7849.24,209,False,
2025-04-22,North,Apparel,20673.33,465,False,
2025-04-22,West,Home & Kitchen,11734.99,246,False,
2025-04-22,North,Home & Kitchen,20598.64,443,False,
2025-04-22,East,Sports,8016.4,196,False,
2025-04-22,West,Apparel,15804.2,357,False,
2025-04-22,South,Home & Kitchen,10218.9,252,False,
2025-04-22,East,Apparel,14252.13,316,False,
2025-04-22,South,Electronics,11563.58,245,False,
2025-04-22,North,Electronics,14228.25,228,False,
2025-04-23,West,Sports,12459.22,198,False,
2025-04-23,North,Home & Kitchen,19318.84,359,False,
2025-04-23,East,Apparel,11398.19,226,False,
2025-04-23,North,Sports,18144.15,308,False,
2025-04-23,South,Groceries,9975.89,156,False,
2025-04-23,South,Sports,6844.16,131,False,
2025-04-23,West,Apparel,14064.86,302,False,
2025-04-23,South,Electronics,12213.72,317,False,
2025-04-23,East,Home & Kitchen,9171.98,227,False,
2025-04-23,North,Electronics,13580.3,244,False,
2025-04-23,West,Home & Kitchen,12423.83,372,False,
2025-04-23,East,Sports,7538.48,145,False,
2025-04-23,East,Groceries,13321.71,238,False,
2025-04-23,West,Groceries,16437.69,401,False,
2025-04-23,South,Apparel,11700.45,269,False,
2025-04-23,North,Apparel,17592.84,310,False,
2025-04-23,South,Home & Kitchen,9025.86,174,False,
2025-04-23,East,Electronics,10659.34,157,False,
2025-04-23,West,Electronics,11723.12,266,False,
2025-04-23,North,Groceries,12421.99,311,False,
2025-04-24,South,Apparel,8899.32,163,False,
2025-04-24,East,Home & Kitchen,8999.38,198,False,
2025-04-24,East,Apparel,12784.14,242,False,
2025-04-24,South,Electronics,14044.22,280,False,
2025-04-24,West,Groceries,18035.98,339,False,
2025-04-24,West,Apparel,14977.43,268,False,
2025-04-24,West,Home & Kitchen,10134.41,241,False,
2025-04-24,North,Groceries,17287.05,335,False,
2025-04-24,North,Home & Kitchen,17885.39,435,False,
2025-04-24,South,Sports,6931.41,155,False,
2025-04-24,East,Sports,6774.62,151,False,
2025-04-24,South,Groceries,9160.38,154,False,
2025-04-24,West,Electronics,12736.39,223,False,
2025-04-24,South,Home & Kitchen,10454.03,154,False,
2025-04-24,East,Groceries,13130.68,240,False,
2025-04-24,North,Sports,15278.21,346,False,
2025-04-24,East,Electronics,9226.08,173,False,
2025-04-24,West,Sports,11964.47,203,False,
2025-04-24,North,Apparel,18111.24,397,False,
2025-04-24,North,Electronics,13890.04,287,False,
2025-04-25,West,Electronics,13417.96,230,False,
2025-04-25,East,Groceries,11656.4,270,False,
2025-04-25,South,Electronics,11839.02,214,False,
2025-04-25,South,Home & Kitchen,10086.4,213,False,
2025-04-25,South,Sports,7691.45,155,False,
2025-04-25,North,Groceries,14574.04,298,False,
2025-04-25,North,Apparel,16290.37,365,False,
2025-04-25,West,Home & Kitchen,12086.48,259,False,
2025-04-25,North,Home & Kitchen,20009.67,467,False,
2025-04-25,East,Sports,7522.73,168,False,
2025-04-25,East,Electronics,11352.49,292,False,
2025-04-25,East,Apparel,13884.58,295,False,
2025-04-25,West,Sports,11533.62,231,False,
2025-04-25,West,Groceries,13330.36,314,False,
2025-04-25,North,Electronics,11073.4,221,False,
2025-04-25,North,Sports,14434.51,259,False,
2025-04-25,South,Groceries,10209.93,178,False,
2025-04-25,East,Home & Kitchen,9361.7,177,False,
2025-04-25,West,Apparel,14727.14,333,False,
2025-04-25,South,Apparel,9703.16,171,False,
2025-04-26,East,Apparel,14573.29,271,False,
2025-04-26,South,Groceries,10349.44,175,False,
2025-04-26,West,Home & Kitchen,14360.74,216,False,
2025-04-26,North,Groceries,18633.67,365,False,
2025-04-26,South,Home & Kitchen,11550.49,186,False,
2025-04-26,North,Apparel,21276.63,477,False,
2025-04-26,West,Electronics,15429.14,299,False,
2025-04-26,North,Home & Kitchen,21649.21,404,False,
2025-04-26,East,Sports,7902.71,170,False,
2025-04-26,East,Electronics,11077.11,236,False,
2025-04-26,West,Groceries,16657.68,285,False,
2025-04-26,North,Electronics,16117.18,256,False,
2025-04-26,North,Sports,17630.23,372,False,
2025-04-26,South,Sports,8812.86,158,False,
2025-04-26,South,Apparel,11563.06,216,False,
2025-04-26,West,Apparel,17765.72,291,False,
2025-04-26,East,Home & Kitchen,10148.83,248,False,
2025-04-26,West,Sports,14564.04,313,False,
2025-04-26,East,Groceries,15256.1,279,False,
2025-04-26,South,Electronics,13139.25,201,False,
2025-04-27,North,Home & Kitchen,18678.27,408,False,
2025-04-27,West,Electronics,13849.31,350,False,
2025-04-27,East,Groceries,12783.48,240,False,
2025-04-27,South,Home & Kitchen,13670.14,352,False,
2025-04-27,East,Electronics,10319.46,196,False,
2025-04-27,North,Groceries,17544.86,359,False,
2025-04-27,South,Electronics,12888.43,377,False,
2025-04-27,South,Sports,8267.86,197,False,
2025-04-27,North,Apparel,18724.85,371,False,
2025-04-27,East,Home & Kitchen,9334.31,143,False,
2025-04-27,West,Sports,13936.6,214,False,
2025-04-27,South,Groceries,10174.3,215,False,
2025-04-27,West,Apparel,20374.93,463,False,
2025-04-27,North,Electronics,14870.56,295,False,
2025-04-27,East,Apparel,13445.27,227,False,
2025-04-27,West,Groceries,17612.45,506,False,
2025-04-27,North,Sports,18910.73,348,False,
2025-04-27,East,Sports,7739.97,156,False,
2025-04-27,West,Home & Kitchen,14586.96,240,False,
2025-04-27,South,Apparel,11339.15,238,False,
2025-04-28,North,Groceries,13976.99,291,False,
2025-04-28,South,Groceries,9217.09,148,False,
2025-04-28,West,Apparel,14753.44,292,False,
2025-04-28,North,Electronics,15183.19,309,False,
2025-04-28,East,Groceries,12773.14,296,False,
2025-04-28,South,Apparel,9839.91,177,False,
2025-04-28,West,Home & Kitchen,14155.39,332,False,
2025-04-28,West,Electronics,12628.41,254,False,
2025-04-28,North,Apparel,17932.4,341,False,
2025-04-28,East,Apparel,14114.54,353,False,
2025-04-28,West,Sports,10448.77,175,False,
2025-04-28,East,Electronics,10705.55,191,False,
2025-04-28,South,Sports,7663.51,162,False,
2025-04-28,North,Sports,16575.91,338,False,
2025-04-28,South,Electronics,12199.25,220,False,
2025-04-28,North,Home & Kitchen,18506.23,388,False,
2025-04-28,East,Sports,7879.33,142,False,
2025-04-28,East,Home & Kitchen,8384.01,153,False,
2025-04-28,West,Groceries,14673.05,268,False,
2025-04-28,South,Home & Kitchen,9452.69,209,False,
2025-04-29,North,Sports,17510.47,377,False,
2025-04-29,South,Electronics,12990.86,231,False,
2025-04-29,West,Apparel,14174.54,219,False,
2025-04-29,South,Home & Kitchen,9550.69,216,False,
2025-04-29,East,Home & Kitchen,9462.84,169,False,
2025-04-29,East,Sports,8509.88,183,False,
2025-04-29,East,Groceries,13495.83,322,False,
2025-04-29,South,Groceries,9485.19,176,False,
2025-04-29,West,Groceries,16479.67,305,False,
2025-04-29,South,Apparel,9256.02,190,False,
2025-04-29,North,Home & Kitchen,19866.35,477,False,
2025-04-29,North,Electronics,12966.16,268,False,
2025-04-29,North,Apparel,13444.49,300,False,
2025-04-29,West,Home & Kitchen,13141.4,278,False,
2025-04-29,West,Sports,11237.53,194,False,
2025-04-29,North,Groceries,12370.1,268,False,
2025-04-29,East,Apparel,13241.24,245,False,
2025-04-29,South,Sports,8174.03,170,False,
2025-04-29,East,Electronics,9376.85,157,False,
2025-04-29,West,Electronics,14018.21,362,False,
2025-04-30,North,Electronics,13846.99,257,False,
2025-04-30,East,Apparel,14638.65,350,False,
2025-04-30,East,Electronics,9774.19,236,False,
2025-04-30,West,Sports,11060.03,154,False,
2025-04-30,West,Electronics,12052.84,213,False,
2025-04-30,South,Home & Kitchen,10603.66,210,False,
2025-04-30,North,Sports,15495.23,293,False,
2025-04-30,South,Apparel,10055.13,171,False,
2025-04-30,South,Sports,7691.19,177,False,
2025-04-30,East,Sports,8384.62,144,False,
2025-04-30,East,Home & Kitchen,9958.71,195,False,
2025-04-30,East,Groceries,12307.47,274,False,
2025-04-30,North,Home & Kitchen,20479.64,527,False,
2025-04-30,West,Home & Kitchen,13876.92,231,False,
2025-04-30,North,Apparel,16680.23,347,False,
2025-04-30,South,Electronics,11295.16,169,False,
2025-04-30,North,Groceries,13714.84,310,False,
2025-04-30,West,Apparel,16304.3,339,False,
2025-04-30,West,Groceries,15071.05,285,False,
2025-04-30,South,Groceries,10560.92,285,False,
2025-05-01,West,Home & Kitchen,12294.99,273,False,
2025-05-01,North,Groceries,14919.35,278,False,
2025-05-01,South,Sports,7736.42,145,False,
2025-05-01,North,Apparel,19654.67,383,False,
2025-05-01,West,Sports,12224.72,270,False,
2025-05-01,East,Sports,8254.03,186,False,
2025-05-01,North,Home & Kitchen,19675.3,360,False,
2025-05-01,West,Electronics,12784.13,218,False,
2025-05-01,East,Electronics,10582.9,188,False,
2025-05-01,South,Home & Kitchen,11524.21,282,False,
2025-05-01,West,Groceries,15471.22,323,False,
2025-05-01,North,Sports,17071.8,329,False,
2025-05-01,South,Groceries,9076.46,213,False,
2025-05-01,East,Home & Kitchen,10419.32,169,False,
2025-05-01,North,Electronics,12661.35,269,False,
2025-05-01,South,Electronics,12083.17,261,False,
2025-05-01,East,Groceries,12941.39,256,False,
2025-05-01,West,Apparel,15767.12,348,False,
2025-05-01,East,Apparel,13392.47,245,False,
2025-05-01,South,Apparel,10597.55,215,False,
2025-05-02,North,Groceries,15769.24,343,False,
2025-05-02,West,Home & Kitchen,12264.0,328,False,
2025-05-02,North,Electronics,14025.09,213,False,
2025-05-02,South,Sports,7021.51,162,False,
2025-05-02,South,Electronics,11914.33,276,False,
2025-05-02,West,Sports,11684.72,249,False,
2025-05-02,East,Sports,7181.92,120,False,
2025-05-02,South,Apparel,10098.32,199,False,
2025-05-02,East,Apparel,13251.12,194,False,
2025-05-02,West,Groceries,16191.65,362,False,
2025-05-02,East,Electronics,9909.34,201,False,
2025-05-02,West,Apparel,13810.62,250,False,
2025-05-02,South,Groceries,10752.34,163,False,
2025-05-02,East,Home & Kitchen,9091.71,159,False,
2025-05-02,North,Sports,15693.61,379,False,
2025-05-02,South,Home & Kitchen,9736.27,196,False,
2025-05-02,East,Groceries,10505.64,182,False,
2025-05-02,West,Electronics,11768.32,240,False,
2025-05-02,North,Apparel,20916.26,410,False,
2025-05-02,North,Home & Kitchen,18602.96,399,False,
2025-05-03,North,Apparel,19327.77,492,False,
2025-05-03,East,Apparel,14896.04,314,False,
2025-05-03,West,Home & Kitchen,12980.8,250,False,
2025-05-03,East,Electronics,12256.01,265,False,
2025-05-03,North,Groceries,16797.39,330,False,
2025-05-03,West,Sports,15702.32,323,False,
2025-05-03,South,Electronics,12979.83,244,False,
2025-05-03,East,Home & Kitchen,10195.4,240,False,
2025-05-03,West,Groceries,21519.41,555,False,
2025-05-03,North,Electronics,15500.33,262,False,
2025-05-03,South,Groceries,11762.59,248,False,
2025-05-03,East,Groceries,12425.5,209,False,
2025-05-03,South,Apparel,11436.66,182,False,
2025-05-03,West,Apparel,17746.11,403,False,
2025-05-03,North,Sports,19208.63,366,False,
2025-05-03,North,Home & Kitchen,20205.45,513,False,
2025-05-03,West,Electronics,13248.21,229,False,
2025-05-03,South,Home & Kitchen,10771.84,186,False,
2025-05-03,East,Sports,9285.68,182,False,
2025-05-03,South,Sports,7495.59,153,False,
2025-05-04,West,Apparel,16964.36,382,False,
2025-05-04,South,Electronics,14700.59,329,False,
2025-05-04,South,Sports,8384.61,185,False,
2025-05-04,South,Home & Kitchen,10980.44,219,False,
2025-05-04,North,Apparel,20130.25,414,False,
2025-05-04,North,Electronics,14634.52,285,False,
2025-05-04,East,Apparel,16129.75,297,False,
2025-05-04,East,Home & Kitchen,10705.48,161,False,
2025-05-04,West,Groceries,18181.44,318,False,
2025-05-04,North,Home & Kitchen,22816.21,402,False,
2025-05-04,East,Sports,7547.19,115,False,
2025-05-04,East,Electronics,13800.01,298,False,
2025-05-04,South,Apparel,11132.1,250,False,
2025-05-04,North,Groceries,17588.96,351,False,
2025-05-04,North,Sports,17271.86,374,False,
2025-05-04,West,Electronics,16302.0,368,False,
2025-05-04,West,Home & Kitchen,13133.81,312,False,
2025-05-04,East,Groceries,12743.93,288,False,
2025-05-04,South,Groceries,11977.68,223,False,
2025-05-04,West,Sports,14447.84,292,False,
2025-05-05,South,Groceries,8780.79,173,False,
2025-05-05,West,Sports,11293.91,318,False,
2025-05-05,South,Electronics,10836.74,225,False,
2025-05-05,West,Apparel,15787.23,390,False,
2025-05-05,North,Sports,17292.21,314,False,
2025-05-05,East,Home & Kitchen,10656.55,265,False,
2025-05-05,East,Electronics,9441.83,228,False,
2025-05-05,West,Groceries,15760.13,282,False,
2025-05-05,North,Groceries,13806.7,257,False,
2025-05-05,South,Apparel,9910.4,225,False,
2025-05-05,East,Sports,6722.51,182,False,
2025-05-05,North,Electronics,13641.15,247,False,
2025-05-05,North,Home & Kitchen,18411.57,373,False,
2025-05-05,West,Electronics,12918.19,322,False,
2025-05-05,West,Home & Kitchen,12286.3,210,False,
2025-05-05,South,Home & Kitchen,10193.39,183,False,
2025-05-05,East,Apparel,13524.22,223,False,
2025-05-05,East,Groceries,11660.27,261,False,
2025-05-05,South,Sports,7372.24,172,False,
2025-05-05,North,Apparel,17500.86,309,False,
2025-05-06,East,Groceries,11978.64,221,False,
2025-05-06,North,Sports,16377.32,350,False,
2025-05-06,South,Electronics,10795.82,238,False,
2025-05-06,North,Electronics,14553.99,423,False,
2025-05-06,South,Sports,7313.29,136,False,
2025-05-06,East,Sports,7689.08,181,False,
2025-05-06,West,Electronics,12712.08,229,False,
2025-05-06,West,Groceries,15766.08,386,False,
2025-05-06,North,Home & Kitchen,18169.08,509,False,
2025-05-06,East,Home & Kitchen,10752.32,206,False,
2025-05-06,South,Groceries,9086.16,212,False,
2025-05-06,West,Sports,13040.21,285,False,
2025-05-06,South,Apparel,9027.44,156,False,
2025-05-06,West,Apparel,13943.17,254,False,
2025-05-06,North,Groceries,13069.93,304,False,
2025-05-06,West,Home & Kitchen,11186.67,212,False,
2025-05-06,East,Electronics,12094.85,299,False,
2025-05-06,North,Apparel,20195.2,415,False,
2025-05-06,South,Home & Kitchen,9956.44,194,False,
2025-05-06,East,Apparel,13645.71,355,False,
2025-05-07,North,Apparel,16655.45,367,False,
2025-05-07,South,Sports,6310.9,149,False,
2025-05-07,South,Home & Kitchen,12444.9,223,False,
2025-05-07,West,Home & Kitchen,12722.99,228,False,
2025-05-07,West,Electronics,14517.01,320,False,
2025-05-07,North,Home & Kitchen,16290.08,254,False,
2025-05-07,East,Sports,7231.66,125,False,
2025-05-07,East,Apparel,12277.38,217,False,
2025-05-07,South,Electronics,12290.01,269,False,
2025-05-07,East,Groceries,11456.1,215,False,
2025-05-07,East,Electronics,11221.13,212,False,
2025-05-07,West,Sports,10333.39,198,False,
2025-05-07,South,Groceries,9398.33,214,False,
2025-05-07,West,Apparel,15465.23,332,False,
2025-05-07,South,Apparel,9141.47,200,False,
2025-05-07,East,Home & Kitchen,11029.56,187,False,
2025-05-07,North,Sports,16119.46,340,False,
2025-05-07,North,Electronics,13418.76,366,False,
2025-05-07,West,Groceries,15371.45,330,False,
2025-05-07,North,Groceries,14859.29,211,False,
2025-05-08,West,Home & Kitchen,11692.84,279,False,
2025-05-08,South,Groceries,9885.93,222,False,
2025-05-08,North,Electronics,13149.88,369,False,
2025-05-08,East,Apparel,12457.11,276,False,
2025-05-08,North,Groceries,16533.0,280,False,
2025-05-08,West,Apparel,15478.68,324,False,
2025-05-08,West,Groceries,17604.43,357,False,
2025-05-08,South,Home & Kitchen,9853.25,150,False,
2025-05-08,North,Apparel,19088.37,331,False,
2025-05-08,North,Home & Kitchen,18761.35,263,False,
2025-05-08,West,Electronics,11037.9,173,False,
2025-05-08,East,Groceries,12793.14,232,False,
2025-05-08,South,Apparel,10372.5,196,False,
2025-05-08,South,Electronics,11369.32,227,False,
2025-05-08,East,Home & Kitchen,10060.55,225,False,
2025-05-08,North,Sports,17656.82,329,False,
2025-05-08,East,Sports,7931.33,147,False,
2025-05-08,South,Sports,7846.68,170,False,
2025-05-08,West,Sports,12517.83,289,False,
2025-05-08,East,Electronics,11758.0,180,False,
2025-05-09,West,Home & Kitchen,12046.9,255,False,
2025-05-09,South,Sports,7534.0,148,False,
2025-05-09,North,Groceries,14277.4,316,False,
2025-05-09,West,Apparel,14202.74,295,False,
2025-05-09,South,Apparel,9183.41,175,False,
2025-05-09,East,Groceries,11905.17,214,False,
2025-05-09,West,Sports,12695.05,324,False,
2025-05-09,East,Apparel,12269.55,215,False,
2025-05-09,North,Electronics,11906.14,217,False,
2025-05-09,East,Electronics,9017.93,172,False,
2025-05-09,South,Home & Kitchen,10624.05,189,False,
2025-05-09,North,Sports,16622.94,308,False,
2025-05-09,West,Electronics,12982.78,277,False,
2025-05-09,South,Electronics,12176.57,282,False,
2025-05-09,East,Sports,7025.55,142,False,
2025-05-09,West,Groceries,16625.7,353,False,
2025-05-09,North,Apparel,15772.52,293,False,
2025-05-09,North,Home & Kitchen,19524.22,339,False,
2025-05-09,South,Groceries,8313.48,162,False,
2025-05-09,East,Home & Kitchen,10029.48,209,False,
2025-05-10,West,Sports,14584.71,302,False,
2025-05-10,East,Home & Kitchen,11363.18,259,False,
2025-05-10,West,Groceries,18630.01,343,False,
2025-05-10,West,Apparel,18053.36,337,False,
2025-05-10,South,Electronics,12096.03,294,False,
2025-05-10,East,Groceries,13693.58,336,False,
2025-05-10,East,Sports,8237.61,143,False,
2025-05-10,South,Groceries,11238.3,187,False,
2025-05-10,North,Electronics,14714.93,336,False,
2025-05-10,West,Electronics,12673.12,199,False,
2025-05-10,North,Groceries,16267.44,274,False,
2025-05-10,South,Sports,7912.6,154,False,
2025-05-10,South,Apparel,13654.92,282,False,
2025-05-10,North,Apparel,20542.04,466,False,
2025-05-10,North,Sports,18206.58,320,False,
2025-05-10,East,Apparel,15113.19,332,False,
2025-05-10,West,Home & Kitchen,14520.68,275,False,
2025-05-10,East,Electronics,13379.03,222,False,
2025-05-10,South,Home & Kitchen,12990.32,253,False,
2025-05-10,North,Home & Kitchen,23249.59,466,False,
2025-05-11,North,Electronics,16068.72,292,False,
2025-05-11,North,Apparel,16689.78,283,False,
2025-05-11,East,Home & Kitchen,12518.67,235,False,
2025-05-11,West,Apparel,14460.8,267,False,
2025-05-11,West,Home & Kitchen,12475.6,227,False,
2025-05-11,East,Sports,9471.26,160,False,
2025-05-11,East,Apparel,14882.93,204,False,
2025-05-11,South,Apparel,12148.32,205,False,
2025-05-11,North,Groceries,18725.92,363,False,
2025-05-11,East,Electronics,12128.73,285,False,
2025-05-11,South,Home & Kitchen,12010.74,203,False,
2025-05-11,West,Sports,15171.37,258,False,
2025-05-11,West,Electronics,14286.08,326,False,
2025-05-11,West,Groceries,16608.39,398,False,
2025-05-11,North,Home & Kitchen,22423.4,441,False,
2025-05-11,South,Groceries,10594.45,220,False,
2025-05-11,South,Sports,7904.56,197,False,
2025-05-11,East,Groceries,13370.82,331,False,
2025-05-11,South,Electronics,11494.36,272,False,
2025-05-11,North,Sports,18071.82,391,False,
2025-05-12,South,Apparel,9344.69,161,False,
2025-05-12,South,Sports,7373.07,141,False,
2025-05-12,North,Groceries,15460.82,365,False,
2025-05-12,East,Apparel,13420.5,312,False,
2025-05-12,North,Apparel,20697.9,336,False,
2025-05-12,West,Home & Kitchen,13107.98,343,False,
2025-05-12,South,Groceries,10470.46,203,False,
2025-05-12,East,Electronics,12547.7,240,False,
2025-05-12,South,Home & Kitchen,9636.16,174,False,
2025-05-12,West,Apparel,13868.72,371,False,
2025-05-12,North,Sports,17394.88,351,False,
2025-05-12,North,Home & Kitchen,21516.38,332,False,
2025-05-12,West,Sports,10802.61,196,False,
2025-05-12,West,Groceries,16297.67,276,False,
2025-05-12,West,Electronics,12045.79,197,False,
2025-05-12,South,Electronics,14165.12,241,False,
2025-05-12,East,Home & Kitchen,10620.56,246,False,
2025-05-12,North,Electronics,13737.12,314,False,
2025-05-12,East,Sports,7191.9,141,False,
2025-05-12,East,Groceries,12892.47,274,False,
2025-05-13,East,Apparel,11452.69,186,False,
2025-05-13,West,Sports,13832.14,267,False,
2025-05-13,East,Home & Kitchen,9892.76,194,False,
2025-05-13,South,Electronics,10741.79,195,False,
2025-05-13,South,Apparel,9758.27,224,False,
2025-05-13,North,Groceries,14354.78,312,False,
2025-05-13,North,Electronics,14453.11,224,False,
2025-05-13,West,Home & Kitchen,13391.42,312,False,
2025-05-13,West,Groceries,13989.82,219,False,
2025-05-13,North,Apparel,20154.96,464,False,
2025-05-13,East,Electronics,12237.08,258,False,
2025-05-13,West,Electronics,12195.1,280,False,
2025-05-13,West,Apparel,14402.31,233,False,
2025-05-13,North,Home & Kitchen,19279.31,308,False,
2025-05-13,East,Groceries,13612.93,341,False,
2025-05-13,South,Sports,7885.64,142,False,
2025-05-13,South,Groceries,10768.63,229,False,
2025-05-13,East,Sports,7368.19,115,False,
2025-05-13,South,Home & Kitchen,10628.47,230,False,
2025-05-13,North,Sports,15883.52,344,False,
2025-05-14,South,Apparel,8888.74,244,False,
2025-05-14,South,Home & Kitchen,9289.61,213,False,
2025-05-14,North,Electronics,13843.05,338,False,
2025-05-14,West,Home & Kitchen,13508.47,248,False,
2025-05-14,West,Sports,12794.05,278,False,
2025-05-14,North,Apparel,17906.44,349,False,
2025-05-14,North,Home & Kitchen,19696.19,467,False,
2025-05-14,North,Sports,16141.52,364,False,
2025-05-14,East,Groceries,13264.93,331,False,
2025-05-14,East,Apparel,13534.44,207,False,
2025-05-14,South,Electronics,11028.56,174,False,
2025-05-14,East,Sports,8256.26,180,False,
2025-05-14,West,Electronics,12850.78,322,False,
2025-05-14,West,Apparel,14413.09,245,False,
2025-05-14,South,Sports,8146.18,175,False,
2025-05-14,West,Groceries,14134.66,305,False,
2025-05-14,East,Electronics,10947.43,188,False,
2025-05-14,South,Groceries,9773.31,217,False,
2025-05-14,North,Groceries,14639.78,264,False,
2025-05-14,East,Home & Kitchen,9751.61,190,False,
2025-05-15,North,Groceries,14139.13,333,False,
2025-05-15,East,Groceries,12781.27,211,False,
2025-05-15,North,Sports,17230.94,364,False,
2025-05-15,East,Apparel,13326.35,223,False,
2025-05-15,South,Electronics,12674.57,284,False,
2025-05-15,North,Home & Kitchen,21231.86,364,False,
2025-05-15,North,Apparel,16603.2,303,False,
2025-05-15,East,Sports,6676.35,123,False,
2025-05-15,West,Electronics,13150.03,290,False,
2025-05-15,South,Sports,7073.81,149,False,
2025-05-15,West,Apparel,14399.01,257,False,
2025-05-15,North,Electronics,14279.51,312,False,
2025-05-15,South,Home & Kitchen,10790.24,239,False,
2025-05-15,South,Groceries,10053.62,186,False,
2025-05-15,South,Apparel,10011.16,168,False,
2025-05-15,West,Home & Kitchen,12269.36,281,False,
2025-05-15,East,Electronics,10077.93,196,False,
2025-05-15,West,Sports,12754.35,296,False,
2025-05-15,West,Groceries,18419.87,386,False,
2025-05-15,East,Home & Kitchen,10642.26,209,False,
2025-05-16,South,Groceries,9569.61,193,False,
2025-05-16,North,Apparel,18228.51,376,False,
2025-05-16,West,Home & Kitchen,11642.74,247,False,
2025-05-16,West,Sports,12437.58,343,False,
2025-05-16,West,Groceries,16732.22,509,False,
2025-05-16,North,Electronics,13921.37,304,False,
2025-05-16,South,Sports,7285.56,150,False,
2025-05-16,East,Home & Kitchen,9600.28,170,False,
2025-05-16,South,Electronics,10458.59,235,False,
2025-05-16,North,Sports,13985.49,293,False,
2025-05-16,West,Apparel,15482.72,331,False,
2025-05-16,West,Electronics,14103.3,247,False,
2025-05-16,East,Electronics,12339.26,247,False,
2025-05-16,North,Home & Kitchen,19582.4,364,False,
2025-05-16,South,Home & Kitchen,9673.31,144,False,
2025-05-16,North,Groceries,12795.67,206,False,
2025-05-16,East,Groceries,11163.87,254,False,
2025-05-16,East,Apparel,13714.1,355,False,
2025-05-16,East,Sports,6666.78,134,False,
2025-05-16,South,Apparel,9855.77,245,False,
2025-05-17,East,Electronics,11137.63,183,False,
2025-05-17,West,Groceries,16359.02,342,False,
2025-05-17,North,Groceries,14516.98,336,False,
2025-05-17,East,Sports,8626.34,174,False,
2025-05-17,West,Home & Kitchen,15677.93,249,False,
2025-05-17,North,Apparel,20399.54,357,False,
2025-05-17,East,Apparel,15710.99,266,False,
2025-05-17,South,Apparel,10257.27,221,False,
2025-05-17,North,Electronics,16426.98,398,False,
2025-05-17,North,Home & Kitchen,24079.3,384,False,
2025-05-17,North,Sports,19464.71,510,False,
2025-05-17,West,Electronics,15155.76,348,False,
2025-05-17,South,Sports,8208.58,210,False,
2025-05-17,South,Home & Kitchen,12571.57,202,False,
2025-05-17,East,Groceries,14493.06,316,False,
2025-05-17,South,Groceries,11539.78,250,False,
2025-05-17,West,Apparel,15998.85,262,False,
2025-05-17,East,Home & Kitchen,11296.83,228,False,
2025-05-17,South,Electronics,13571.66,305,False,
2025-05-17,West,Sports,13042.56,246,False,
2025-05-18,West,Home & Kitchen,12935.8,248,False,
2025-05-18,South,Home & Kitchen,12452.99,291,False,
2025-05-18,South,Electronics,14387.51,308,False,
2025-05-18,West,Apparel,14664.28,321,False,
2025-05-18,North,Apparel,19868.62,413,False,
2025-05-18,West,Sports,15981.85,266,False,
2025-05-18,North,Sports,17806.31,383,False,
2025-05-18,South,Sports,8676.38,136,False,
2025-05-18,South,Groceries,10344.15,135,False,
2025-05-18,East,Groceries,12357.7,268,False,
2025-05-18,West,Electronics,14500.11,322,False,
2025-05-18,East,Home & Kitchen,12199.2,279,False,
2025-05-18,North,Home & Kitchen,23569.53,441,False,
2025-05-18,South,Apparel,11733.91,217,False,
2025-05-18,East,Electronics,14080.38,313,False,
2025-05-18,West,Groceries,19612.98,384,False,
2025-05-18,North,Groceries,17574.92,327,False,
2025-05-18,East,Apparel,13956.43,308,False,
2025-05-18,East,Sports,9604.54,253,False,
2025-05-18,North,Electronics,16824.56,280,False,
2025-05-19,West,Electronics,12126.36,236,False,
2025-05-19,South,Apparel,9471.99,165,False,
2025-05-19,North,Home & Kitchen,19732.57,434,False,
2025-05-19,West,Home & Kitchen,12671.81,218,False,
2025-05-19,North,Groceries,13074.59,280,False,
2025-05-19,South,Groceries,9620.97,191,False,
2025-05-19,East,Groceries,12266.16,280,False,
2025-05-19,East,Home & Kitchen,9734.14,187,False,
2025-05-19,North,Sports,14999.02,284,False,
2025-05-19,North,Electronics,12098.96,197,False,
2025-05-19,West,Groceries,16663.54,352,False,
2025-05-19,East,Electronics,10386.65,235,False,
2025-05-19,East,Apparel,12362.49,316,False,
2025-05-19,East,Sports,8602.82,135,False,
2025-05-19,South,Electronics,12363.06,286,False,
2025-05-19,North,Apparel,16152.38,252,False,
2025-05-19,South,Sports,6636.53,123,False,
2025-05-19,South,Home & Kitchen,10504.08,258,False,
2025-05-19,West,Sports,11391.2,205,False,
2025-05-19,West,Apparel,16240.56,305,False,
2025-05-20,East,Electronics,11804.41,236,False,
2025-05-20,West,Electronics,12972.08,228,False,
2025-05-20,West,Home & Kitchen,10527.91,176,False,
2025-05-20,South,Electronics,12845.69,260,False,
2025-05-20,East,Sports,6652.75,142,False,
2025-05-20,East,Apparel,13220.91,275,False,
2025-05-20,West,Groceries,16969.91,421,False,
2025-05-20,North,Electronics,14556.98,253,False,
2025-05-20,North,Sports,20017.72,540,False,
2025-05-20,East,Groceries,12456.77,281,False,
2025-05-20,South,Groceries,8153.64,176,False,
2025-05-20,North,Groceries,15396.93,278,False,
2025-05-20,South,Sports,7825.7,163,False,
2025-05-20,South,Apparel,9987.79,148,False,
2025-05-20,North,Apparel,16991.84,429,False,
2025-05-20,West,Sports,11758.45,260,False,
2025-05-20,South,Home & Kitchen,10582.92,183,False,
2025-05-20,East,Home & Kitchen,9868.64,159,False,
2025-05-20,North,Home & Kitchen,21189.7,402,False,
2025-05-20,West,Apparel,17040.52,312,False,
2025-05-21,South,Home & Kitchen,11034.06,246,False,
2025-05-21,North,Apparel,18277.75,388,False,
2025-05-21,South,Electronics,11039.43,204,False,
2025-05-21,North,Groceries,13943.0,265,False,
2025-05-21,East,Sports,7494.75,142,False,
2025-05-21,West,Apparel,16652.44,326,False,
2025-05-21,East,Apparel,10934.3,217,False,
2025-05-21,West,Sports,12267.55,269,False,
2025-05-21,South,Sports,6519.55,124,False,
2025-05-21,East,Electronics,8754.72,197,False,
2025-05-21,West,Home & Kitchen,11747.35,302,False,
2025-05-21,East,Home & Kitchen,9871.63,235,False,
2025-05-21,West,Groceries,15878.53,262,False,
2025-05-21,South,Groceries,8887.2,181,False,
2025-05-21,South,Apparel,9614.42,203,False,
2025-05-21,North,Electronics,14937.89,261,False,
2025-05-21,North,Sports,17873.77,344,False,
2025-05-21,North,Home & Kitchen,17781.28,310,False,
2025-05-21,East,Groceries,14287.16,280,False,
2025-05-21,West,Electronics,13689.43,239,False,
2025-05-22,West,Sports,12955.55,287,False,
2025-05-22,West,Apparel,15960.97,272,False,
2025-05-22,South,Apparel,11037.73,207,False,
2025-05-22,North,Groceries,14167.53,245,False,
2025-05-22,North,Home & Kitchen,20148.18,336,False,
2025-05-22,South,Home & Kitchen,9197.38,185,False,
2025-05-22,East,Electronics,10778.3,231,False,
2025-05-22,South,Groceries,9664.62,186,False,
2025-05-22,East,Home & Kitchen,10061.5,176,False,
2025-05-22,West,Groceries,14718.37,306,False,
2025-05-22,West,Home & Kitchen,12216.32,212,False,
2025-05-22,South,Sports,8854.14,178,False,
2025-05-22,East,Apparel,12544.91,269,False,
2025-05-22,North,Sports,17692.48,486,False,
2025-05-22,North,Apparel,14812.9,322,False,
2025-05-22,East,Groceries,13953.72,210,False,
2025-05-22,South,Electronics,11822.01,259,False,
2025-05-22,West,Electronics,9391.57,169,False,
2025-05-22,East,Sports,7077.73,182,False,
2025-05-22,North,Electronics,15236.25,265,False,
2025-05-23,East,Groceries,11423.6,189,False,
2025-05-23,North,Home & Kitchen,20959.23,353,False,
2025-05-23,North,Sports,16579.12,327,False,
2025-05-23,South,Apparel,11190.84,282,False,
2025-05-23,South,Groceries,9766.72,180,False,
2025-05-23,South,Home & Kitchen,9955.17,212,False,
2025-05-23,West,Groceries,16776.22,430,False,
2025-05-23,East,Apparel,11290.1,236,False,
2025-05-23,North,Apparel,18014.08,445,False,
2025-05-23,West,Apparel,14235.05,338,False,
2025-05-23,East,Sports,7436.96,138,False,
2025-05-23,North,Groceries,13275.65,300,False,
2025-05-23,West,Home & Kitchen,13061.88,360,False,
2025-05-23,North,Electronics,13100.5,218,False,
2025-05-23,West,Electronics,13164.62,249,False,
2025-05-23,South,Electronics,12984.9,206,False,
2025-05-23,West,Sports,12543.98,269,False,
2025-05-23,East,Home & Kitchen,9518.56,206,False,
2025-05-23,South,Sports,7619.61,180,False,
2025-05-23,East,Electronics,11954.86,235,False,
2025-05-24,South,Sports,8821.67,165,False,
2025-05-24,North,Electronics,15372.52,332,False,
2025-05-24,North,Groceries,18743.04,447,False,
2025-05-24,West,Sports,15841.11,351,False,
2025-05-24,North,Sports,18263.83,365,False,
2025-05-24,East,Apparel,14870.86,344,False,
2025-05-24,West,Groceries,15924.85,269,False,
2025-05-24,West,Apparel,19732.02,417,False,
2025-05-24,West,Home & Kitchen,14861.28,268,False,
2025-05-24,North,Home & Kitchen,23765.0,609,False,
2025-05-24,East,Sports,9192.69,162,False,
2025-05-24,East,Electronics,12137.73,190,False,
2025-05-24,East,Groceries,13566.14,318,False,
2025-05-24,East,Home & Kitchen,10719.6,280,False,
2025-05-24,South,Groceries,11723.31,213,False,
2025-05-24,South,Electronics,14158.78,286,False,
2025-05-24,South,Home & Kitchen,9936.38,250,False,
2025-05-24,West,Electronics,16442.6,431,False,
2025-05-24,North,Apparel,21979.05,385,False,
2025-05-24,South,Apparel,13310.39,309,False,
2025-05-25,West,Sports,13875.13,298,False,
2025-05-25,West,Electronics,16028.64,383,False,
2025-05-25,North,Groceries,14299.5,386,False,
2025-05-25,South,Electronics,13325.67,244,False,
2025-05-25,North,Apparel,20865.21,402,False,
2025-05-25,East,Sports,8021.97,175,False,
2025-05-25,South,Sports,8992.44,159,False,
2025-05-25,East,Apparel,12855.07,283,False,
2025-05-25,East,Electronics,12659.45,186,False,
2025-05-25,West,Home & Kitchen,14161.54,279,False,
2025-05-25,South,Apparel,11409.16,258,False,
2025-05-25,West,Apparel,19633.43,457,False,
2025-05-25,North,Electronics,14083.01,307,False,
2025-05-25,South,Home & Kitchen,9151.18,214,False,
2025-05-25,East,Home & Kitchen,11549.34,249,False,
2025-05-25,North,Sports,19859.31,347,False,
2025-05-25,East,Groceries,14682.87,250,False,
2025-05-25,West,Groceries,17488.19,333,False,
2025-05-25,South,Groceries,10816.03,193,False,
2025-05-25,North,Home & Kitchen,21799.28,508,False,
2025-05-26,West,Home & Kitchen,13127.04,293,False,
2025-05-26,East,Home & Kitchen,10537.04,218,False,
2025-05-26,West,Apparel,13404.32,257,False,
2025-05-26,East,Sports,7272.51,131,False,
2025-05-26,West,Groceries,16916.78,331,False,
2025-05-26,East,Groceries,13022.81,275,False,
2025-05-26,South,Groceries,8271.21,168,False,
2025-05-26,North,Sports,16249.51,271,False,
2025-05-26,South,Electronics,13781.84,310,False,
2025-05-26,South,Home & Kitchen,11194.96,282,False,
2025-05-26,North,Electronics,14298.68,202,False,
2025-05-26,South,Sports,8160.87,168,False,
2025-05-26,West,Sports,13355.14,288,False,
2025-05-26,North,Apparel,17402.4,264,False,
2025-05-26,East,Apparel,12751.25,236,False,
2025-05-26,North,Groceries,13794.13,304,False,
2025-05-26,North,Home & Kitchen,17728.38,309,False,
2025-05-26,West,Electronics,11263.96,189,False,
2025-05-26,South,Apparel,10593.3,194,False,
2025-05-26,East,Electronics,10842.43,200,False,
2025-05-27,West,Home & Kitchen,12584.66,275,False,
2025-05-27,North,Sports,17956.63,404,False,
2025-05-27,South,Electronics,12040.95,199,False,
2025-05-27,East,Groceries,12579.29,316,False,
2025-05-27,North,Apparel,13932.51,236,False,
2025-05-27,East,Electronics,10027.27,243,False,
2025-05-27,North,Home & Kitchen,20373.97,329,False,
2025-05-27,West,Sports,13067.58,235,False,
2025-05-27,South,Sports,7166.69,138,False,
2025-05-27,East,Apparel,12146.63,267,False,
2025-05-27,West,Electronics,13800.96,259,False,
2025-05-27,South,Groceries,8321.86,174,False,
2025-05-27,West,Groceries,14623.09,301,False,
2025-05-27,East,Sports,7331.52,161,False,
2025-05-27,North,Groceries,13480.22,226,False,
2025-05-27,South,Home & Kitchen,10547.09,248,False,
2025-05-27,North,Electronics,14806.08,335,False,
2025-05-27,West,Apparel,15369.6,321,False,
2025-05-27,South,Apparel,8194.48,147,False,
2025-05-27,East,Home & Kitchen,10058.2,207,False,
2025-05-28,South,Sports,7995.25,136,False,
2025-05-28,West,Home & Kitchen,12993.93,247,False,
2025-05-28,South,Home & Kitchen,10470.04,215,False,
2025-05-28,West,Electronics,10113.08,179,False,
2025-05-28,East,Apparel,12140.42,225,False,
2025-05-28,North,Groceries,13688.13,233,False,
2025-05-28,West,Apparel,13405.14,243,False,
2025-05-28,West,Sports,10892.81,234,False,
2025-05-28,East,Home & Kitchen,9786.59,175,False,
2025-05-28,East,Electronics,11320.89,204,False,
2025-05-28,South,Electronics,12933.7,280,False,
2025-05-28,North,Apparel,17263.83,392,False,
2025-05-28,South,Apparel,10470.17,198,False,
2025-05-28,West,Groceries,15846.86,301,False,
2025-05-28,East,Groceries,13908.58,225,False,
2025-05-28,North,Sports,16448.46,263,False,
2025-05-28,South,Groceries,10182.99,202,False,
2025-05-28,North,Electronics,12609.41,267,False,
2025-05-28,North,Home & Kitchen,20379.03,400,False,
2025-05-28,East,Sports,7379.81,126,False,
2025-05-29,West,Groceries,16956.64,261,False,
2025-05-29,South,Sports,7549.77,142,False,
2025-05-29,North,Sports,16383.4,408,False,
2025-05-29,South,Apparel,11274.96,245,False,
2025-05-29,North,Electronics,13587.64,273,False,
2025-05-29,East,Home & Kitchen,9546.92,167,False,
2025-05-29,East,Electronics,10691.03,209,False,
2025-05-29,East,Apparel,11707.24,252,False,
2025-05-29,South,Home & Kitchen,11642.59,253,False,
2025-05-29,West,Apparel,15980.39,265,False,
2025-05-29,North,Home & Kitchen,16287.33,315,False,
2025-05-29,West,Electronics,13044.05,282,False,
2025-05-29,East,Groceries,12022.49,281,False,
2025-05-29,East,Sports,7885.4,149,False,
2025-05-29,North,Apparel,17636.0,377,False,
2025-05-29,South,Electronics,13102.53,247,False,
2025-05-29,West,Sports,13283.48,224,False,
2025-05-29,North,Groceries,15363.1,372,False,
2025-05-29,West,Home & Kitchen,13160.25,242,False,
2025-05-29,South,Groceries,9787.55,196,False,
2025-05-30,East,Home & Kitchen,9523.3,175,False,
2025-05-30,South,Apparel,10991.68,227,False,
2025-05-30,South,Electronics,11545.89,269,False,
2025-05-30,West,Sports,12732.38,268,False,
2025-05-30,West,Home & Kitchen,12840.12,212,False,
2025-05-30,South,Home & Kitchen,9592.09,213,False,
2025-05-30,West,Apparel,15024.57,381,False,
2025-05-30,North,Electronics,15261.89,282,False,
2025-05-30,South,Sports,8395.28,140,False,
2025-05-30,East,Sports,7991.16,164,False,
2025-05-30,North,Groceries,15458.92,283,False,
2025-05-30,East,Electronics,11798.16,307,False,
2025-05-30,West,Electronics,13249.36,386,False,
2025-05-30,East,Apparel,14370.34,324,False,
2025-05-30,South,Groceries,9589.27,184,False,
2025-05-30,North,Home & Kitchen,20563.0,425,False,
2025-05-30,North,Sports,14115.37,357,False,
2025-05-30,West,Groceries,17033.87,473,False,
2025-05-30,North,Apparel,18683.56,399,False,
2025-05-30,East,Groceries,12818.25,274,False,
2025-05-31,East,Groceries,14437.64,314,False,
2025-05-31,East,Home & Kitchen,10980.83,239,False,
2025-05-31,South,Sports,8777.86,191,False,
2025-05-31,South,Electronics,14537.35,262,False,
2025-05-31,East,Electronics,12871.65,237,False,
2025-05-31,West,Apparel,17073.83,344,False,
2025-05-31,South,Home & Kitchen,12262.24,217,False,
2025-05-31,South,Apparel,10547.2,235,False,
2025-05-31,North,Sports,18697.03,289,False,
2025-05-31,West,Sports,12547.02,224,False,
2025-05-31,North,Electronics,17238.06,361,False,
2025-05-31,West,Home & Kitchen,14877.78,324,False,
2025-05-31,East,Sports,8908.16,183,False,
2025-05-31,West,Electronics,15298.54,310,False,
2025-05-31,North,Home & Kitchen,20814.5,428,False,
2025-05-31,South,Groceries,11616.25,211,False,
2025-05-31,North,Apparel,18664.52,400,False,
2025-05-31,East,Apparel,12292.1,233,False,
2025-05-31,West,Groceries,18636.77,310,False,
2025-05-31,North,Groceries,17614.98,359,False,
2025-06-01,South,Sports,8326.23,170,False,
2025-06-01,East,Home & Kitchen,11448.64,332,False,
2025-06-01,South,Home & Kitchen,10916.32,211,False,
2025-06-01,West,Home & Kitchen,12554.62,288,False,
2025-06-01,South,Electronics,15850.39,264,False,
2025-06-01,West,Sports,15022.83,267,False,
2025-06-01,East,Sports,8119.18,176,False,
2025-06-01,North,Electronics,16377.47,337,False,
2025-06-01,West,Apparel,18563.37,475,False,
2025-06-01,East,Electronics,11831.53,275,False,
2025-06-01,West,Electronics,16607.33,352,False,
2025-06-01,North,Home & Kitchen,22404.29,427,False,
2025-06-01,North,Groceries,17094.19,353,False,
2025-06-01,South,Apparel,9902.12,202,False,
2025-06-01,South,Groceries,12704.88,265,False,
2025-06-01,East,Groceries,13397.02,392,False,
2025-06-01,West,Groceries,19009.0,357,False,
2025-06-01,North,Sports,19379.76,368,False,
2025-06-01,East,Apparel,14036.05,316,False,
2025-06-01,North,Apparel,21827.24,347,False,
2025-06-02,North,Electronics,15982.23,379,False,
2025-06-02,South,Groceries,9172.07,232,False,
2025-06-02,North,Apparel,20089.35,376,False,
2025-06-02,West,Home & Kitchen,13505.33,243,False,
2025-06-02,West,Electronics,10970.74,247,False,
2025-06-02,North,Home & Kitchen,21242.41,435,False,
2025-06-02,South,Home & Kitchen,11757.29,215,False,
2025-06-02,South,Electronics,12697.98,310,False,
2025-06-02,North,Sports,15813.88,329,False,
2025-06-02,East,Sports,6922.78,122,False,
2025-06-02,East,Home & Kitchen,9270.66,167,False,
2025-06-02,East,Apparel,11804.32,275,False,
2025-06-02,West,Apparel,15335.9,347,False,
2025-06-02,West,Sports,11135.86,264,False,
2025-06-02,South,Apparel,11723.09,238,False,
2025-06-02,East,Groceries,14113.81,293,False,
2025-06-02,South,Sports,8310.85,160,False,
2025-06-02,North,Groceries,15685.98,405,False,
2025-06-02,East,Electronics,11417.7,272,False,
2025-06-02,West,Groceries,16732.17,279,False,
2025-06-03,East,Home & Kitchen,10408.53,177,False,
2025-06-03,South,Groceries,9520.64,213,False,
2025-06-03,South,Home & Kitchen,10569.75,162,False,
2025-06-03,North,Groceries,15116.4,307,False,
2025-06-03,South,Electronics,13045.81,221,False,
2025-06-03,West,Home & Kitchen,12604.26,210,False,
2025-06-03,East,Electronics,9947.94,204,False,
2025-06-03,West,Electronics,12967.37,252,False,
2025-06-03,East,Sports,8087.21,163,False,
2025-06-03,East,Apparel,12668.71,296,False,
2025-06-03,West,Groceries,17936.21,353,False,
2025-06-03,South,Apparel,9679.21,196,False,
2025-06-03,South,Sports,7592.09,173,False,
2025-06-03,North,Home & Kitchen,19112.19,343,False,
2025-06-03,West,Sports,12781.69,219,False,
2025-06-03,North,Electronics,14008.73,278,False,
2025-06-03,North,Apparel,18264.83,457,False,
2025-06-03,North,Sports,17121.68,326,False,
2025-06-03,West,Apparel,17078.18,255,False,
2025-06-03,East,Groceries,10881.02,203,False,
2025-06-04,North,Apparel,17594.56,345,False,
2025-06-04,North,Home & Kitchen,19101.52,369,False,
2025-06-04,West,Electronics,11033.7,271,False,
2025-06-04,West,Apparel,14943.95,253,False,
2025-06-04,East,Electronics,11467.01,193,False,
2025-06-04,South,Apparel,9255.57,159,False,
2025-06-04,South,Home & Kitchen,10361.46,231,False,
2025-06-04,South,Sports,7235.77,146,False,
2025-06-04,East,Home & Kitchen,9434.62,164,False,
2025-06-04,South,Electronics,12469.9,293,False,
2025-06-04,West,Home & Kitchen,13188.51,263,False,
2025-06-04,East,Groceries,13811.04,302,False,
2025-06-04,North,Sports,15810.87,427,False,
2025-06-04,East,Apparel,13793.23,348,False,
2025-06-04,North,Electronics,14207.21,278,False,
2025-06-04,West,Groceries,15584.82,272,False,
2025-06-04,West,Sports,12159.14,263,False,
2025-06-04,South,Groceries,9069.56,208,False,
2025-06-04,East,Sports,7766.02,140,False,
2025-06-04,North,Groceries,15898.24,306,False,
2025-06-05,East,Home & Kitchen,8079.52,117,False,
2025-06-05,West,Groceries,16427.19,240,False,
2025-06-05,East,Sports,8711.24,146,False,
2025-06-05,East,Apparel,12216.43,217,False,
2025-06-05,West,Apparel,15680.66,400,False,
2025-06-05,West,Home & Kitchen,10986.36,203,False,
2025-06-05,East,Groceries,11368.65,210,False,
2025-06-05,East,Electronics,11666.62,263,False,
2025-06-05,West,Electronics,12155.18,270,False,
2025-06-05,West,Sports,12672.53,244,False,
2025-06-05,South,Sports,7666.8,154,False,
2025-06-05,South,Home & Kitchen,12482.68,192,False,
2025-06-05,North,Electronics,12922.4,230,False,
2025-06-05,North,Home & Kitchen,21050.97,506,False,
2025-06-05,South,Apparel,10743.67,195,False,
2025-06-05,North,Sports,15631.34,339,False,
2025-06-05,North,Groceries,16441.28,423,False,
2025-06-05,South,Groceries,10479.71,208,False,
2025-06-05,North,Apparel,18734.37,364,False,
2025-06-05,South,Electronics,12360.24,298,False,
2025-06-06,South,Electronics,11777.81,288,False,
2025-06-06,North,Groceries,15140.78,288,False,
2025-06-06,East,Electronics,12895.77,256,False,
2025-06-06,West,Groceries,14991.5,354,False,
2025-06-06,South,Apparel,9719.59,186,False,
2025-06-06,East,Groceries,13229.6,333,False,
2025-06-06,South,Home & Kitchen,11441.83,216,False,
2025-06-06,West,Apparel,13760.89,369,False,
2025-06-06,South,Sports,7539.28,141,False,
2025-06-06,North,Home & Kitchen,20227.07,398,False,
2025-06-06,North,Electronics,12614.18,300,False,
2025-06-06,East,Sports,7399.31,123,False,
2025-06-06,East,Home & Kitchen,10524.73,244,False,
2025-06-06,West,Electronics,13968.2,331,False,
2025-06-06,West,Sports,12806.76,231,False,
2025-06-06,South,Groceries,9922.96,217,False,
2025-06-06,West,Home & Kitchen,13020.76,253,False,
2025-06-06,North,Apparel,16911.94,276,False,
2025-06-06,East,Apparel,12337.36,236,False,
2025-06-06,North,Sports,16522.5,295,False,
2025-06-07,South,Groceries,11444.25,243,False,
2025-06-07,North,Groceries,17992.1,304,False,
2025-06-07,East,Home & Kitchen,12513.4,252,False,
2025-06-07,North,Sports,18848.69,334,False,
2025-06-07,North,Apparel,18381.86,317,False,
2025-06-07,South,Electronics,13466.11,245,False,
2025-06-07,West,Electronics,14199.7,366,False,
2025-06-07,South,Sports,8433.95,185,False,
2025-06-07,East,Electronics,11687.29,234,False,
2025-06-07,West,Home & Kitchen,15158.98,285,False,
2025-06-07,East,Sports,9494.19,220,False,
2025-06-07,West,Sports,16081.25,350,False,
2025-06-07,East,Groceries,13325.55,288,False,
2025-06-07,South,Apparel,11708.15,254,False,
2025-06-07,North,Electronics,18408.47,373,False,
2025-06-07,West,Groceries,20147.54,410,False,
2025-06-07,North,Home & Kitchen,21943.08,352,False,
2025-06-07,South,Home & Kitchen,11927.54,300,False,
2025-06-07,East,Apparel,15447.01,275,False,
2025-06-07,West,Apparel,18458.7,277,False,
2025-06-08,East,Sports,8216.3,145,False,
2025-06-08,West,Groceries,20320.22,431,False,
2025-06-08,West,Home & Kitchen,15973.04,326,False,
2025-06-08,East,Electronics,12357.26,224,False,
2025-06-08,South,Groceries,10911.52,205,False,
2025-06-08,South,Electronics,14523.83,296,False,
2025-06-08,West,Electronics,13953.87,221,False,
2025-06-08,North,Home & Kitchen,24669.15,496,False,
2025-06-08,North,Sports,21765.03,437,False,
2025-06-08,South,Home & Kitchen,12435.22,239,False,
2025-06-08,East,Home & Kitchen,10926.83,217,False,
2025-06-08,East,Groceries,14452.42,298,False,
2025-06-08,West,Sports,15703.75,286,False,
2025-06-08,North,Electronics,16389.99,294,False,
2025-06-08,North,Apparel,21941.45,384,False,
2025-06-08,South,Sports,8562.66,219,False,
2025-06-08,East,Apparel,13292.9,262,False,
2025-06-08,South,Apparel,11392.28,243,False,
2025-06-08,North,Groceries,17141.64,321,False,
2025-06-08,West,Apparel,17868.82,292,False,
2025-06-09,South,Groceries,9423.88,212,False,
2025-06-09,North,Groceries,16661.28,311,False,
2025-06-09,North,Apparel,17415.52,373,False,
2025-06-09,West,Groceries,17398.57,368,False,
2025-06-09,South,Home & Kitchen,13798.47,283,False,
2025-06-09,North,Electronics,14079.13,293,False,
2025-06-09,East,Home & Kitchen,11214.61,243,False,
2025-06-09,West,Sports,12244.4,237,False,
2025-06-09,South,Electronics,12145.08,293,False,
2025-06-09,South,Sports,7543.57,171,False,
2025-06-09,East,Groceries,13243.45,218,False,
2025-06-09,West,Home & Kitchen,13420.62,340,False,
2025-06-09,East,Electronics,10656.94,177,False,
2025-06-09,East,Sports,7128.82,155,False,
2025-06-09,East,Apparel,13106.67,263,False,
2025-06-09,South,Apparel,10546.14,161,False,
2025-06-09,North,Home & Kitchen,18445.06,432,False,
2025-06-09,West,Apparel,17019.97,283,False,
2025-06-09,North,Sports,14644.48,332,False,
2025-06-09,West,Electronics,10557.35,228,False,
2025-06-10,North,Home & Kitchen,17617.2,397,False,
2025-06-10,South,Home & Kitchen,9358.1,189,False,
2025-06-10,West,Groceries,15765.23,428,False,
2025-06-10,North,Groceries,12952.31,182,False,
2025-06-10,West,Apparel,15157.12,325,False,
2025-06-10,South,Apparel,9583.54,195,False,
2025-06-10,East,Groceries,12844.19,193,False,
2025-06-10,East,Apparel,12045.53,207,False,
2025-06-10,North,Electronics,15061.77,309,False,
2025-06-10,South,Groceries,9178.44,181,False,
2025-06-10,West,Sports,13311.92,320,False,
2025-06-10,East,Home & Kitchen,10131.19,216,False,
2025-06-10,West,Electronics,12543.62,312,False,
2025-06-10,East,Sports,7668.17,167,False,
2025-06-10,South,Sports,7264.4,128,False,
2025-06-10,West,Home & Kitchen,12836.72,155,False,
2025-06-10,North,Sports,18403.55,391,False,
2025-06-10,South,Electronics,12461.74,223,False,
2025-06-10,East,Electronics,11301.12,247,False,
2025-06-10,North,Apparel,16338.09,342,False,
2025-06-11,West,Groceries,15540.18,354,False,
2025-06-11,West,Apparel,15854.41,301,False,
2025-06-11,South,Home & Kitchen,10000.75,294,False,
2025-06-11,West,Electronics,12931.17,252,False,
2025-06-11,North,Apparel,16322.36,386,False,
2025-06-11,East,Sports,6731.11,164,False,
2025-06-11,North,Sports,15618.36,273,False,
2025-06-11,East,Groceries,13585.55,259,False,
2025-06-11,West,Home & Kitchen,14140.52,311,False,
2025-06-11,North,Home & Kitchen,21236.71,475,False,
2025-06-11,North,Electronics,16773.42,381,False,
2025-06-11,South,Sports,8370.03,131,False,
2025-06-11,East,Electronics,10190.23,192,False,
2025-06-11,West,Sports,12545.91,161,False,
2025-06-11,South,Groceries,9300.74,200,False,
2025-06-11,North,Groceries,15594.3,286,False,
2025-06-11,East,Home & Kitchen,11951.58,268,False,
2025-06-11,South,Electronics,12094.53,244,False,
2025-06-11,South,Apparel,10749.16,192,False,
2025-06-11,East,Apparel,15013.34,289,False,
2025-06-12,West,Home & Kitchen,12378.43,271,False,
2025-06-12,East,Apparel,11787.65,201,False,
2025-06-12,West,Apparel,14925.63,255,False,
2025-06-12,South,Groceries,9367.26,156,False,
2025-06-12,West,Sports,13865.53,217,False,
2025-06-12,West,Groceries,14131.59,331,False,
2025-06-12,North,Sports,18176.97,354,False,
2025-06-12,East,Groceries,11658.81,262,False,
2025-06-12,North,Home & Kitchen,18361.56,412,False,
2025-06-12,East,Sports,7162.73,155,False,
2025-06-12,East,Home & Kitchen,10483.72,205,False,
2025-06-12,West,Electronics,12412.01,310,False,
2025-06-12,East,Electronics,10156.45,158,False,
2025-06-12,North,Groceries,12871.18,260,False,
2025-06-12,South,Apparel,9906.94,187,False,
2025-06-12,South,Home & Kitchen,11495.75,211,False,
2025-06-12,South,Sports,7364.46,156,False,
2025-06-12,North,Apparel,15720.34,341,False,
2025-06-12,South,Electronics,11736.53,319,False,
2025-06-12,North,Electronics,13996.14,238,False,
2025-06-13,West,Home & Kitchen,12562.14,249,False,
2025-06-13,South,Sports,7831.26,152,False,
2025-06-13,South,Groceries,9806.29,176,False,
2025-06-13,South,Electronics,10820.99,219,False,
2025-06-13,East,Sports,7440.23,103,False,
2025-06-13,East,Electronics,10050.55,233,False,
2025-06-13,North,Sports,13923.01,214,False,
2025-06-13,West,Electronics,11781.06,255,False,
2025-06-13,West,Sports,13023.07,320,False,
2025-06-13,South,Apparel,9689.62,175,False,
2025-06-13,North,Electronics,13711.9,255,False,
2025-06-13,North,Groceries,16403.52,376,False,
2025-06-13,East,Apparel,12039.39,258,False,
2025-06-13,East,Groceries,12974.25,269,False,
2025-06-13,West,Apparel,15390.69,348,False,
2025-06-13,North,Apparel,18507.86,332,False,
2025-06-13,West,Groceries,16260.05,324,False,
2025-06-13,North,Home & Kitchen,18996.79,304,False,
2025-06-13,East,Home & Kitchen,10691.6,258,False,
2025-06-13,South,Home & Kitchen,11577.0,174,False,
2025-06-14,North,Electronics,14905.06,317,False,
2025-06-14,South,Electronics,13664.04,247,False,
2025-06-14,North,Sports,16524.76,230,False,
2025-06-14,South,Sports,8676.57,168,False,
2025-06-14,East,Home & Kitchen,9886.31,209,False,
2025-06-14,North,Home & Kitchen,20934.5,413,False,
2025-06-14,South,Home & Kitchen,12718.66,180,False,
2025-06-14,West,Electronics,13214.58,299,False,
2025-06-14,West,Apparel,18723.79,298,False,
2025-06-14,South,Apparel,11859.81,266,False,
2025-06-14,East,Apparel,15275.37,360,False,
2025-06-14,North,Groceries,16853.01,306,False,
2025-06-14,South,Groceries,10018.37,258,False,
2025-06-14,West,Home & Kitchen,14466.8,212,False,
2025-06-14,West,Sports,15769.01,326,False,
2025-06-14,West,Groceries,18951.97,557,False,
2025-06-14,East,Electronics,10645.64,224,False,
2025-06-14,East,Sports,8241.64,211,False,
2025-06-14,North,Apparel,18635.04,512,False,
2025-06-14,East,Groceries,13432.82,190,False,
2025-06-15,West,Electronics,13101.86,365,False,
2025-06-15,East,Groceries,12336.49,226,False,
2025-06-15,West,Apparel,19748.23,318,False,
2025-06-15,North,Electronics,16854.79,307,False,
2025-06-15,South,Apparel,12181.2,207,False,
2025-06-15,North,Groceries,16425.28,310,False,
2025-06-15,East,Apparel,14818.59,266,False,
2025-06-15,East,Home & Kitchen,11322.58,215,False,
2025-06-15,North,Home & Kitchen,21437.63,481,False,
2025-06-15,West,Home & Kitchen,13577.39,309,False,
2025-06-15,West,Groceries,19204.03,352,False,
2025-06-15,North,Sports,17439.03,334,False,
2025-06-15,South,Home & Kitchen,11244.77,208,False,
2025-06-15,South,Groceries,10324.71,194,False,
2025-06-15,East,Electronics,12141.28,236,False,
2025-06-15,East,Sports,10310.82,239,False,
2025-06-15,South,Electronics,13974.53,297,False,
2025-06-15,South,Sports,9485.35,171,False,
2025-06-15,North,Apparel,17065.27,468,False,
2025-06-15,West,Sports,14114.83,228,False,
2025-06-16,West,Groceries,14259.38,332,False,
2025-06-16,East,Sports,8079.48,145,False,
2025-06-16,North,Home & Kitchen,18884.26,440,False,
2025-06-16,North,Groceries,13367.23,202,False,
2025-06-16,North,Apparel,17821.96,294,False,
2025-06-16,East,Groceries,12627.16,305,False,
2025-06-16,West,Apparel,15960.77,297,False,
2025-06-16,East,Apparel,13751.21,269,False,
2025-06-16,North,Electronics,13603.56,282,False,
2025-06-16,North,Sports,16764.84,285,False,
2025-06-16,South,Apparel,10300.51,178,False,
2025-06-16,West,Home & Kitchen,11713.36,225,False,
2025-06-16,South,Electronics,11758.6,188,False,
2025-06-16,East,Home & Kitchen,9432.44,197,False,
2025-06-16,West,Electronics,12467.65,297,False,
2025-06-16,West,Sports,12730.46,298,False,
2025-06-16,South,Home & Kitchen,10041.73,233,False,
2025-06-16,East,Electronics,11701.03,252,False,
2025-06-16,South,Sports,7852.55,127,False,
2025-06-16,South,Groceries,9570.44,153,False,
2025-06-17,South,Home & Kitchen,10086.53,153,False,
2025-06-17,East,Apparel,14256.77,360,False,
2025-06-17,South,Electronics,10884.09,205,False,
2025-06-17,South,Sports,7044.42,159,False,
2025-06-17,East,Electronics,10016.24,218,False,
2025-06-17,North,Groceries,14359.86,305,False,
2025-06-17,West,Electronics,12510.56,228,False,
2025-06-17,South,Apparel,10830.86,310,False,
2025-06-17,East,Home & Kitchen,11634.34,194,False,
2025-06-17,East,Groceries,12592.55,232,False,
2025-06-17,North,Apparel,17879.52,249,False,
2025-06-17,North,Sports,15019.42,406,False,
2025-06-17,East,Sports,8149.53,169,False,
2025-06-17,West,Groceries,14854.66,304,False,
2025-06-17,West,Home & Kitchen,12533.99,191,False,
2025-06-17,West,Apparel,16021.93,305,False,
2025-06-17,North,Home & Kitchen,20380.75,416,False,
2025-06-17,North,Electronics,14971.91,263,False,
2025-06-17,West,Sports,13322.21,229,False,
2025-06-17,South,Groceries,9593.53,208,False,
2025-06-18,North,Electronics,11716.8,233,False,
2025-06-18,South,Sports,8162.45,124,False,
2025-06-18,West,Groceries,15238.92,273,False,
2025-06-18,West,Apparel,14729.18,262,False,
2025-06-18,North,Sports,17727.28,404,False,
2025-06-18,North,Apparel,19423.15,422,False,
2025-06-18,North,Groceries,15599.82,364,False,
2025-06-18,South,Groceries,7258.69,129,False,
2025-06-18,South,Electronics,12240.5,194,False,
2025-06-18,West,Sports,14242.04,354,False,
2025-06-18,East,Apparel,13309.97,251,False,
2025-06-18,North,Home & Kitchen,20072.75,476,False,
2025-06-18,East,Home & Kitchen,11525.82,245,False,
2025-06-18,East,Electronics,10534.59,215,False,
2025-06-18,West,Electronics,13184.2,236,False,
2025-06-18,West,Home & Kitchen,13420.27,259,False,
2025-06-18,East,Sports,7033.46,164,False,
2025-06-18,South,Apparel,11263.92,228,False,
2025-06-18,South,Home & Kitchen,9350.13,197,False,
2025-06-18,East,Groceries,11353.07,262,False,
2025-06-19,North,Sports,16574.51,392,False,
2025-06-19,South,Home & Kitchen,11263.76,251,False,
2025-06-19,South,Apparel,10628.67,285,False,
2025-06-19,North,Home & Kitchen,21754.04,347,False,
2025-06-19,South,Groceries,9308.29,193,False,
2025-06-19,East,Home & Kitchen,10628.13,173,False,
2025-06-19,West,Sports,11434.28,236,False,
2025-06-19,West,Electronics,12438.03,282,False,
2025-06-19,West,Apparel,16636.33,431,False,
2025-06-19,East,Sports,6872.61,109,False,
2025-06-19,North,Apparel,16065.79,275,False,
2025-06-19,North,Electronics,14941.91,244,False,
2025-06-19,South,Electronics,10585.37,136,False,
2025-06-19,North,Groceries,16006.33,311,False,
2025-06-19,East,Electronics,11392.45,178,False,
2025-06-19,West,Groceries,14487.05,282,False,
2025-06-19,West,Home & Kitchen,11073.33,309,False,
2025-06-19,South,Sports,7385.05,155,False,
2025-06-19,East,Groceries,13716.7,336,False,
2025-06-19,East,Apparel,12014.68,286,False,
2025-06-20,West,Electronics,11163.3,198,False,
2025-06-20,South,Electronics,13194.21,304,False,
2025-06-20,East,Apparel,12485.86,225,False,
2025-06-20,West,Home & Kitchen,10496.28,272,False,
2025-06-20,East,Electronics,10481.42,229,False,
2025-06-20,North,Electronics,10641.86,223,False,
2025-06-20,West,Sports,11690.63,222,False,
2025-06-20,East,Home & Kitchen,9466.13,227,False,
2025-06-20,North,Sports,19247.52,363,False,
2025-06-20,South,Sports,7431.73,144,False,
2025-06-20,East,Sports,7438.38,170,False,
2025-06-20,North,Home & Kitchen,20044.61,450,False,
2025-06-20,West,Groceries,16801.74,377,False,
2025-06-20,South,Groceries,8722.22,169,False,
2025-06-20,South,Apparel,10283.97,176,False,
2025-06-20,South,Home & Kitchen,11637.37,295,False,
2025-06-20,East,Groceries,11106.66,200,False,
2025-06-20,North,Apparel,17023.89,298,False,
2025-06-20,West,Apparel,13301.86,267,False,
2025-06-20,North,Groceries,15806.47,328,False,
2025-06-21,South,Sports,9273.24,156,False,
2025-06-21,East,Sports,8874.57,184,False,
2025-06-21,South,Apparel,10617.58,173,False,
2025-06-21,West,Home & Kitchen,13551.92,289,False,
2025-06-21,South,Electronics,12843.5,400,False,
2025-06-21,South,Groceries,12479.93,213,False,
2025-06-21,West,Electronics,15911.45,289,False,
2025-06-21,North,Sports,20888.37,442,False,
2025-06-21,North,Apparel,21335.31,422,False,
2025-06-21,North,Electronics,16609.38,376,False,
2025-06-21,East,Electronics,13447.69,229,False,
2025-06-21,East,Apparel,15909.15,347,False,
2025-06-21,West,Groceries,17267.27,344,False,
2025-06-21,East,Groceries,14553.82,235,False,
2025-06-21,West,Apparel,20339.75,418,False,
2025-06-21,South,Home & Kitchen,13350.84,221,False,
2025-06-21,North,Groceries,17733.53,367,False,
2025-06-21,East,Home & Kitchen,11344.53,217,False,
2025-06-21,West,Sports,15426.06,319,False,
2025-06-21,North,Home & Kitchen,24027.18,367,False,
2025-06-22,South,Groceries,10948.57,202,False,
2025-06-22,South,Electronics,11317.66,155,False,
2025-06-22,South,Sports,8747.0,189,False,
2025-06-22,East,Groceries,15044.67,367,False,
2025-06-22,East,Home & Kitchen,11696.26,215,False,
2025-06-22,North,Groceries,15879.4,357,False,
2025-06-22,East,Electronics,13163.89,296,False,
2025-06-22,West,Home & Kitchen,14930.07,337,False,
2025-06-22,West,Electronics,15238.33,334,False,
2025-06-22,North,Apparel,19034.32,384,False,
2025-06-22,West,Sports,13309.12,253,False,
2025-06-22,East,Sports,9361.14,155,False,
2025-06-22,North,Electronics,14053.6,297,False,
2025-06-22,South,Apparel,12798.1,238,False,
2025-06-22,West,Apparel,16939.17,392,False,
2025-06-22,North,Home & Kitchen,22517.19,440,False,
2025-06-22,South,Home & Kitchen,11292.09,186,False,
2025-06-22,North,Sports,18245.6,263,False,
2025-06-22,West,Groceries,18641.9,408,False,
2025-06-22,East,Apparel,14713.67,306,False,
2025-06-23,West,Home & Kitchen,13516.06,270,False,
2025-06-23,North,Sports,17364.56,422,False,
2025-06-23,East,Groceries,11529.78,190,False,
2025-06-23,East,Electronics,11184.17,236,False,
2025-06-23,North,Home & Kitchen,21365.42,341,False,
2025-06-23,South,Electronics,12445.87,238,False,
2025-06-23,South,Apparel,11177.0,303,False,
2025-06-23,East,Apparel,11917.75,288,False,
2025-06-23,West,Electronics,10305.69,249,False,
2025-06-23,South,Sports,7247.97,156,False,
2025-06-23,West,Sports,10809.36,148,False,
2025-06-23,East,Home & Kitchen,11395.43,226,False,
2025-06-23,South,Home & Kitchen,9702.05,233,False,
2025-06-23,West,Groceries,16458.19,434,False,
2025-06-23,East,Sports,7496.7,144,False,
2025-06-23,North,Groceries,14848.68,293,False,
2025-06-23,North,Apparel,19937.97,438,False,
2025-06-23,South,Groceries,9122.86,164,False,
2025-06-23,West,Apparel,17577.71,361,False,
2025-06-23,North,Electronics,13875.1,324,False,
2025-06-24,East,Sports,7271.42,165,False,
2025-06-24,East,Electronics,11224.24,226,False,
2025-06-24,South,Apparel,9891.9,244,False,
2025-06-24,West,Groceries,15884.72,327,False,
2025-06-24,West,Apparel,17154.94,355,False,
2025-06-24,North,Home & Kitchen,17780.76,297,False,
2025-06-24,East,Home & Kitchen,8422.88,149,False,
2025-06-24,North,Sports,15428.79,266,False,
2025-06-24,West,Electronics,13933.9,318,False,
2025-06-24,North,Electronics,14725.69,370,False,
2025-06-24,South,Electronics,11162.8,217,False,
2025-06-24,East,Apparel,12339.33,233,False,
2025-06-24,South,Sports,8191.72,186,False,
2025-06-24,South,Home & Kitchen,9632.98,238,False,
2025-06-24,East,Groceries,12144.32,302,False,
2025-06-24,South,Groceries,8894.98,171,False,
2025-06-24,West,Home & Kitchen,12667.31,320,False,
2025-06-24,West,Sports,13698.83,283,False,
2025-06-24,North,Apparel,20083.57,447,False,
2025-06-24,North,Groceries,12726.99,327,False,
2025-06-25,North,Home & Kitchen,21561.0,419,False,
2025-06-25,East,Groceries,12090.81,293,False,
2025-06-25,West,Electronics,12422.89,301,False,
2025-06-25,North,Apparel,17808.77,326,False,
2025-06-25,West,Groceries,17172.87,451,False,
2025-06-25,North,Sports,16150.32,387,False,
2025-06-25,North,Electronics,15807.82,281,False,
2025-06-25,East,Home & Kitchen,9859.82,248,False,
2025-06-25,North,Groceries,17131.01,276,False,
2025-06-25,West,Apparel,16671.64,338,False,
2025-06-25,East,Apparel,12432.2,261,False,
2025-06-25,South,Groceries,9526.29,189,False,
2025-06-25,East,Electronics,12254.96,203,False,
2025-06-25,South,Sports,7562.26,194,False,
2025-06-25,West,Home & Kitchen,13231.35,269,False,
2025-06-25,South,Electronics,13243.67,234,False,
2025-06-25,South,Apparel,10840.58,294,False,
2025-06-25,East,Sports,7865.94,162,False,
2025-06-25,South,Home & Kitchen,11792.09,301,False,
2025-06-25,West,Sports,13174.83,249,False,
2025-06-26,South,Home & Kitchen,10928.24,202,False,
2025-06-26,West,Home & Kitchen,11222.36,275,False,
2025-06-26,North,Groceries,15007.13,241,False,
2025-06-26,West,Sports,12576.92,350,False,
2025-06-26,East,Home & Kitchen,9498.44,205,False,
2025-06-26,South,Electronics,13590.96,380,False,
2025-06-26,North,Sports,15023.05,240,False,
2025-06-26,South,Apparel,10676.21,187,False,
2025-06-26,North,Apparel,17767.35,397,False,
2025-06-26,South,Groceries,11420.33,254,False,
2025-06-26,North,Home & Kitchen,19626.31,338,False,
2025-06-26,West,Apparel,15013.86,257,False,
2025-06-26,East,Apparel,12680.4,253,False,
2025-06-26,South,Sports,8457.95,162,False,
2025-06-26,West,Groceries,20089.18,510,False,
2025-06-26,East,Electronics,11622.97,216,False,
2025-06-26,East,Groceries,12797.18,221,False,
2025-06-26,East,Sports,8814.54,213,False,
2025-06-26,West,Electronics,12841.76,190,False,
2025-06-26,North,Electronics,15487.57,412,False,
2025-06-27,South,Home & Kitchen,10429.17,193,False,
2025-06-27,South,Sports,7563.82,153,False,
2025-06-27,West,Groceries,16878.95,301,False,
2025-06-27,South,Groceries,9872.56,188,False,
2025-06-27,East,Apparel,14000.01,294,False,
2025-06-27,North,Electronics,13503.69,328,False,
2025-06-27,East,Groceries,11423.1,212,False,
2025-06-27,West,Sports,11311.27,190,False,
2025-06-27,West,Electronics,11122.65,189,False,
2025-06-27,North,Sports,15015.29,322,False,
2025-06-27,North,Home & Kitchen,20741.06,485,False,
2025-06-27,West,Apparel,14424.01,242,False,
2025-06-27,East,Sports,7328.11,144,False,
2025-06-27,East,Home & Kitchen,11046.69,211,False,
2025-06-27,North,Groceries,14392.73,254,False,
2025-06-27,South,Electronics,13237.35,314,False,
2025-06-27,South,Apparel,11867.56,221,False,
2025-06-27,East,Electronics,10274.29,145,False,
2025-06-27,North,Apparel,17158.37,461,False,
2025-06-27,West,Home & Kitchen,13190.32,243,False,
2025-06-28,North,Groceries,18211.46,363,False,
2025-06-28,North,Home & Kitchen,24451.8,491,False,
2025-06-28,East,Electronics,12141.29,309,False,
2025-06-28,West,Groceries,22222.52,376,False,
2025-06-28,West,Home & Kitchen,14306.05,266,False,
2025-06-28,North,Electronics,16439.99,320,False,
2025-06-28,West,Sports,14014.22,228,False,
2025-06-28,South,Groceries,11203.42,242,False,
2025-06-28,South,Apparel,14264.77,294,False,
2025-06-28,East,Apparel,15724.84,279,False,
2025-06-28,West,Electronics,17085.82,425,False,
2025-06-28,East,Sports,7741.55,124,False,
2025-06-28,North,Apparel,17906.86,344,False,
2025-06-28,East,Home & Kitchen,9709.35,217,False,
2025-06-28,North,Sports,20541.56,459,False,
2025-06-28,West,Apparel,18527.88,358,False,
2025-06-28,South,Electronics,14009.22,247,False,
2025-06-28,South,Sports,9554.99,173,False,
2025-06-28,East,Groceries,12243.46,257,False,
2025-06-28,South,Home & Kitchen,12547.86,317,False,
2025-06-29,West,Home & Kitchen,15023.38,297,False,
2025-06-29,East,Electronics,13596.59,355,False,
2025-06-29,South,Apparel,11831.11,221,False,
2025-06-29,South,Electronics,14077.57,293,False,
2025-06-29,South,Groceries,11916.61,248,False,
2025-06-29,East,Sports,9086.22,229,False,
2025-06-29,West,Sports,15604.05,346,False,
2025-06-29,West,Apparel,16356.54,332,False,
2025-06-29,South,Sports,9564.45,199,False,
2025-06-29,North,Sports,17437.92,336,False,
2025-06-29,East,Apparel,14449.82,334,False,
2025-06-29,South,Home & Kitchen,11951.99,236,False,
2025-06-29,North,Home & Kitchen,23059.33,397,False,
2025-06-29,East,Groceries,14405.53,262,False,
2025-06-29,West,Groceries,18392.02,313,False,
2025-06-29,North,Groceries,14938.37,284,False,
2025-06-29,East,Home & Kitchen,12501.39,246,False,
2025-06-29,North,Electronics,14901.97,267,False,
2025-06-29,West,Electronics,15732.17,250,False,
2025-06-29,North,Apparel,21849.46,445,False,
2025-06-30,North,Electronics,12264.09,253,False,
2025-06-30,East,Apparel,13232.94,314,False,
2025-06-30,South,Sports,7356.73,151,False,
2025-06-30,South,Groceries,9863.95,237,False,
2025-06-30,South,Apparel,34512.64,272,True,sudden_spike
2025-06-30,South,Home & Kitchen,10842.63,190,False,
2025-06-30,East,Electronics,10099.16,234,False,
2025-06-30,West,Groceries,16715.9,296,False,
2025-06-30,South,Electronics,13337.61,320,False,
2025-06-30,West,Home & Kitchen,14329.91,313,False,
2025-06-30,East,Groceries,11469.54,200,False,
2025-06-30,West,Electronics,14311.64,321,False,
2025-06-30,East,Sports,8408.48,212,False,
2025-06-30,West,Sports,13337.99,314,False,
2025-06-30,West,Apparel,14491.27,218,False,
2025-06-30,North,Apparel,19878.4,379,False,
2025-06-30,North,Groceries,14926.2,322,False,
2025-06-30,North,Home & Kitchen,19262.79,357,False,
2025-06-30,East,Home & Kitchen,9999.7,183,False,
2025-06-30,North,Sports,15797.19,403,False,
2025-07-01,North,Apparel,14769.46,343,False,
2025-07-01,West,Apparel,18121.35,434,False,
2025-07-01,South,Apparel,10636.79,169,False,
2025-07-01,South,Home & Kitchen,9081.05,164,False,
2025-07-01,East,Electronics,10533.94,182,False,
2025-07-01,South,Electronics,11537.49,184,False,
2025-07-01,East,Sports,7645.18,165,False,
2025-07-01,West,Electronics,13474.01,351,False,
2025-07-01,West,Home & Kitchen,13588.93,245,False,
2025-07-01,North,Sports,16177.24,353,False,
2025-07-01,East,Groceries,10720.91,264,False,
2025-07-01,East,Home & Kitchen,11561.03,219,False,
2025-07-01,East,Apparel,12181.24,202,False,
2025-07-01,North,Home & Kitchen,19332.43,404,False,
2025-07-01,South,Sports,6943.78,135,False,
2025-07-01,North,Groceries,14728.83,320,False,
2025-07-01,North,Electronics,15315.33,282,False,
2025-07-01,South,Groceries,9761.28,217,False,
2025-07-01,West,Sports,13660.32,263,False,
2025-07-01,West,Groceries,17113.16,359,False,
2025-07-02,West,Groceries,17678.59,257,False,
2025-07-02,East,Sports,7093.76,154,False,
2025-07-02,South,Electronics,11363.48,240,False,
2025-07-02,West,Sports,13196.73,314,False,
2025-07-02,South,Apparel,10210.9,237,False,
2025-07-02,South,Home & Kitchen,10390.49,207,False,
2025-07-02,North,Groceries,11850.59,260,False,
2025-07-02,South,Sports,8800.52,145,False,
2025-07-02,West,Electronics,13271.58,238,False,
2025-07-02,North,Electronics,12140.8,218,False,
2025-07-02,South,Groceries,10857.5,220,False,
2025-07-02,East,Home & Kitchen,9660.05,233,False,
2025-07-02,North,Apparel,19756.13,392,False,
2025-07-02,West,Apparel,16836.02,380,False,
2025-07-02,West,Home & Kitchen,11521.09,271,False,
2025-07-02,North,Home & Kitchen,19563.62,439,False,
2025-07-02,East,Groceries,11945.29,221,False,
2025-07-02,North,Sports,16420.95,387,False,
2025-07-02,East,Electronics,11968.98,219,False,
2025-07-02,East,Apparel,13943.5,275,False,
2025-07-03,West,Groceries,16582.75,314,False,
2025-07-03,North,Sports,14702.84,247,False,
2025-07-03,North,Apparel,18409.35,444,False,
2025-07-03,South,Apparel,11077.35,219,False,
2025-07-03,South,Home & Kitchen,9586.28,228,False,
2025-07-03,North,Electronics,13839.94,255,False,
2025-07-03,North,Groceries,14889.75,348,False,
2025-07-03,South,Electronics,12776.82,318,False,
2025-07-03,South,Sports,7372.77,169,False,
2025-07-03,South,Groceries,10430.18,170,False,
2025-07-03,East,Groceries,13474.04,281,False,
2025-07-03,East,Sports,7495.08,131,False,
2025-07-03,West,Sports,10967.82,243,False,
2025-07-03,West,Electronics,14261.77,297,False,
2025-07-03,North,Home & Kitchen,21086.92,510,False,
2025-07-03,East,Home & Kitchen,11314.88,220,False,
2025-07-03,East,Electronics,10970.08,247,False,
2025-07-03,West,Apparel,17688.23,354,False,
2025-07-03,West,Home & Kitchen,11447.22,208,False,
2025-07-03,East,Apparel,12909.92,245,False,
2025-07-04,South,Sports,8920.84,169,False,
2025-07-04,South,Groceries,9851.86,198,False,
2025-07-04,East,Electronics,12484.0,253,False,
2025-07-04,South,Home & Kitchen,11479.38,184,False,
2025-07-04,East,Home & Kitchen,10430.15,208,False,
2025-07-04,East,Apparel,14788.24,280,False,
2025-07-04,North,Sports,15526.69,328,False,
2025-07-04,West,Groceries,14067.93,294,False,
2025-07-04,North,Apparel,19785.54,397,False,
2025-07-04,North,Electronics,14276.83,322,False,
2025-07-04,North,Home & Kitchen,21487.85,493,False,
2025-07-04,South,Electronics,11945.04,223,False,
2025-07-04,East,Groceries,12645.44,287,False,
2025-07-04,South,Apparel,11264.06,228,False,
2025-07-04,West,Home & Kitchen,15481.25,361,False,
2025-07-04,North,Groceries,14649.69,264,False,
2025-07-04,East,Sports,6803.8,125,False,
2025-07-04,West,Electronics,12193.27,205,False,
2025-07-04,West,Sports,13285.76,240,False,
2025-07-04,West,Apparel,14554.63,247,False,
2025-07-05,North,Electronics,17020.41,315,False,
2025-07-05,West,Sports,13776.18,239,False,
2025-07-05,East,Groceries,14035.1,268,False,
2025-07-05,West,Home & Kitchen,13218.42,303,False,
2025-07-05,South,Apparel,11524.86,243,False,
2025-07-05,South,Groceries,10735.9,211,False,
2025-07-05,East,Electronics,13881.56,295,False,
2025-07-05,East,Apparel,14751.34,318,False,
2025-07-05,East,Home & Kitchen,11323.14,217,False,
2025-07-05,South,Sports,7675.36,163,False,
2025-07-05,South,Home & Kitchen,10834.9,208,False,
2025-07-05,North,Groceries,18864.64,333,False,
2025-07-05,North,Apparel,20961.16,353,False,
2025-07-05,North,Sports,21101.47,413,False,
2025-07-05,South,Electronics,13371.07,324,False,
2025-07-05,West,Groceries,18781.78,414,False,
2025-07-05,West,Apparel,20664.69,603,False,
2025-07-05,East,Sports,8271.91,137,False,
2025-07-05,West,Electronics,15259.9,340,False,
2025-07-05,North,Home & Kitchen,21361.18,382,False,
2025-07-06,West,Groceries,21417.2,360,False,
2025-07-06,East,Electronics,10669.24,295,False,
2025-07-06,West,Apparel,20981.78,420,False,
2025-07-06,North,Apparel,21801.12,378,False,
2025-07-06,East,Groceries,12881.33,277,False,
2025-07-06,East,Sports,8209.11,170,False,
2025-07-06,North,Groceries,17539.04,301,False,
2025-07-06,South,Groceries,12690.11,288,False,
2025-07-06,North,Sports,15989.6,278,False,
2025-07-06,West,Sports,16307.3,312,False,
2025-07-06,South,Sports,8539.06,113,False,
2025-07-06,South,Home & Kitchen,11465.63,235,False,
2025-07-06,West,Home & Kitchen,13067.05,292,False,
2025-07-06,East,Apparel,14796.2,292,False,
2025-07-06,North,Home & Kitchen,22117.7,340,False,
2025-07-06,South,Apparel,13010.37,312,False,
2025-07-06,North,Electronics,16555.06,287,False,
2025-07-06,South,Electronics,14201.11,293,False,
2025-07-06,East,Home & Kitchen,12941.44,221,False,
2025-07-06,West,Electronics,15892.51,374,False,
2025-07-07,West,Sports,12971.14,314,False,
2025-07-07,South,Home & Kitchen,10995.2,188,False,
2025-07-07,North,Groceries,16191.86,280,False,
2025-07-07,North,Apparel,19178.93,430,False,
2025-07-07,East,Sports,7901.02,199,False,
2025-07-07,East,Electronics,10224.6,192,False,
2025-07-07,West,Apparel,18028.41,354,False,
2025-07-07,North,Home & Kitchen,17681.69,346,False,
2025-07-07,North,Sports,16935.61,364,False,
2025-07-07,East,Apparel,14237.18,256,False,
2025-07-07,West,Home & Kitchen,12895.21,286,False,
2025-07-07,East,Groceries,14291.31,229,False,
2025-07-07,West,Electronics,13815.61,293,False,
2025-07-07,South,Sports,7768.29,129,False,
2025-07-07,South,Electronics,10694.22,287,False,
2025-07-07,North,Electronics,13723.6,237,False,
2025-07-07,South,Groceries,8696.62,144,False,
2025-07-07,West,Groceries,17128.36,475,False,
2025-07-07,East,Home & Kitchen,8036.72,142,False,
2025-07-07,South,Apparel,11028.99,214,False,
2025-07-08,South,Groceries,9021.24,198,False,
2025-07-08,West,Groceries,14200.14,284,False,
2025-07-08,East,Electronics,10712.05,185,False,
2025-07-08,South,Electronics,12322.41,241,False,
2025-07-08,West,Sports,12252.05,234,False,
2025-07-08,East,Sports,8296.93,127,False,
2025-07-08,North,Home & Kitchen,18794.77,343,False,
2025-07-08,North,Electronics,12674.83,240,False,
2025-07-08,North,Apparel,18068.3,343,False,
2025-07-08,North,Sports,17748.46,324,False,
2025-07-08,West,Electronics,10798.31,214,False,
2025-07-08,West,Apparel,15937.36,395,False,
2025-07-08,East,Apparel,14932.72,387,False,
2025-07-08,South,Apparel,9740.26,256,False,
2025-07-08,South,Sports,8473.31,162,False,
2025-07-08,East,Home & Kitchen,9128.91,142,False,
2025-07-08,West,Home & Kitchen,13705.05,331,False,
2025-07-08,South,Home & Kitchen,10454.34,255,False,
2025-07-08,East,Groceries,13694.91,262,False,
2025-07-08,North,Groceries,14792.19,312,False,
2025-07-09,East,Groceries,13217.54,234,False,
2025-07-09,East,Electronics,13269.47,291,False,
2025-07-09,North,Electronics,13081.85,281,False,
2025-07-09,West,Sports,12740.29,195,False,
2025-07-09,North,Home & Kitchen,18051.04,405,False,
2025-07-09,West,Home & Kitchen,12990.48,292,False,
2025-07-09,North,Sports,16581.16,305,False,
2025-07-09,South,Apparel,10282.36,146,False,
2025-07-09,East,Apparel,13589.51,337,False,
2025-07-09,West,Groceries,17562.48,364,False,
2025-07-09,West,Apparel,15846.73,281,False,
2025-07-09,South,Groceries,9771.16,172,False,
2025-07-09,West,Electronics,12285.55,184,False,
2025-07-09,South,Sports,7331.25,126,False,
2025-07-09,East,Home & Kitchen,9614.0,182,False,
2025-07-09,North,Groceries,16082.03,309,False,
2025-07-09,South,Electronics,12079.59,275,False,
2025-07-09,North,Apparel,17237.76,333,False,
2025-07-09,East,Sports,7940.64,141,False,
2025-07-09,South,Home & Kitchen,10791.72,266,False,
2025-07-10,South,Sports,7072.57,161,False,
2025-07-10,East,Apparel,13674.55,334,False,
2025-07-10,South,Home & Kitchen,11062.86,203,False,
2025-07-10,North,Electronics,14147.86,354,False,
2025-07-10,North,Groceries,13705.03,290,False,
2025-07-10,South,Apparel,11009.18,194,False,
2025-07-10,West,Groceries,15332.55,300,False,
2025-07-10,East,Groceries,13440.47,261,False,
2025-07-10,South,Groceries,9679.43,161,False,
2025-07-10,West,Home & Kitchen,12312.59,233,False,
2025-07-10,West,Electronics,12764.53,228,False,
2025-07-10,East,Home & Kitchen,9533.05,174,False,
2025-07-10,North,Sports,17193.53,368,False,
2025-07-10,West,Apparel,13940.36,222,False,
2025-07-10,East,Electronics,10475.14,221,False,
2025-07-10,South,Electronics,9238.18,148,False,
2025-07-10,North,Home & Kitchen,21711.66,560,False,
2025-07-10,West,Sports,12295.1,259,False,
2025-07-10,North,Apparel,19043.77,347,False,
2025-07-10,East,Sports,7189.53,104,False,
2025-07-11,East,Sports,7010.42,178,False,
2025-07-11,North,Home & Kitchen,18245.5,447,False,
2025-07-11,North,Groceries,14853.88,384,False,
2025-07-11,East,Home & Kitchen,10750.1,180,False,
2025-07-11,South,Apparel,11351.62,208,False,
2025-07-11,North,Sports,16861.41,382,False,
2025-07-11,East,Electronics,10818.99,233,False,
2025-07-11,West,Apparel,14935.86,301,False,
2025-07-11,East,Apparel,14062.42,198,False,
2025-07-11,East,Groceries,10880.95,197,False,
2025-07-11,South,Electronics,10762.23,245,False,
2025-07-11,West,Electronics,13318.14,278,False,
2025-07-11,South,Groceries,9169.68,216,False,
2025-07-11,North,Electronics,14931.09,344,False,
2025-07-11,West,Groceries,15362.39,342,False,
2025-07-11,West,Home & Kitchen,10719.45,198,False,
2025-07-11,South,Sports,7763.99,149,False,
2025-07-11,South,Home & Kitchen,12096.98,265,False,
2025-07-11,West,Sports,12732.99,221,False,
2025-07-11,North,Apparel,15978.89,235,False,
2025-07-12,South,Home & Kitchen,12397.54,298,False,
2025-07-12,North,Electronics,16931.46,313,False,
2025-07-12,South,Electronics,12137.92,266,False,
2025-07-12,West,Electronics,14430.86,296,False,
2025-07-12,West,Apparel,19636.52,373,False,
2025-07-12,South,Groceries,10271.81,256,False,
2025-07-12,East,Groceries,13263.34,333,False,
2025-07-12,West,Sports,13609.79,247,False,
2025-07-12,West,Groceries,18078.56,276,False,
2025-07-12,North,Groceries,17727.93,309,False,
2025-07-12,East,Sports,8989.71,157,False,
2025-07-12,East,Apparel,17163.89,326,False,
2025-07-12,East,Home & Kitchen,9969.82,208,False,
2025-07-12,East,Electronics,12140.44,310,False,
2025-07-12,South,Sports,9310.82,150,False,
2025-07-12,North,Home & Kitchen,24575.84,536,False,
2025-07-12,South,Apparel,11720.13,247,False,
2025-07-12,West,Home & Kitchen,13431.3,302,False,
2025-07-12,North,Sports,19675.64,424,False,
2025-07-12,North,Apparel,22284.47,473,False,
2025-07-13,West,Sports,14959.71,250,False,
2025-07-13,South,Electronics,14031.3,215,False,
2025-07-13,South,Sports,8585.63,183,False,
2025-07-13,South,Groceries,9811.62,185,False,
2025-07-13,East,Sports,8149.55,172,False,
2025-07-13,West,Groceries,21780.66,444,False,
2025-07-13,East,Groceries,13686.59,282,False,
2025-07-13,South,Home & Kitchen,12756.83,343,False,
2025-07-13,West,Electronics,16110.78,290,False,
2025-07-13,North,Sports,20527.46,371,False,
2025-07-13,North,Electronics,16139.61,322,False,
2025-07-13,North,Groceries,16903.46,287,False,
2025-07-13,West,Apparel,18341.28,371,False,
2025-07-13,East,Home & Kitchen,11804.96,224,False,
2025-07-13,East,Apparel,13778.22,298,False,
2025-07-13,East,Electronics,13128.27,181,False,
2025-07-13,North,Home & Kitchen,22199.68,345,False,
2025-07-13,West,Home & Kitchen,15747.79,263,False,
2025-07-13,North,Apparel,19179.73,428,False,
2025-07-13,South,Apparel,10623.89,215,False,
2025-07-14,West,Electronics,11427.4,181,False,
2025-07-14,West,Sports,14323.95,285,False,
2025-07-14,East,Groceries,12466.99,275,False,
2025-07-14,West,Apparel,14076.03,300,False,
2025-07-14,North,Groceries,14984.52,436,False,
2025-07-14,North,Home & Kitchen,20187.88,417,False,
2025-07-14,South,Apparel,10188.54,248,False,
2025-07-14,South,Sports,8025.38,169,False,
2025-07-14,East,Home & Kitchen,10051.48,193,False,
2025-07-14,North,Sports,14853.16,372,False,
2025-07-14,North,Electronics,14332.6,272,False,
2025-07-14,West,Groceries,14074.5,254,False,
2025-07-14,East,Sports,7318.92,125,False,
2025-07-14,East,Electronics,10387.84,147,False,
2025-07-14,South,Electronics,13159.62,310,False,
2025-07-14,South,Groceries,9916.38,241,False,
2025-07-14,South,Home & Kitchen,10084.93,159,False,
2025-07-14,North,Apparel,20040.45,489,False,
2025-07-14,East,Apparel,12394.89,233,False,
2025-07-14,West,Home & Kitchen,13219.27,295,False,
2025-07-15,North,Home & Kitchen,19762.91,334,False,
2025-07-15,East,Electronics,10408.08,192,False,
2025-07-15,West,Home & Kitchen,12463.13,256,False,
2025-07-15,West,Apparel,16950.87,275,False,
2025-07-15,East,Apparel,15318.51,314,False,
2025-07-15,North,Sports,17190.61,318,False,
2025-07-15,West,Electronics,11803.98,233,False,
2025-07-15,West,Groceries,15805.57,424,False,
2025-07-15,South,Electronics,12006.69,187,False,
2025-07-15,East,Sports,8642.71,184,False,
2025-07-15,South,Home & Kitchen,9748.03,201,False,
2025-07-15,East,Groceries,12486.37,225,False,
2025-07-15,South,Sports,7003.43,147,False,
2025-07-15,South,Groceries,9953.89,197,False,
2025-07-15,West,Sports,11735.56,199,False,
2025-07-15,North,Apparel,18308.58,372,False,
2025-07-15,South,Apparel,10633.33,200,False,
2025-07-15,East,Home & Kitchen,11595.37,264,False,
2025-07-15,North,Groceries,15202.02,321,False,
2025-07-15,North,Electronics,15535.37,291,False,
2025-07-16,West,Groceries,12522.18,210,False,
2025-07-16,South,Sports,9089.78,166,False,
2025-07-16,East,Home & Kitchen,9213.01,153,False,
2025-07-16,North,Sports,17682.95,405,False,
2025-07-16,East,Apparel,12786.46,280,False,
2025-07-16,North,Electronics,11407.57,186,False,
2025-07-16,West,Sports,13073.46,244,False,
2025-07-16,West,Electronics,13891.71,236,False,
2025-07-16,East,Electronics,12963.83,278,False,
2025-07-16,West,Home & Kitchen,12062.05,277,False,
2025-07-16,South,Home & Kitchen,9183.75,148,False,
2025-07-16,South,Groceries,8620.14,184,False,
2025-07-16,North,Apparel,18183.84,309,False,
2025-07-16,South,Electronics,12030.64,193,False,
2025-07-16,South,Apparel,9539.69,243,False,
2025-07-16,East,Sports,7661.25,159,False,
2025-07-16,West,Apparel,15038.84,346,False,
2025-07-16,North,Groceries,18416.17,404,False,
2025-07-16,North,Home & Kitchen,20595.47,483,False,
2025-07-16,East,Groceries,13503.89,296,False,
2025-07-17,East,Groceries,13345.31,240,False,
2025-07-17,North,Sports,17493.99,358,False,
2025-07-17,West,Electronics,12602.58,257,False,
2025-07-17,East,Sports,7112.33,144,False,
2025-07-17,North,Groceries,15827.77,312,False,
2025-07-17,East,Electronics,11888.56,270,False,
2025-07-17,West,Home & Kitchen,11788.2,204,False,
2025-07-17,West,Groceries,16232.31,315,False,
2025-07-17,South,Home & Kitchen,11725.91,237,False,
2025-07-17,South,Electronics,12665.4,247,False,
2025-07-17,South,Groceries,10244.74,251,False,
2025-07-17,East,Home & Kitchen,10203.79,239,False,
2025-07-17,South,Sports,7440.4,125,False,
2025-07-17,West,Sports,12418.38,322,False,
2025-07-17,North,Apparel,18983.46,287,False,
2025-07-17,North,Electronics,12926.43,366,False,
2025-07-17,South,Apparel,10512.32,183,False,
2025-07-17,East,Apparel,13301.52,304,False,
2025-07-17,North,Home & Kitchen,20971.42,297,False,
2025-07-17,West,Apparel,14747.1,310,False,
2025-07-18,West,Home & Kitchen,14022.43,245,False,
2025-07-18,North,Electronics,12814.59,256,False,
2025-07-18,West,Apparel,14783.52,287,False,
2025-07-18,North,Apparel,19782.64,345,False,
2025-07-18,North,Sports,17127.36,352,False,
2025-07-18,South,Sports,7970.45,209,False,
2025-07-18,South,Groceries,9237.14,155,False,
2025-07-18,South,Home & Kitchen,10706.75,225,False,
2025-07-18,East,Groceries,12235.03,291,False,
2025-07-18,East,Apparel,12748.1,275,False,
2025-07-18,East,Home & Kitchen,9767.41,170,False,
2025-07-18,South,Apparel,10524.42,170,False,
2025-07-18,North,Groceries,14699.16,207,False,
2025-07-18,East,Electronics,11685.39,270,False,
2025-07-18,South,Electronics,13018.74,225,False,
2025-07-18,West,Groceries,17711.94,451,False,
2025-07-18,West,Sports,12233.76,170,False,
2025-07-18,East,Sports,8845.19,163,False,
2025-07-18,West,Electronics,12826.95,211,False,
2025-07-18,North,Home & Kitchen,18776.45,360,False,
2025-07-19,North,Home & Kitchen,21313.79,457,False,
2025-07-19,North,Apparel,20619.68,416,False,
2025-07-19,South,Apparel,10579.24,184,False,
2025-07-19,West,Sports,14315.35,304,False,
2025-07-19,East,Groceries,15975.44,347,False,
2025-07-19,South,Home & Kitchen,12245.12,245,False,
2025-07-19,South,Electronics,15836.73,346,False,
2025-07-19,East,Apparel,15266.62,330,False,
2025-07-19,South,Sports,8910.23,162,False,
2025-07-19,East,Sports,8230.16,178,False,
2025-07-19,West,Electronics,13184.35,183,False,
2025-07-19,West,Groceries,17865.04,412,False,
2025-07-19,East,Home & Kitchen,12606.07,219,False,
2025-07-19,East,Electronics,14108.12,279,False,
2025-07-19,North,Electronics,18373.93,315,False,
2025-07-19,North,Sports,17836.49,391,False,
2025-07-19,West,Home & Kitchen,13993.94,361,False,
2025-07-19,West,Apparel,16577.49,426,False,
2025-07-19,North,Groceries,15797.87,263,False,
2025-07-19,South,Groceries,10606.8,228,False,
2025-07-20,West,Home & Kitchen,13451.1,331,False,
2025-07-20,South,Electronics,13688.72,262,False,
2025-07-20,West,Electronics,14355.07,301,False,
2025-07-20,South,Home & Kitchen,11265.75,207,False,
2025-07-20,East,Electronics,12322.84,198,False,
2025-07-20,East,Groceries,14805.74,356,False,
2025-07-20,North,Apparel,20195.62,378,False,
2025-07-20,East,Apparel,13440.47,239,False,
2025-07-20,East,Sports,8871.07,162,False,
2025-07-20,East,Home & Kitchen,12859.55,268,False,
2025-07-20,North,Electronics,18656.82,324,False,
2025-07-20,West,Groceries,21378.51,410,False,
2025-07-20,North,Sports,18910.4,318,False,
2025-07-20,South,Groceries,10900.3,204,False,
2025-07-20,North,Groceries,17955.6,325,False,
2025-07-20,South,Sports,9446.84,174,False,
2025-07-20,North,Home & Kitchen,24069.35,535,False,
2025-07-20,South,Apparel,10358.84,193,False,
2025-07-20,West,Sports,16481.02,457,False,
2025-07-20,West,Apparel,16397.7,396,False,
2025-07-21,South,Apparel,10807.39,196,False,
2025-07-21,West,Groceries,19844.29,297,False,
2025-07-21,West,Sports,12045.45,249,False,
2025-07-21,South,Home & Kitchen,9720.38,225,False,
2025-07-21,East,Sports,6972.72,196,False,
2025-07-21,South,Groceries,9863.0,205,False,
2025-07-21,East,Electronics,10431.42,249,False,
2025-07-21,East,Home & Kitchen,10820.3,181,False,
2025-07-21,North,Electronics,12295.07,288,False,
2025-07-21,North,Sports,19347.94,424,False,
2025-07-21,North,Home & Kitchen,20548.92,382,False,
2025-07-21,North,Groceries,13708.94,274,False,
2025-07-21,West,Apparel,15958.26,284,False,
2025-07-21,West,Electronics,12886.87,314,False,
2025-07-21,East,Groceries,14161.21,249,False,
2025-07-21,South,Electronics,12734.55,311,False,
2025-07-21,North,Apparel,19300.37,345,False,
2025-07-21,South,Sports,8118.75,166,False,
2025-07-21,West,Home & Kitchen,12055.58,275,False,
2025-07-21,East,Apparel,12930.92,312,False,
2025-07-22,North,Home & Kitchen,18980.15,422,False,
2025-07-22,South,Electronics,14293.28,273,False,
2025-07-22,South,Home & Kitchen,11111.17,183,False,
2025-07-22,South,Groceries,10050.47,216,False,
2025-07-22,South,Apparel,9743.4,175,False,
2025-07-22,West,Sports,13324.32,271,False,
2025-07-22,North,Sports,16781.76,407,False,
2025-07-22,East,Home & Kitchen,9241.76,151,False,
2025-07-22,South,Sports,6893.54,119,False,
2025-07-22,East,Groceries,14708.3,272,False,
2025-07-22,North,Groceries,13826.25,273,False,
2025-07-22,East,Electronics,11911.9,249,False,
2025-07-22,West,Apparel,16562.54,281,False,
2025-07-22,West,Groceries,16511.45,298,False,
2025-07-22,North,Electronics,13583.81,232,False,
2025-07-22,East,Apparel,13495.42,310,False,
2025-07-22,North,Apparel,18161.3,291,False,
2025-07-22,West,Electronics,12936.78,318,False,
2025-07-22,West,Home & Kitchen,12298.58,260,False,
2025-07-22,East,Sports,8006.7,142,False,
2025-07-23,North,Apparel,16066.13,265,False,
2025-07-23,West,Home & Kitchen,10744.73,191,False,
2025-07-23,East,Sports,7765.81,158,False,
2025-07-23,South,Electronics,10901.53,190,False,
2025-07-23,East,Groceries,10357.2,228,False,
2025-07-23,North,Groceries,15539.97,336,False,
2025-07-23,West,Apparel,15080.04,307,False,
2025-07-23,West,Sports,13439.67,228,False,
2025-07-23,North,Home & Kitchen,18932.52,349,False,
2025-07-23,East,Apparel,13663.99,281,False,
2025-07-23,West,Electronics,11345.11,274,False,
2025-07-23,West,Groceries,18434.18,473,False,
2025-07-23,North,Sports,15707.2,256,False,
2025-07-23,North,Electronics,12167.44,237,False,
2025-07-23,East,Home & Kitchen,9065.96,251,False,
2025-07-23,East,Electronics,11615.17,213,False,
2025-07-23,South,Sports,6977.17,123,False,
2025-07-23,South,Home & Kitchen,9897.2,230,False,
2025-07-23,South,Groceries,9803.16,196,False,
2025-07-23,South,Apparel,10511.83,210,False,
2025-07-24,South,Electronics,13079.02,284,False,
2025-07-24,East,Sports,7666.95,132,False,
2025-07-24,West,Electronics,13744.55,261,False,
2025-07-24,East,Electronics,12402.55,222,False,
2025-07-24,South,Home & Kitchen,10314.42,199,False,
2025-07-24,South,Apparel,10101.78,178,False,
2025-07-24,South,Sports,8718.67,224,False,
2025-07-24,North,Apparel,16549.87,311,False,
2025-07-24,North,Home & Kitchen,22039.46,523,False,
2025-07-24,East,Groceries,12935.16,310,False,
2025-07-24,South,Groceries,9575.63,204,False,
2025-07-24,West,Home & Kitchen,15064.35,239,False,
2025-07-24,North,Sports,18344.73,371,False,
2025-07-24,West,Sports,12308.86,226,False,
2025-07-24,East,Home & Kitchen,11587.06,268,False,
2025-07-24,West,Apparel,15898.32,306,False,
2025-07-24,East,Apparel,13820.04,310,False,
2025-07-24,North,Groceries,13920.15,268,False,
2025-07-24,North,Electronics,15634.67,286,False,
2025-07-24,West,Groceries,15998.63,280,False,
2025-07-25,East,Sports,7277.87,161,False,
2025-07-25,West,Home & Kitchen,15282.05,275,False,
2025-07-25,East,Apparel,14459.95,391,False,
2025-07-25,East,Home & Kitchen,10417.45,171,False,
2025-07-25,West,Electronics,12665.86,246,False,
2025-07-25,South,Electronics,12072.88,207,False,
2025-07-25,North,Home & Kitchen,21359.85,522,False,
2025-07-25,South,Sports,8086.25,151,False,
2025-07-25,North,Electronics,14809.61,274,False,
2025-07-25,South,Home & Kitchen,10104.38,262,False,
2025-07-25,North,Sports,13977.74,233,False,
2025-07-25,West,Apparel,16284.75,322,False,
2025-07-25,North,Groceries,13620.75,261,False,
2025-07-25,East,Groceries,13085.23,206,False,
2025-07-25,West,Sports,12329.21,241,False,
2025-07-25,North,Apparel,21890.98,500,False,
2025-07-25,South,Apparel,9934.91,180,False,
2025-07-25,East,Electronics,12928.44,273,False,
2025-07-25,West,Groceries,14349.37,273,False,
2025-07-25,South,Groceries,8087.05,114,False,
2025-07-26,South,Apparel,10643.96,207,False,
2025-07-26,West,Home & Kitchen,11752.18,214,False,
2025-07-26,South,Home & Kitchen,12191.15,232,False,
2025-07-26,East,Apparel,15796.07,258,False,
2025-07-26,North,Home & Kitchen,22664.39,448,False,
2025-07-26,North,Groceries,15888.79,322,False,
2025-07-26,West,Groceries,18331.11,487,False,
2025-07-26,North,Apparel,19256.18,360,False,
2025-07-26,East,Groceries,16206.2,276,False,
2025-07-26,West,Apparel,20641.56,351,False,
2025-07-26,North,Sports,18348.05,389,False,
2025-07-26,East,Electronics,13706.28,237,False,
2025-07-26,West,Electronics,17236.89,334,False,
2025-07-26,South,Electronics,12721.53,210,False,
2025-07-26,East,Home & Kitchen,13126.61,289,False,
2025-07-26,West,Sports,13523.77,301,False,
2025-07-26,South,Groceries,10208.46,297,False,
2025-07-26,East,Sports,8962.92,210,False,
2025-07-26,South,Sports,9614.64,191,False,
2025-07-26,North,Electronics,14130.02,309,False,
2025-07-27,North,Groceries,17880.14,404,False,
2025-07-27,West,Home & Kitchen,15330.11,296,False,
2025-07-27,West,Groceries,20509.65,385,False,
2025-07-27,West,Sports,12216.59,233,False,
2025-07-27,South,Sports,7891.06,127,False,
2025-07-27,South,Groceries,13063.25,276,False,
2025-07-27,East,Home & Kitchen,12120.02,278,False,
2025-07-27,South,Electronics,14801.51,308,False,
2025-07-27,North,Electronics,16648.01,320,False,
2025-07-27,West,Electronics,14724.68,260,False,
2025-07-27,East,Sports,8734.68,175,False,
2025-07-27,West,Apparel,16316.35,326,False,
2025-07-27,East,Electronics,13600.8,402,False,
2025-07-27,East,Apparel,17835.23,435,False,
2025-07-27,North,Apparel,17237.09,405,False,
2025-07-27,South,Apparel,12841.33,256,False,
2025-07-27,North,Sports,18628.86,390,False,
2025-07-27,East,Groceries,13697.31,256,False,
2025-07-27,North,Home & Kitchen,21841.29,465,False,
2025-07-27,South,Home & Kitchen,12132.13,239,False,
2025-07-28,West,Home & Kitchen,12451.77,273,False,
2025-07-28,North,Apparel,17755.14,370,False,
2025-07-28,West,Apparel,16021.51,344,False,
2025-07-28,North,Home & Kitchen,18471.46,385,False,
2025-07-28,East,Groceries,11632.32,227,False,
2025-07-28,North,Electronics,13298.74,260,False,
2025-07-28,North,Sports,16313.09,268,False,
2025-07-28,South,Groceries,8527.44,177,False,
2025-07-28,East,Electronics,12209.76,222,False,
2025-07-28,West,Sports,11416.8,247,False,
2025-07-28,South,Apparel,11755.16,274,False,
2025-07-28,West,Electronics,13112.17,338,False,
2025-07-28,South,Sports,6428.43,129,False,
2025-07-28,North,Groceries,15588.83,327,False,
2025-07-28,East,Home & Kitchen,11835.29,195,False,
2025-07-28,West,Groceries,16363.47,274,False,
2025-07-28,East,Apparel,12923.26,301,False,
2025-07-28,South,Home & Kitchen,10893.26,255,False,
2025-07-28,South,Electronics,12016.68,248,False,
2025-07-28,East,Sports,8220.73,167,False,
2025-07-29,North,Apparel,18190.75,249,False,
2025-07-29,East,Sports,6949.71,99,False,
2025-07-29,South,Home & Kitchen,9691.2,217,False,
2025-07-29,East,Home & Kitchen,9538.99,178,False,
2025-07-29,North,Electronics,14498.02,371,False,
2025-07-29,South,Groceries,9370.23,176,False,
2025-07-29,West,Apparel,16232.89,338,False,
2025-07-29,West,Electronics,13330.55,265,False,
2025-07-29,East,Groceries,12673.48,253,False,
2025-07-29,North,Sports,17332.27,269,False,
2025-07-29,South,Apparel,10782.13,251,False,
2025-07-29,South,Electronics,11398.58,294,False,
2025-07-29,East,Electronics,11773.98,216,False,
2025-07-29,West,Home & Kitchen,12526.63,243,False,
2025-07-29,North,Groceries,15271.06,293,False,
2025-07-29,West,Groceries,17355.71,317,False,
2025-07-29,North,Home & Kitchen,20786.08,419,False,
2025-07-29,West,Sports,12706.51,226,False,
2025-07-29,East,Apparel,12115.07,209,False,
2025-07-29,South,Sports,7508.94,189,False,
2025-07-30,East,Apparel,13086.47,247,False,
2025-07-30,North,Groceries,14891.32,267,False,
2025-07-30,South,Groceries,10727.68,255,False,
2025-07-30,North,Sports,18217.95,290,False,
2025-07-30,North,Home & Kitchen,20634.92,477,False,
2025-07-30,West,Apparel,12181.77,206,False,
2025-07-30,North,Apparel,19387.25,406,False,
2025-07-30,South,Home & Kitchen,11965.73,283,False,
2025-07-30,East,Sports,8320.62,164,False,
2025-07-30,West,Electronics,14602.22,364,False,
2025-07-30,South,Electronics,13868.88,342,False,
2025-07-30,South,Apparel,11433.18,233,False,
2025-07-30,North,Electronics,13728.42,351,False,
2025-07-30,West,Groceries,18171.28,370,False,
2025-07-30,East,Electronics,11670.15,292,False,
2025-07-30,South,Sports,7209.98,119,False,
2025-07-30,West,Sports,13718.45,382,False,
2025-07-30,East,Groceries,13735.53,263,False,
2025-07-30,East,Home & Kitchen,11091.42,165,False,
2025-07-30,West,Home & Kitchen,11756.93,235,False,
2025-07-31,East,Electronics,10687.72,200,False,
2025-07-31,East,Groceries,13284.22,277,False,
2025-07-31,North,Electronics,13531.28,315,False,
2025-07-31,North,Sports,16052.41,320,False,
2025-07-31,South,Electronics,12969.56,266,False,
2025-07-31,West,Electronics,13031.95,205,False,
2025-07-31,North,Home & Kitchen,21271.11,397,False,
2025-07-31,South,Groceries,9329.32,223,False,
2025-07-31,North,Apparel,18637.51,302,False,
2025-07-31,South,Sports,7991.31,151,False,
2025-07-31,East,Home & Kitchen,10496.61,218,False,
2025-07-31,South,Apparel,11139.48,238,False,
2025-07-31,West,Sports,12685.03,293,False,
2025-07-31,West,Home & Kitchen,12605.79,203,False,
2025-07-31,North,Groceries,13496.89,254,False,
2025-07-31,West,Apparel,14780.03,265,False,
2025-07-31,West,Groceries,17671.73,313,False,
2025-07-31,East,Apparel,16389.04,312,False,
2025-07-31,East,Sports,6994.27,176,False,
2025-07-31,South,Home & Kitchen,10902.83,233,False,
2025-08-01,North,Electronics,13774.98,230,False,
2025-08-01,South,Electronics,11205.96,272,False,
2025-08-01,East,Electronics,12691.14,231,False,
2025-08-01,South,Sports,8585.26,172,False,
2025-08-01,North,Groceries,15989.5,279,False,
2025-08-01,South,Groceries,9142.58,169,False,
2025-08-01,West,Groceries,17026.43,267,False,
2025-08-01,East,Groceries,13515.15,223,False,
2025-08-01,West,Sports,12761.51,236,False,
2025-08-01,North,Home & Kitchen,18397.63,529,False,
2025-08-01,West,Home & Kitchen,12462.27,200,False,
2025-08-01,West,Apparel,18236.04,282,False,
2025-08-01,North,Sports,18422.01,380,False,
2025-08-01,South,Apparel,10549.53,210,False,
2025-08-01,West,Electronics,14441.87,356,False,
2025-08-01,East,Home & Kitchen,10331.8,239,False,
2025-08-01,North,Apparel,19355.06,483,False,
2025-08-01,East,Sports,8244.61,173,False,
2025-08-01,East,Apparel,13879.74,226,False,
2025-08-01,South,Home & Kitchen,9741.3,237,False,
2025-08-02,South,Sports,8626.5,161,False,
2025-08-02,East,Groceries,15032.51,284,False,
2025-08-02,North,Apparel,18864.24,542,False,
2025-08-02,West,Groceries,19682.98,358,False,
2025-08-02,South,Home & Kitchen,11668.98,251,False,
2025-08-02,North,Groceries,20027.36,346,False,
2025-08-02,South,Groceries,10941.19,201,False,
2025-08-02,North,Sports,19747.68,449,False,
2025-08-02,North,Home & Kitchen,19240.69,410,False,
2025-08-02,West,Apparel,19334.1,463,False,
2025-08-02,East,Electronics,14076.66,292,False,
2025-08-02,East,Sports,8838.32,166,False,
2025-08-02,West,Home & Kitchen,16349.7,382,False,
2025-08-02,South,Apparel,12218.55,247,False,
2025-08-02,West,Sports,14943.85,287,False,
2025-08-02,South,Electronics,14444.89,213,False,
2025-08-02,East,Home & Kitchen,10956.2,253,False,
2025-08-02,North,Electronics,13225.31,353,False,
2025-08-02,West,Electronics,14625.79,246,False,
2025-08-02,East,Apparel,15507.87,242,False,
2025-08-03,North,Home & Kitchen,21580.34,454,False,
2025-08-03,North,Apparel,23165.96,492,False,
2025-08-03,West,Electronics,14005.31,355,False,
2025-08-03,South,Sports,8532.04,135,False,
2025-08-03,East,Groceries,13831.07,323,False,
2025-08-03,East,Electronics,14394.66,319,False,
2025-08-03,South,Apparel,12032.47,312,False,
2025-08-03,East,Sports,8083.27,184,False,
2025-08-03,South,Electronics,16446.8,428,False,
2025-08-03,West,Groceries,16686.39,271,False,
2025-08-03,West,Sports,14220.2,243,False,
2025-08-03,South,Home & Kitchen,13629.74,239,False,
2025-08-03,South,Groceries,10847.4,200,False,
2025-08-03,North,Sports,17213.6,413,False,
2025-08-03,East,Apparel,14035.14,350,False,
2025-08-03,North,Electronics,15865.13,296,False,
2025-08-03,North,Groceries,18426.77,336,False,
2025-08-03,West,Apparel,18067.86,435,False,
2025-08-03,West,Home & Kitchen,10852.45,195,False,
2025-08-03,East,Home & Kitchen,11606.32,188,False,
2025-08-04,North,Electronics,13938.39,214,False,
2025-08-04,South,Apparel,10590.08,266,False,
2025-08-04,West,Apparel,16089.16,346,False,
2025-08-04,South,Electronics,10863.31,145,False,
2025-08-04,East,Groceries,13702.25,254,False,
2025-08-04,East,Sports,8059.54,219,False,
2025-08-04,West,Electronics,13491.86,272,False,
2025-08-04,South,Sports,7641.89,158,False,
2025-08-04,South,Groceries,9563.08,221,False,
2025-08-04,East,Electronics,11076.32,207,False,
2025-08-04,West,Sports,12553.79,256,False,
2025-08-04,North,Sports,17296.81,330,False,
2025-08-04,West,Groceries,18140.8,333,False,
2025-08-04,West,Home & Kitchen,14099.96,285,False,
2025-08-04,North,Home & Kitchen,18933.79,447,False,
2025-08-04,North,Groceries,14965.78,444,False,
2025-08-04,North,Apparel,17704.12,320,False,
2025-08-04,East,Home & Kitchen,10056.21,152,False,
2025-08-04,South,Home & Kitchen,11224.21,195,False,
2025-08-04,East,Apparel,12554.1,271,False,
2025-08-05,North,Apparel,18361.49,340,False,
2025-08-05,North,Electronics,14933.74,271,False,
2025-08-05,South,Electronics,12650.15,253,False,
2025-08-05,East,Sports,6758.21,113,False,
2025-08-05,West,Electronics,12084.02,233,False,
2025-08-05,North,Groceries,13308.7,273,False,
2025-08-05,North,Sports,14818.32,253,False,
2025-08-05,South,Home & Kitchen,10972.63,197,False,
2025-08-05,West,Sports,12570.58,316,False,
2025-08-05,South,Apparel,10336.77,234,False,
2025-08-05,West,Apparel,15612.08,254,False,
2025-08-05,West,Home & Kitchen,11697.19,192,False,
2025-08-05,North,Home & Kitchen,17472.96,368,False,
2025-08-05,East,Apparel,14258.95,330,False,
2025-08-05,West,Groceries,17040.47,331,False,
2025-08-05,East,Home & Kitchen,10130.41,217,False,
2025-08-05,South,Sports,6842.75,105,False,
2025-08-05,East,Groceries,13120.34,232,False,
2025-08-05,South,Groceries,9751.71,166,False,
2025-08-05,East,Electronics,11013.82,212,False,
2025-08-06,East,Apparel,12579.99,230,False,
2025-08-06,South,Home & Kitchen,10702.84,224,False,
2025-08-06,East,Home & Kitchen,9372.81,163,False,
2025-08-06,West,Groceries,15224.94,342,False,
2025-08-06,West,Sports,13334.73,388,False,
2025-08-06,North,Groceries,13435.14,292,False,
2025-08-06,East,Electronics,10712.74,207,False,
2025-08-06,North,Home & Kitchen,21133.23,489,False,
2025-08-06,North,Sports,16022.33,303,False,
2025-08-06,North,Electronics,15077.72,255,False,
2025-08-06,West,Apparel,17743.8,257,False,
2025-08-06,South,Apparel,10051.85,193,False,
2025-08-06,East,Sports,8459.26,128,False,
2025-08-06,South,Sports,8428.92,140,False,
2025-08-06,West,Electronics,13660.31,228,False,
2025-08-06,South,Groceries,9712.97,175,False,
2025-08-06,North,Apparel,16370.31,365,False,
2025-08-06,South,Electronics,10949.46,242,False,
2025-08-06,East,Groceries,11671.58,182,False,
2025-08-06,West,Home & Kitchen,14819.53,355,False,
2025-08-07,South,Groceries,10381.61,195,False,
2025-08-07,North,Electronics,13900.48,345,False,
2025-08-07,East,Groceries,13602.34,408,False,
2025-08-07,East,Home & Kitchen,11241.66,183,False,
2025-08-07,North,Sports,16483.1,403,False,
2025-08-07,East,Sports,7472.52,123,False,
2025-08-07,South,Sports,8401.89,160,False,
2025-08-07,South,Electronics,14089.96,280,False,
2025-08-07,West,Groceries,16256.81,299,False,
2025-08-07,North,Groceries,14688.87,261,False,
2025-08-07,North,Apparel,16487.4,348,False,
2025-08-07,West,Electronics,13661.25,257,False,
2025-08-07,East,Electronics,10531.58,212,False,
2025-08-07,West,Home & Kitchen,12478.53,265,False,
2025-08-07,West,Sports,13693.89,322,False,
2025-08-07,South,Home & Kitchen,10970.26,204,False,
2025-08-07,South,Apparel,10837.77,241,False,
2025-08-07,East,Apparel,13954.98,381,False,
2025-08-07,North,Home & Kitchen,20878.65,495,False,
2025-08-07,West,Apparel,13415.45,257,False,
2025-08-08,South,Groceries,9616.13,211,False,
2025-08-08,South,Electronics,11042.11,256,False,
2025-08-08,North,Sports,15745.78,331,False,
2025-08-08,South,Sports,7431.02,131,False,
2025-08-08,North,Home & Kitchen,19632.86,392,False,
2025-08-08,North,Groceries,14979.17,323,False,
2025-08-08,West,Apparel,15849.95,336,False,
2025-08-08,South,Apparel,10532.64,239,False,
2025-08-08,North,Electronics,12314.08,247,False,
2025-08-08,North,Apparel,18688.15,497,False,
2025-08-08,East,Apparel,11531.1,277,False,
2025-08-08,South,Home & Kitchen,10458.36,226,False,
2025-08-08,West,Sports,13752.58,269,False,
2025-08-08,East,Home & Kitchen,11876.33,265,False,
2025-08-08,East,Sports,7398.35,181,False,
2025-08-08,West,Home & Kitchen,14458.17,316,False,
2025-08-08,West,Groceries,15450.65,368,False,
2025-08-08,East,Groceries,11847.69,310,False,
2025-08-08,West,Electronics,12253.74,294,False,
2025-08-08,East,Electronics,13233.38,255,False,
2025-08-09,North,Groceries,17889.05,425,False,
2025-08-09,West,Electronics,13301.39,212,False,
2025-08-09,South,Groceries,9673.04,252,False,
2025-08-09,East,Groceries,14248.79,345,False,
2025-08-09,East,Home & Kitchen,12690.64,201,False,
2025-08-09,North,Electronics,18875.98,515,False,
2025-08-09,South,Apparel,11622.16,214,False,
2025-08-09,North,Home & Kitchen,19765.0,300,False,
2025-08-09,East,Apparel,16020.32,418,False,
2025-08-09,North,Apparel,22175.74,507,False,
2025-08-09,West,Groceries,20016.66,359,False,
2025-08-09,West,Sports,15949.82,346,False,
2025-08-09,West,Home & Kitchen,15623.58,383,False,
2025-08-09,South,Electronics,14692.14,386,False,
2025-08-09,North,Sports,18422.54,369,False,
2025-08-09,West,Apparel,20329.5,398,False,
2025-08-09,East,Electronics,14579.2,276,False,
2025-08-09,South,Sports,8970.78,183,False,
2025-08-09,East,Sports,10212.15,219,False,
2025-08-09,South,Home & Kitchen,12826.33,305,False,
2025-08-10,East,Electronics,13866.67,313,False,
2025-08-10,East,Groceries,14457.19,315,False,
2025-08-10,South,Home & Kitchen,13497.56,266,False,
2025-08-10,West,Electronics,16552.58,387,False,
2025-08-10,West,Home & Kitchen,15085.82,300,False,
2025-08-10,South,Groceries,12836.92,257,False,
2025-08-10,North,Home & Kitchen,24601.76,502,False,
2025-08-10,North,Sports,17035.53,401,False,
2025-08-10,West,Groceries,20638.6,384,False,
2025-08-10,East,Sports,9108.08,163,False,
2025-08-10,North,Electronics,15000.24,351,False,
2025-08-10,East,Home & Kitchen,11033.27,289,False,
2025-08-10,South,Apparel,12634.62,309,False,
2025-08-10,North,Apparel,20001.06,496,False,
2025-08-10,North,Groceries,17141.59,356,False,
2025-08-10,South,Electronics,13217.13,251,False,
2025-08-10,East,Apparel,14453.32,333,False,
2025-08-10,West,Sports,16729.65,329,False,
2025-08-10,South,Sports,9334.56,177,False,
2025-08-10,West,Apparel,19970.51,444,False,
2025-08-11,South,Groceries,10687.85,205,False,
2025-08-11,North,Sports,15874.1,372,False,
2025-08-11,East,Sports,7794.67,162,False,
2025-08-11,East,Groceries,10251.24,189,False,
2025-08-11,West,Electronics,13748.54,311,False,
2025-08-11,South,Electronics,12009.95,257,False,
2025-08-11,West,Home & Kitchen,11486.91,283,False,
2025-08-11,North,Apparel,17820.56,370,False,
2025-08-11,North,Home & Kitchen,20629.43,456,False,
2025-08-11,East,Electronics,12241.58,257,False,
2025-08-11,West,Groceries,16911.4,268,False,
2025-08-11,North,Groceries,15315.26,336,False,
2025-08-11,South,Apparel,9725.89,165,False,
2025-08-11,South,Sports,8254.16,170,False,
2025-08-11,East,Apparel,12406.24,215,False,
2025-08-11,West,Sports,13308.73,202,False,
2025-08-11,North,Electronics,13318.81,283,False,
2025-08-11,East,Home & Kitchen,9559.62,204,False,
2025-08-11,South,Home & Kitchen,10497.69,251,False,
2025-08-11,West,Apparel,16090.92,245,False,
2025-08-12,East,Home & Kitchen,10689.64,172,False,
2025-08-12,West,Groceries,16810.94,337,False,
2025-08-12,East,Groceries,11555.67,186,False,
2025-08-12,North,Electronics,13950.01,235,False,
2025-08-12,North,Sports,15262.52,359,False,
2025-08-12,North,Groceries,13566.34,282,False,
2025-08-12,West,Sports,12973.25,321,False,
2025-08-12,East,Electronics,11280.12,195,False,
2025-08-12,West,Apparel,15591.87,353,False,
2025-08-12,North,Home & Kitchen,20222.38,339,False,
2025-08-12,West,Home & Kitchen,11514.28,238,False,
2025-08-12,East,Apparel,12897.63,271,False,
2025-08-12,South,Electronics,14055.63,245,False,
2025-08-12,South,Apparel,9591.54,188,False,
2025-08-12,West,Electronics,13306.22,371,False,
2025-08-12,South,Sports,8262.46,170,False,
2025-08-12,South,Groceries,10240.27,195,False,
2025-08-12,East,Sports,7297.88,150,False,
2025-08-12,North,Apparel,17640.41,362,False,
2025-08-12,South,Home & Kitchen,11121.29,192,False,
2025-08-13,West,Home & Kitchen,12668.71,286,False,
2025-08-13,North,Electronics,13293.57,288,False,
2025-08-13,East,Sports,8079.84,158,False,
2025-08-13,West,Sports,11009.34,257,False,
2025-08-13,West,Apparel,17443.11,296,False,
2025-08-13,North,Groceries,14020.77,250,False,
2025-08-13,South,Apparel,9909.55,165,False,
2025-08-13,South,Home & Kitchen,10623.9,279,False,
2025-08-13,North,Apparel,20201.27,463,False,
2025-08-13,East,Apparel,11276.28,205,False,
2025-08-13,East,Groceries,13465.25,269,False,
2025-08-13,South,Sports,8414.42,181,False,
2025-08-13,West,Groceries,18197.3,361,False,
2025-08-13,North,Home & Kitchen,19598.87,349,False,
2025-08-13,East,Home & Kitchen,9756.01,229,False,
2025-08-13,West,Electronics,12092.61,323,False,
2025-08-13,East,Electronics,10356.26,226,False,
2025-08-13,North,Sports,17476.38,388,False,
2025-08-13,South,Groceries,9552.33,216,False,
2025-08-13,South,Electronics,12083.25,323,False,
2025-08-14,South,Electronics,11635.9,197,False,
2025-08-14,West,Home & Kitchen,13897.12,328,False,
2025-08-14,North,Apparel,21947.69,421,False,
2025-08-14,East,Home & Kitchen,10000.2,188,False,
2025-08-14,South,Groceries,10307.13,231,False,
2025-08-14,North,Groceries,16669.74,320,False,
2025-08-14,West,Apparel,16799.83,354,False,
2025-08-14,South,Apparel,10343.5,269,False,
2025-08-14,West,Sports,11909.77,289,False,
2025-08-14,West,Groceries,18400.81,323,False,
2025-08-14,East,Sports,9040.08,149,False,
2025-08-14,North,Sports,16312.12,338,False,
2025-08-14,East,Electronics,11598.45,295,False,
2025-08-14,North,Electronics,12378.92,279,False,
2025-08-14,East,Apparel,12224.22,211,False,
2025-08-14,North,Home & Kitchen,21038.96,366,False,
2025-08-14,East,Groceries,12591.6,237,False,
2025-08-14,South,Sports,7808.41,203,False,
2025-08-14,West,Electronics,12856.64,237,False,
2025-08-14,South,Home & Kitchen,9916.13,210,False,
2025-08-15,East,Home & Kitchen,11720.02,301,False,
2025-08-15,West,Apparel,16960.9,333,False,
2025-08-15,East,Apparel,12699.69,290,False,
2025-08-15,South,Sports,8714.1,182,False,
2025-08-15,West,Sports,14141.95,240,False,
2025-08-15,East,Groceries,12851.67,297,False,
2025-08-15,West,Home & Kitchen,13506.6,279,False,
2025-08-15,East,Electronics,12377.87,240,False,
2025-08-15,South,Groceries,10330.07,222,False,
2025-08-15,West,Electronics,13290.87,301,False,
2025-08-15,North,Home & Kitchen,18981.92,404,False,
2025-08-15,South,Electronics,12498.4,241,False,
2025-08-15,South,Home & Kitchen,11194.27,224,False,
2025-08-15,West,Groceries,16848.54,335,False,
2025-08-15,South,Apparel,11218.39,251,False,
2025-08-15,North,Electronics,13742.2,270,False,
2025-08-15,East,Sports,7695.24,188,False,
2025-08-15,North,Groceries,16801.18,291,False,
2025-08-15,North,Apparel,16837.65,294,False,
2025-08-15,North,Sports,15957.58,261,False,
2025-08-16,North,Electronics,16860.83,318,False,
2025-08-16,East,Electronics,12961.55,225,False,
2025-08-16,South,Apparel,12159.74,189,False,
2025-08-16,East,Apparel,15484.97,275,False,
2025-08-16,West,Home & Kitchen,11648.57,214,False,
2025-08-16,West,Groceries,18718.46,472,False,
2025-08-16,South,Electronics,15865.52,339,False,
2025-08-16,North,Home & Kitchen,24665.32,654,False,
2025-08-16,East,Sports,9100.03,197,False,
2025-08-16,North,Sports,17942.63,228,False,
2025-08-16,West,Electronics,13061.78,208,False,
2025-08-16,North,Apparel,19576.4,394,False,
2025-08-16,West,Sports,15154.95,333,False,
2025-08-16,South,Groceries,12299.7,239,False,
2025-08-16,North,Groceries,19726.89,362,False,
2025-08-16,South,Sports,8938.45,174,False,
2025-08-16,West,Apparel,19758.95,381,False,
2025-08-16,East,Groceries,13819.55,340,False,
2025-08-16,East,Home & Kitchen,11763.41,209,False,
2025-08-16,South,Home & Kitchen,11998.79,294,False,
2025-08-17,East,Electronics,13454.47,248,False,
2025-08-17,South,Home & Kitchen,11551.67,280,False,
2025-08-17,East,Sports,8487.52,172,False,
2025-08-17,South,Electronics,13671.53,404,False,
2025-08-17,South,Sports,8785.36,172,False,
2025-08-17,South,Apparel,13342.53,222,False,
2025-08-17,North,Apparel,19312.83,394,False,
2025-08-17,West,Groceries,18985.71,321,False,
2025-08-17,South,Groceries,11995.62,231,False,
2025-08-17,East,Home & Kitchen,9720.88,165,False,
2025-08-17,West,Apparel,21776.29,446,False,
2025-08-17,North,Groceries,16463.74,399,False,
2025-08-17,North,Electronics,17613.21,505,False,
2025-08-17,West,Sports,15585.08,208,False,
2025-08-17,West,Electronics,16644.12,284,False,
2025-08-17,East,Groceries,15378.42,286,False,
2025-08-17,North,Sports,19396.97,461,False,
2025-08-17,East,Apparel,15339.86,332,False,
2025-08-17,North,Home & Kitchen,25396.06,572,False,
2025-08-17,West,Home & Kitchen,13755.82,298,False,
2025-08-18,East,Sports,7513.32,166,False,
2025-08-18,East,Home & Kitchen,10383.28,172,False,
2025-08-18,West,Home & Kitchen,12532.15,234,False,
2025-08-18,South,Home & Kitchen,10361.14,266,False,
2025-08-18,West,Sports,13434.69,243,False,
2025-08-18,South,Sports,8183.17,149,False,
2025-08-18,North,Sports,14468.4,316,False,
2025-08-18,South,Electronics,13363.77,250,False,
2025-08-18,West,Electronics,14162.36,277,False,
2025-08-18,West,Groceries,16420.73,344,False,
2025-08-18,East,Groceries,13956.53,267,False,
2025-08-18,North,Groceries,15290.14,217,False,
2025-08-18,North,Electronics,14845.73,261,False,
2025-08-18,South,Groceries,12293.34,284,False,
2025-08-18,North,Home & Kitchen,22423.92,565,False,
2025-08-18,South,Apparel,10555.58,230,False,
2025-08-18,East,Electronics,11565.1,205,False,
2025-08-18,East,Apparel,14020.87,297,False,
2025-08-18,North,Apparel,22797.49,493,False,
2025-08-18,West,Apparel,16624.17,314,False,
2025-08-19,North,Home & Kitchen,19382.53,401,False,
2025-08-19,South,Groceries,9429.7,225,False,
2025-08-19,East,Home & Kitchen,11088.07,208,False,
2025-08-19,North,Groceries,15291.6,332,False,
2025-08-19,West,Sports,10650.57,179,False,
2025-08-19,West,Electronics,14832.5,246,False,
2025-08-19,West,Apparel,17889.02,378,False,
2025-08-19,West,Home & Kitchen,12484.08,258,False,
2025-08-19,East,Apparel,14132.19,215,False,
2025-08-19,North,Sports,18755.66,515,False,
2025-08-19,East,Electronics,13981.54,257,False,
2025-08-19,South,Apparel,10676.79,239,False,
2025-08-19,North,Apparel,17950.34,283,False,
2025-08-19,South,Sports,7373.62,124,False,
2025-08-19,East,Groceries,11175.59,243,False,
2025-08-19,North,Electronics,15308.88,347,False,
2025-08-19,South,Home & Kitchen,10292.9,232,False,
2025-08-19,East,Sports,8511.12,177,False,
2025-08-19,West,Groceries,17493.25,290,False,
2025-08-19,South,Electronics,12094.8,239,False,
2025-08-20,East,Sports,8264.14,142,False,
2025-08-20,South,Home & Kitchen,9607.06,139,False,
2025-08-20,South,Groceries,9353.46,191,False,
2025-08-20,North,Home & Kitchen,20942.75,528,False,
2025-08-20,East,Electronics,12141.63,295,False,
2025-08-20,North,Apparel,21174.9,416,False,
2025-08-20,South,Electronics,12870.86,243,False,
2025-08-20,West,Home & Kitchen,13395.91,333,False,
2025-08-20,South,Sports,8716.71,176,False,
2025-08-20,West,Electronics,13600.93,268,False,
2025-08-20,North,Sports,15048.84,282,False,
2025-08-20,East,Groceries,14177.61,286,False,
2025-08-20,South,Apparel,9286.0,156,False,
2025-08-20,West,Sports,14759.38,242,False,
2025-08-20,West,Apparel,18352.23,382,False,
2025-08-20,East,Apparel,13143.27,255,False,
2025-08-20,North,Electronics,13777.31,232,False,
2025-08-20,East,Home & Kitchen,10773.79,222,False,
2025-08-20,West,Groceries,14338.97,259,False,
2025-08-20,North,Groceries,18297.88,388,False,
2025-08-21,West,Home & Kitchen,13104.62,217,False,
2025-08-21,North,Apparel,16632.5,291,False,
2025-08-21,West,Apparel,15684.4,394,False,
2025-08-21,South,Home & Kitchen,11364.81,224,False,
2025-08-21,East,Electronics,11616.88,256,False,
2025-08-21,South,Apparel,10465.68,240,False,
2025-08-21,North,Electronics,13882.87,342,False,
2025-08-21,South,Electronics,12181.39,273,False,
2025-08-21,East,Home & Kitchen,11745.08,271,False,
2025-08-21,East,Groceries,12072.19,232,False,
2025-08-21,East,Sports,7681.93,166,False,
2025-08-21,West,Electronics,14166.74,354,False,
2025-08-21,North,Groceries,15406.62,261,False,
2025-08-21,South,Groceries,9451.41,164,False,
2025-08-21,East,Apparel,13123.78,256,False,
2025-08-21,North,Home & Kitchen,18210.44,368,False,
2025-08-21,North,Sports,14810.21,252,False,
2025-08-21,West,Sports,10881.08,208,False,
2025-08-21,West,Groceries,16253.03,344,False,
2025-08-21,South,Sports,8271.78,153,False,
2025-08-22,East,Electronics,10092.57,234,False,
2025-08-22,West,Sports,12800.42,229,False,
2025-08-22,South,Apparel,10487.26,221,False,
2025-08-22,West,Groceries,19596.0,362,False,
2025-08-22,North,Groceries,16592.11,298,False,
2025-08-22,South,Groceries,10674.22,148,False,
2025-08-22,West,Apparel,16812.37,330,False,
2025-08-22,North,Sports,15947.1,246,False,
2025-08-22,East,Groceries,11404.04,268,False,
2025-08-22,North,Apparel,20831.85,507,False,
2025-08-22,East,Sports,7992.06,146,False,
2025-08-22,West,Electronics,13513.61,264,False,
2025-08-22,North,Home & Kitchen,22394.06,410,False,
2025-08-22,South,Sports,7885.83,184,False,
2025-08-22,South,Electronics,13280.9,251,False,
2025-08-22,East,Home & Kitchen,10546.78,252,False,
2025-08-22,West,Home & Kitchen,12828.38,250,False,
2025-08-22,South,Home & Kitchen,9705.35,221,False,
2025-08-22,East,Apparel,15826.19,345,False,
2025-08-22,North,Electronics,16115.93,290,False,
2025-08-23,East,Home & Kitchen,12048.69,341,False,
2025-08-23,South,Sports,8970.43,215,False,
2025-08-23,North,Apparel,17275.57,315,False,
2025-08-23,East,Apparel,15241.72,292,False,
2025-08-23,West,Groceries,17787.46,452,False,
2025-08-23,North,Electronics,16973.6,382,False,
2025-08-23,North,Home & Kitchen,19571.22,376,False,
2025-08-23,East,Groceries,17517.14,483,False,
2025-08-23,East,Electronics,14061.0,247,False,
2025-08-23,North,Groceries,19552.17,360,False,
2025-08-23,West,Home & Kitchen,15731.44,326,False,
2025-08-23,West,Sports,16265.83,249,False,
2025-08-23,South,Apparel,11366.01,246,False,
2025-08-23,South,Electronics,14239.39,189,False,
2025-08-23,South,Groceries,11456.9,244,False,
2025-08-23,North,Sports,16300.76,323,False,
2025-08-23,West,Apparel,19733.68,409,False,
2025-08-23,East,Sports,9498.63,141,False,
2025-08-23,West,Electronics,17044.13,356,False,
2025-08-23,South,Home & Kitchen,11652.19,281,False,
2025-08-24,South,Groceries,10247.36,180,False,
2025-08-24,North,Electronics,13581.45,297,False,
2025-08-24,East,Apparel,18671.86,480,False,
2025-08-24,West,Home & Kitchen,15491.95,376,False,
2025-08-24,West,Apparel,19645.83,345,False,
2025-08-24,West,Electronics,15741.1,389,False,
2025-08-24,East,Home & Kitchen,12958.51,180,False,
2025-08-24,South,Sports,7862.29,158,False,
2025-08-24,West,Groceries,17770.49,430,False,
2025-08-24,South,Home & Kitchen,12940.56,297,False,
2025-08-24,East,Electronics,14871.08,266,False,
2025-08-24,West,Sports,13320.1,265,False,
2025-08-24,North,Home & Kitchen,19486.1,375,False,
2025-08-24,East,Sports,7235.84,155,False,
2025-08-24,East,Groceries,16252.93,292,False,
2025-08-24,South,Apparel,12659.42,266,False,
2025-08-24,North,Groceries,17061.99,327,False,
2025-08-24,South,Electronics,14113.91,302,False,
2025-08-24,North,Apparel,23551.45,334,False,
2025-08-24,North,Sports,18003.23,377,False,
2025-08-25,South,Apparel,10272.04,166,False,
2025-08-25,South,Groceries,9681.77,196,False,
2025-08-25,North,Sports,17671.24,450,False,
2025-08-25,North,Apparel,19127.77,359,False,
2025-08-25,West,Groceries,15919.04,296,False,
2025-08-25,North,Electronics,11736.62,258,False,
2025-08-25,South,Sports,7605.42,179,False,
2025-08-25,West,Electronics,13895.15,183,False,
2025-08-25,North,Home & Kitchen,17868.39,291,False,
2025-08-25,South,Electronics,12767.41,212,False,
2025-08-25,West,Apparel,17946.97,386,False,
2025-08-25,North,Groceries,14178.66,246,False,
2025-08-25,East,Electronics,12612.65,294,False,
2025-08-25,East,Apparel,12948.68,253,False,
2025-08-25,West,Sports,11726.91,271,False,
2025-08-25,East,Groceries,11785.83,254,False,
2025-08-25,West,Home & Kitchen,13874.88,266,False,
2025-08-25,East,Home & Kitchen,10610.33,260,False,
2025-08-25,South,Home & Kitchen,11300.57,230,False,
2025-08-25,East,Sports,7365.03,162,False,
2025-08-26,North,Home & Kitchen,20625.69,464,False,
2025-08-26,South,Sports,8485.02,177,False,
2025-08-26,East,Apparel,12830.35,240,False,
2025-08-26,East,Groceries,12750.86,350,False,
2025-08-26,East,Electronics,12138.39,239,False,
2025-08-26,North,Electronics,14186.89,299,False,
2025-08-26,West,Home & Kitchen,13636.84,271,False,
2025-08-26,West,Sports,11857.95,239,False,
2025-08-26,East,Home & Kitchen,10754.61,253,False,
2025-08-26,East,Sports,7586.64,216,False,
2025-08-26,North,Groceries,14136.29,340,False,
2025-08-26,West,Groceries,15254.99,246,False,
2025-08-26,South,Groceries,9348.83,173,False,
2025-08-26,West,Electronics,14487.1,336,False,
2025-08-26,West,Apparel,15210.11,323,False,
2025-08-26,South,Electronics,13367.73,226,False,
2025-08-26,South,Apparel,9990.29,209,False,
2025-08-26,North,Sports,16106.17,401,False,
2025-08-26,North,Apparel,18674.44,372,False,
2025-08-26,South,Home & Kitchen,9237.32,154,False,
2025-08-27,North,Sports,16740.98,317,False,
2025-08-27,South,Groceries,10745.95,214,False,
2025-08-27,South,Electronics,11752.98,223,False,
2025-08-27,North,Home & Kitchen,21205.29,358,False,
2025-08-27,North,Apparel,15925.18,379,False,
2025-08-27,West,Sports,12962.45,272,False,
2025-08-27,East,Electronics,10628.05,227,False,
2025-08-27,West,Groceries,17899.39,343,False,
2025-08-27,South,Home & Kitchen,11324.89,219,False,
2025-08-27,West,Home & Kitchen,13348.82,255,False,
2025-08-27,North,Groceries,15708.93,271,False,
2025-08-27,East,Home & Kitchen,10039.42,258,False,
2025-08-27,East,Sports,7834.53,146,False,
2025-08-27,East,Groceries,12471.54,256,False,
2025-08-27,West,Apparel,15912.94,356,False,
2025-08-27,South,Sports,8838.54,168,False,
2025-08-27,West,Electronics,13882.86,353,False,
2025-08-27,North,Electronics,13236.23,306,False,
2025-08-27,South,Apparel,11977.19,246,False,
2025-08-27,East,Apparel,12228.04,289,False,
2025-08-28,East,Groceries,12469.95,224,False,
2025-08-28,South,Electronics,11794.36,191,False,
2025-08-28,West,Sports,12562.74,219,False,
2025-08-28,North,Apparel,18482.82,300,False,
2025-08-28,West,Apparel,16005.74,378,False,
2025-08-28,West,Electronics,14171.62,233,False,
2025-08-28,South,Groceries,9907.9,183,False,
2025-08-28,East,Apparel,13061.63,321,False,
2025-08-28,South,Apparel,10328.26,222,False,
2025-08-28,South,Home & Kitchen,10184.71,153,False,
2025-08-28,North,Sports,17169.86,346,False,
2025-08-28,South,Sports,8345.49,175,False,
2025-08-28,East,Electronics,12570.64,316,False,
2025-08-28,North,Electronics,13305.98,318,False,
2025-08-28,North,Groceries,15792.45,321,False,
2025-08-28,West,Groceries,14882.25,265,False,
2025-08-28,East,Sports,7752.71,204,False,
2025-08-28,North,Home & Kitchen,20496.91,374,False,
2025-08-28,East,Home & Kitchen,10709.82,199,False,
2025-08-28,West,Home & Kitchen,12720.08,272,False,
2025-08-29,West,Home & Kitchen,14086.95,326,False,
2025-08-29,East,Groceries,12733.43,298,False,
2025-08-29,North,Apparel,18654.0,388,False,
2025-08-29,North,Sports,15792.91,378,False,
2025-08-29,East,Sports,7815.44,143,False,
2025-08-29,West,Apparel,14973.57,329,False,
2025-08-29,North,Groceries,16353.56,388,False,
2025-08-29,South,Groceries,9226.71,170,False,
2025-08-29,West,Electronics,10651.69,258,False,
2025-08-29,South,Home & Kitchen,12814.68,353,False,
2025-08-29,East,Home & Kitchen,11108.66,220,False,
2025-08-29,North,Electronics,14183.93,293,False,
2025-08-29,West,Sports,14775.39,274,False,
2025-08-29,North,Home & Kitchen,19384.61,353,False,
2025-08-29,West,Groceries,16364.46,375,False,
2025-08-29,South,Apparel,10934.0,194,False,
2025-08-29,East,Electronics,11651.72,194,False,
2025-08-29,South,Electronics,12235.2,259,False,
2025-08-29,South,Sports,7023.39,125,False,
2025-08-29,East,Apparel,14868.6,322,False,
2025-08-30,East,Groceries,15494.07,316,False,
2025-08-30,East,Apparel,15253.2,319,False,
2025-08-30,East,Sports,9358.34,190,False,
2025-08-30,West,Apparel,17734.14,348,False,
2025-08-30,North,Electronics,17546.45,306,False,
2025-08-30,West,Electronics,16589.38,350,False,
2025-08-30,West,Home & Kitchen,15185.58,268,False,
2025-08-30,South,Sports,9461.41,232,False,
2025-08-30,West,Groceries,16542.01,319,False,
2025-08-30,South,Apparel,12625.45,219,False,
2025-08-30,East,Home & Kitchen,11979.93,246,False,
2025-08-30,South,Electronics,12409.74,257,False,
2025-08-30,North,Home & Kitchen,23812.01,552,False,
2025-08-30,North,Groceries,17395.08,283,False,
2025-08-30,North,Apparel,20825.28,304,False,
2025-08-30,West,Sports,14030.23,291,False,
2025-08-30,North,Sports,20274.88,429,False,
2025-08-30,South,Home & Kitchen,13774.03,340,False,
2025-08-30,East,Electronics,12756.3,231,False,
2025-08-30,South,Groceries,11702.18,231,False,
2025-08-31,North,Home & Kitchen,21825.22,570,False,
2025-08-31,East,Electronics,12267.34,252,False,
2025-08-31,South,Home & Kitchen,12408.52,308,False,
2025-08-31,West,Apparel,18239.89,404,False,
2025-08-31,North,Groceries,16621.36,300,False,
2025-08-31,South,Sports,9358.14,173,False,
2025-08-31,South,Electronics,15450.29,336,False,
2025-08-31,South,Apparel,13059.97,201,False,
2025-08-31,East,Groceries,14391.46,321,False,
2025-08-31,South,Groceries,10896.45,186,False,
2025-08-31,East,Sports,10004.21,172,False,
2025-08-31,West,Sports,15057.6,274,False,
2025-08-31,North,Electronics,16341.74,276,False,
2025-08-31,North,Sports,18651.75,418,False,
2025-08-31,West,Home & Kitchen,14341.77,384,False,
2025-08-31,East,Home & Kitchen,11229.5,177,False,
2025-08-31,West,Groceries,20108.19,345,False,
2025-08-31,North,Apparel,22363.38,449,False,
2025-08-31,West,Electronics,14470.38,345,False,
2025-08-31,East,Apparel,15537.59,242,False,
2025-09-01,West,Groceries,15777.06,291,False,
2025-09-01,East,Groceries,12605.38,234,False,
2025-09-01,North,Apparel,20181.02,270,False,
2025-09-01,East,Apparel,12109.22,241,False,
2025-09-01,West,Electronics,12152.84,193,False,
2025-09-01,East,Sports,6314.44,138,False,
2025-09-01,West,Home & Kitchen,11981.21,269,False,
2025-09-01,South,Apparel,10191.9,185,False,
2025-09-01,North,Sports,17088.88,279,False,
2025-09-01,North,Groceries,16000.9,266,False,
2025-09-01,South,Home & Kitchen,11861.38,207,False,
2025-09-01,South,Electronics,12528.95,287,False,
2025-09-01,North,Electronics,15254.14,246,False,
2025-09-01,West,Sports,14950.34,277,False,
2025-09-01,West,Apparel,16791.21,417,False,
2025-09-01,East,Electronics,10473.96,258,False,
2025-09-01,North,Home & Kitchen,20175.97,428,False,
2025-09-01,South,Groceries,9394.52,178,False,
2025-09-01,East,Home & Kitchen,10808.59,311,False,
2025-09-01,South,Sports,7357.33,162,False,
2025-09-02,East,Electronics,10771.59,194,False,
2025-09-02,South,Electronics,13007.98,183,False,
2025-09-02,East,Groceries,12804.11,241,False,
2025-09-02,South,Sports,7694.83,166,False,
2025-09-02,South,Groceries,9468.53,217,False,
2025-09-02,West,Home & Kitchen,12957.69,252,False,
2025-09-02,West,Sports,12883.17,325,False,
2025-09-02,East,Sports,8446.07,245,False,
2025-09-02,South,Home & Kitchen,10373.78,206,False,
2025-09-02,North,Sports,18865.32,356,False,
2025-09-02,West,Electronics,12982.63,318,False,
2025-09-02,West,Apparel,15714.42,414,False,
2025-09-02,East,Home & Kitchen,10497.28,190,False,
2025-09-02,North,Groceries,15815.04,262,False,
2025-09-02,North,Home & Kitchen,19160.18,410,False,
2025-09-02,North,Apparel,19160.39,432,False,
2025-09-02,East,Apparel,12680.36,184,False,
2025-09-02,West,Groceries,16248.24,316,False,
2025-09-02,North,Electronics,14356.49,238,False,
2025-09-02,South,Apparel,10685.46,256,False,
2025-09-03,West,Groceries,15766.81,244,False,
2025-09-03,South,Sports,7406.63,129,False,
2025-09-03,South,Apparel,9993.73,201,False,
2025-09-03,South,Home & Kitchen,9492.73,164,False,
2025-09-03,North,Sports,17268.62,370,False,
2025-09-03,North,Electronics,12741.72,272,False,
2025-09-03,West,Home & Kitchen,13106.98,241,False,
2025-09-03,East,Sports,7642.25,149,False,
2025-09-03,South,Electronics,12402.05,245,False,
2025-09-03,East,Home & Kitchen,9706.22,205,False,
2025-09-03,West,Electronics,13194.43,202,False,
2025-09-03,West,Sports,12936.22,267,False,
2025-09-03,North,Apparel,18065.24,329,False,
2025-09-03,North,Home & Kitchen,19206.93,363,False,
2025-09-03,West,Apparel,16270.44,327,False,
2025-09-03,East,Electronics,12716.8,282,False,
2025-09-03,North,Groceries,14617.4,328,False,
2025-09-03,East,Apparel,13103.78,272,False,
2025-09-03,South,Groceries,10378.03,196,False,
2025-09-03,East,Groceries,13561.16,298,False,
2025-09-04,East,Electronics,11762.49,258,False,
2025-09-04,South,Electronics,10631.35,214,False,
2025-09-04,West,Sports,12997.66,261,False,
2025-09-04,East,Apparel,13416.78,256,False,
2025-09-04,North,Electronics,14809.19,223,False,
2025-09-04,South,Home & Kitchen,9651.24,167,False,
2025-09-04,South,Sports,9166.52,177,False,
2025-09-04,East,Home & Kitchen,9680.23,190,False,
2025-09-04,North,Home & Kitchen,21914.32,384,False,
2025-09-04,South,Apparel,10670.91,210,False,
2025-09-04,West,Electronics,13205.92,255,False,
2025-09-04,West,Home & Kitchen,12053.34,332,False,
2025-09-04,East,Groceries,12167.94,215,False,
2025-09-04,North,Sports,15828.26,368,False,
2025-09-04,East,Sports,7179.93,155,False,
2025-09-04,South,Groceries,9274.43,191,False,
2025-09-04,North,Groceries,16732.12,282,False,
2025-09-04,West,Groceries,15511.72,432,False,
2025-09-04,West,Apparel,16602.93,398,False,
2025-09-04,North,Apparel,19494.48,291,False,
2025-09-05,West,Sports,13459.28,265,False,
2025-09-05,North,Apparel,19932.39,481,False,
2025-09-05,East,Apparel,15273.89,259,False,
2025-09-05,North,Groceries,13934.03,342,False,
2025-09-05,South,Groceries,10645.98,174,False,
2025-09-05,West,Home & Kitchen,14687.55,284,False,
2025-09-05,North,Electronics,13191.13,244,False,
2025-09-05,North,Home & Kitchen,20962.71,459,False,
2025-09-05,South,Sports,8980.62,161,False,
2025-09-05,West,Groceries,16741.04,303,False,
2025-09-05,East,Groceries,13639.9,294,False,
2025-09-05,East,Electronics,10470.36,275,False,
2025-09-05,West,Apparel,15275.15,320,False,
2025-09-05,South,Home & Kitchen,11630.89,196,False,
2025-09-05,West,Electronics,15278.26,289,False,
2025-09-05,South,Electronics,14189.18,272,False,
2025-09-05,East,Sports,8277.2,180,False,
2025-09-05,North,Sports,16885.44,325,False,
2025-09-05,South,Apparel,10257.4,260,False,
2025-09-05,East,Home & Kitchen,9482.82,189,False,
2025-09-06,East,Sports,7497.82,157,False,
2025-09-06,South,Sports,8973.42,211,False,
2025-09-06,West,Home & Kitchen,15192.88,381,False,
2025-09-06,East,Home & Kitchen,12359.94,227,False,
2025-09-06,East,Groceries,15108.51,235,False,
2025-09-06,West,Groceries,17822.14,311,False,
2025-09-06,West,Apparel,15134.91,395,False,
2025-09-06,South,Groceries,10974.27,196,False,
2025-09-06,North,Apparel,20083.54,473,False,
2025-09-06,South,Apparel,11684.78,231,False,
2025-09-06,West,Electronics,14633.75,318,False,
2025-09-06,North,Sports,18233.07,318,False,
2025-09-06,North,Groceries,18208.03,396,False,
2025-09-06,East,Apparel,18775.64,377,False,
2025-09-06,North,Electronics,17401.96,418,False,
2025-09-06,South,Electronics,14399.0,259,False,
2025-09-06,East,Electronics,12342.94,264,False,
2025-09-06,West,Sports,15034.67,310,False,
2025-09-06,North,Home & Kitchen,23111.03,457,False,
2025-09-06,South,Home & Kitchen,10145.55,266,False,
2025-09-07,South,Electronics,14408.57,239,False,
2025-09-07,West,Groceries,18574.64,348,False,
2025-09-07,South,Groceries,11485.3,306,False,
2025-09-07,West,Home & Kitchen,15948.19,322,False,
2025-09-07,North,Electronics,16889.16,417,False,
2025-09-07,South,Sports,8315.46,173,False,
2025-09-07,South,Home & Kitchen,14638.53,278,False,
2025-09-07,North,Groceries,17388.43,396,False,
2025-09-07,East,Groceries,14153.36,248,False,
2025-09-07,North,Apparel,24309.67,397,False,
2025-09-07,South,Apparel,12820.24,299,False,
2025-09-07,West,Sports,14137.48,272,False,
2025-09-07,East,Electronics,12227.81,217,False,
2025-09-07,East,Sports,8284.82,160,False,
2025-09-07,North,Home & Kitchen,26721.64,606,False,
2025-09-07,West,Electronics,18251.75,382,False,
2025-09-07,East,Apparel,14676.52,378,False,
2025-09-07,North,Sports,23000.47,414,False,
2025-09-07,West,Apparel,19060.41,433,False,
2025-09-07,East,Home & Kitchen,13353.5,329,False,
2025-09-08,West,Groceries,15888.28,295,False,
2025-09-08,West,Home & Kitchen,10846.73,211,False,
2025-09-08,West,Apparel,15000.04,253,False,
2025-09-08,West,Electronics,12352.12,217,False,
2025-09-08,North,Groceries,14469.47,325,False,
2025-09-08,North,Home & Kitchen,18476.52,415,False,
2025-09-08,East,Sports,9019.05,201,False,
2025-09-08,North,Electronics,12629.45,265,False,
2025-09-08,North,Apparel,19928.21,390,False,
2025-09-08,East,Groceries,7015.0,320,True,sustained_dip
2025-09-08,South,Sports,7931.85,170,False,
2025-09-08,South,Groceries,11298.69,225,False,
2025-09-08,South,Home & Kitchen,10655.14,205,False,
2025-09-08,West,Sports,12511.95,277,False,
2025-09-08,East,Electronics,11388.36,222,False,
2025-09-08,South,Apparel,11111.24,182,False,
2025-09-08,East,Home & Kitchen,12878.68,193,False,
2025-09-08,East,Apparel,13232.35,246,False,
2025-09-08,North,Sports,15368.36,340,False,
2025-09-08,South,Electronics,12117.67,190,False,
2025-09-09,East,Apparel,14778.53,333,False,
2025-09-09,East,Groceries,7527.07,278,True,sustained_dip
2025-09-09,West,Electronics,15755.93,381,False,
2025-09-09,North,Electronics,15896.12,249,False,
2025-09-09,South,Sports,8546.34,126,False,
2025-09-09,West,Home & Kitchen,14568.43,347,False,
2025-09-09,North,Groceries,15835.06,342,False,
2025-09-09,South,Electronics,12734.09,258,False,
2025-09-09,South,Home & Kitchen,11128.65,199,False,
2025-09-09,North,Sports,16874.04,489,False,
2025-09-09,South,Apparel,11026.3,189,False,
2025-09-09,North,Home & Kitchen,20488.58,367,False,
2025-09-09,West,Sports,14110.95,287,False,
2025-09-09,East,Electronics,12819.3,216,False,
2025-09-09,East,Home & Kitchen,10317.9,183,False,
2025-09-09,West,Groceries,17010.63,438,False,
2025-09-09,East,Sports,7217.31,159,False,
2025-09-09,North,Apparel,19437.15,382,False,
2025-09-09,West,Apparel,15721.47,370,False,
2025-09-09,South,Groceries,10721.56,307,False,
2025-09-10,North,Apparel,19152.84,456,False,
2025-09-10,North,Home & Kitchen,19047.72,445,False,
2025-09-10,West,Electronics,12873.22,219,False,
2025-09-10,West,Sports,13469.94,314,False,
2025-09-10,East,Home & Kitchen,10910.35,192,False,
2025-09-10,North,Groceries,15736.49,359,False,
2025-09-10,South,Electronics,12280.5,252,False,
2025-09-10,East,Groceries,6707.73,254,True,sustained_dip
2025-09-10,North,Sports,15925.1,346,False,
2025-09-10,South,Apparel,12480.1,217,False,
2025-09-10,East,Apparel,11516.54,272,False,
2025-09-10,South,Groceries,10568.24,249,False,
2025-09-10,West,Apparel,15168.77,293,False,
2025-09-10,South,Sports,7463.29,143,False,
2025-09-10,South,Home & Kitchen,10466.34,196,False,
2025-09-10,West,Home & Kitchen,11577.43,235,False,
2025-09-10,East,Sports,7777.36,160,False,
2025-09-10,West,Groceries,15925.83,325,False,
2025-09-10,North,Electronics,14638.82,302,False,
2025-09-10,East,Electronics,10006.28,180,False,
2025-09-11,North,Electronics,15130.92,248,False,
2025-09-11,West,Sports,13425.62,324,False,
2025-09-11,North,Home & Kitchen,20592.99,403,False,
2025-09-11,South,Home & Kitchen,11326.6,283,False,
2025-09-11,East,Groceries,7265.2,268,True,sustained_dip
2025-09-11,East,Home & Kitchen,9885.13,188,False,
2025-09-11,East,Sports,7602.33,155,False,
2025-09-11,North,Sports,19454.0,392,False,
2025-09-11,West,Electronics,13668.73,268,False,
2025-09-11,South,Sports,8434.96,178,False,
2025-09-11,West,Home & Kitchen,13679.09,264,False,
2025-09-11,South,Apparel,11626.54,272,False,
2025-09-11,West,Apparel,14912.89,238,False,
2025-09-11,East,Electronics,12138.08,186,False,
2025-09-11,South,Electronics,11188.73,236,False,
2025-09-11,West,Groceries,16100.01,347,False,
2025-09-11,East,Apparel,14303.42,423,False,
2025-09-11,North,Groceries,16733.86,302,False,
2025-09-11,North,Apparel,17474.36,375,False,
2025-09-11,South,Groceries,11667.99,241,False,
2025-09-12,East,Electronics,9043.97,175,False,
2025-09-12,East,Groceries,6799.41,261,True,sustained_dip
2025-09-12,West,Apparel,17146.75,347,False,
2025-09-12,South,Home & Kitchen,12147.7,307,False,
2025-09-12,South,Apparel,11714.32,246,False,
2025-09-12,North,Apparel,20165.1,307,False,
2025-09-12,East,Home & Kitchen,9936.33,198,False,
2025-09-12,West,Groceries,17949.94,447,False,
2025-09-12,South,Electronics,12301.6,207,False,
2025-09-12,West,Home & Kitchen,12265.03,207,False,
2025-09-12,South,Groceries,10094.41,190,False,
2025-09-12,North,Electronics,14551.06,223,False,
2025-09-12,North,Sports,17297.61,429,False,
2025-09-12,East,Apparel,15687.77,367,False,
2025-09-12,North,Home & Kitchen,18953.39,355,False,
2025-09-12,North,Groceries,15782.01,300,False,
2025-09-12,West,Electronics,12692.07,183,False,
2025-09-12,East,Sports,7856.94,151,False,
2025-09-12,West,Sports,13351.94,220,False,
2025-09-12,South,Sports,7875.3,187,False,
2025-09-13,South,Groceries,10232.72,222,False,
2025-09-13,North,Sports,19240.69,350,False,
2025-09-13,North,Groceries,15672.39,305,False,
2025-09-13,East,Sports,9580.5,231,False,
2025-09-13,North,Home & Kitchen,25151.05,351,False,
2025-09-13,West,Groceries,19753.26,376,False,
2025-09-13,East,Home & Kitchen,11706.29,217,False,
2025-09-13,East,Groceries,9063.34,363,True,sustained_dip
2025-09-13,East,Apparel,14878.24,216,False,
2025-09-13,South,Home & Kitchen,10779.4,213,False,
2025-09-13,East,Electronics,13542.58,265,False,
2025-09-13,North,Electronics,19467.91,363,False,
2025-09-13,South,Sports,8891.77,157,False,
2025-09-13,West,Apparel,19953.37,425,False,
2025-09-13,North,Apparel,18143.07,291,False,
2025-09-13,West,Home & Kitchen,17916.26,366,False,
2025-09-13,West,Sports,15554.4,312,False,
2025-09-13,South,Electronics,15386.17,313,False,
2025-09-13,South,Apparel,12786.79,265,False,
2025-09-13,West,Electronics,16396.24,304,False,
2025-09-14,South,Sports,8883.86,152,False,
2025-09-14,East,Home & Kitchen,10819.27,234,False,
2025-09-14,West,Apparel,16353.74,331,False,
2025-09-14,East,Electronics,13136.42,251,False,
2025-09-14,South,Apparel,11664.9,244,False,
2025-09-14,West,Home & Kitchen,14615.76,305,False,
2025-09-14,West,Electronics,15495.54,312,False,
2025-09-14,North,Groceries,16965.89,298,False,
2025-09-14,East,Apparel,13750.89,254,False,
2025-09-14,East,Sports,8878.05,161,False,
2025-09-14,South,Electronics,14572.82,270,False,
2025-09-14,West,Sports,16401.58,238,False,
2025-09-14,North,Home & Kitchen,19922.49,458,False,
2025-09-14,North,Electronics,15501.69,355,False,
2025-09-14,North,Sports,19554.74,360,False,
2025-09-14,South,Home & Kitchen,14526.52,304,False,
2025-09-14,South,Groceries,11954.56,226,False,
2025-09-14,West,Groceries,20560.3,349,False,
2025-09-14,North,Apparel,21020.02,424,False,
2025-09-14,East,Groceries,7465.11,269,True,sustained_dip
2025-09-15,West,Apparel,17218.21,299,False,
2025-09-15,North,Groceries,15806.05,251,False,
2025-09-15,North,Sports,18371.05,461,False,
2025-09-15,West,Home & Kitchen,12015.62,271,False,
2025-09-15,South,Sports,8625.62,148,False,
2025-09-15,West,Electronics,12819.68,337,False,
2025-09-15,West,Groceries,17021.54,297,False,
2025-09-15,South,Electronics,12686.6,250,False,
2025-09-15,West,Sports,12442.29,270,False,
2025-09-15,North,Home & Kitchen,18973.3,506,False,
2025-09-15,South,Apparel,9939.43,216,False,
2025-09-15,North,Electronics,15074.15,361,False,
2025-09-15,South,Home & Kitchen,12228.95,240,False,
2025-09-15,East,Electronics,11375.0,188,False,
2025-09-15,East,Groceries,11669.74,220,False,
2025-09-15,East,Apparel,11885.87,261,False,
2025-09-15,South,Groceries,10041.7,217,False,
2025-09-15,East,Sports,6870.25,93,False,
2025-09-15,East,Home & Kitchen,9637.39,201,False,
2025-09-15,North,Apparel,19216.6,450,False,
2025-09-16,West,Groceries,16476.85,352,False,
2025-09-16,North,Apparel,19594.07,373,False,
2025-09-16,South,Sports,7990.78,149,False,
2025-09-16,South,Apparel,9938.74,213,False,
2025-09-16,North,Home & Kitchen,20234.8,435,False,
2025-09-16,East,Sports,8691.66,206,False,
2025-09-16,West,Home & Kitchen,13287.42,252,False,
2025-09-16,West,Electronics,14363.87,207,False,
2025-09-16,North,Electronics,15428.02,383,False,
2025-09-16,East,Apparel,15477.73,234,False,
2025-09-16,West,Apparel,14539.27,348,False,
2025-09-16,East,Home & Kitchen,9838.51,150,False,
2025-09-16,North,Sports,18390.88,399,False,
2025-09-16,South,Home & Kitchen,11248.66,318,False,
2025-09-16,East,Electronics,12015.5,232,False,
2025-09-16,West,Sports,12390.29,292,False,
2025-09-16,North,Groceries,16300.47,304,False,
2025-09-16,East,Groceries,11902.44,250,False,
2025-09-16,South,Groceries,12380.87,202,False,
2025-09-16,South,Electronics,10910.19,213,False,
2025-09-17,West,Electronics,14451.66,312,False,
2025-09-17,North,Groceries,15777.95,288,False,
2025-09-17,West,Home & Kitchen,12211.17,275,False,
2025-09-17,West,Groceries,16439.99,314,False,
2025-09-17,East,Sports,6539.12,141,False,
2025-09-17,South,Sports,8540.84,181,False,
2025-09-17,East,Apparel,14991.83,228,False,
2025-09-17,North,Sports,18193.17,345,False,
2025-09-17,West,Sports,12213.8,304,False,
2025-09-17,West,Apparel,15787.72,330,False,
2025-09-17,South,Groceries,9769.01,232,False,
2025-09-17,East,Electronics,11943.1,184,False,
2025-09-17,South,Home & Kitchen,11356.45,263,False,
2025-09-17,East,Groceries,11436.79,223,False,
2025-09-17,South,Electronics,13583.43,249,False,
2025-09-17,North,Electronics,12493.34,292,False,
2025-09-17,East,Home & Kitchen,11255.99,293,False,
2025-09-17,North,Home & Kitchen,20572.18,397,False,
2025-09-17,South,Apparel,10466.43,210,False,
2025-09-17,North,Apparel,20462.57,408,False,
2025-09-18,North,Electronics,13086.92,283,False,
2025-09-18,West,Electronics,12898.54,312,False,
2025-09-18,East,Groceries,13094.67,255,False,
2025-09-18,West,Sports,14230.56,281,False,
2025-09-18,East,Apparel,13241.17,231,False,
2025-09-18,East,Sports,8394.72,116,False,
2025-09-18,South,Groceries,9932.05,161,False,
2025-09-18,South,Home & Kitchen,10318.59,172,False,
2025-09-18,East,Home & Kitchen,9571.38,159,False,
2025-09-18,North,Home & Kitchen,21388.81,320,False,
2025-09-18,South,Electronics,13777.88,260,False,
2025-09-18,North,Sports,16842.98,318,False,
2025-09-18,South,Sports,7867.29,126,False,
2025-09-18,West,Apparel,14122.04,338,False,
2025-09-18,South,Apparel,10820.89,222,False,
2025-09-18,East,Electronics,11090.83,272,False,
2025-09-18,West,Home & Kitchen,13199.31,285,False,
2025-09-18,West,Groceries,18873.5,413,False,
2025-09-18,North,Apparel,19885.71,464,False,
2025-09-18,North,Groceries,14719.76,295,False,
2025-09-19,West,Sports,10881.39,269,False,
2025-09-19,South,Electronics,13330.16,290,False,
2025-09-19,South,Home & Kitchen,11398.11,209,False,
2025-09-19,South,Apparel,10584.6,250,False,
2025-09-19,South,Sports,7818.11,157,False,
2025-09-19,North,Electronics,16172.81,317,False,
2025-09-19,East,Apparel,13725.98,246,False,
2025-09-19,West,Home & Kitchen,11850.37,263,False,
2025-09-19,West,Electronics,14560.9,238,False,
2025-09-19,East,Groceries,13920.85,222,False,
2025-09-19,East,Electronics,10513.08,242,False,
2025-09-19,North,Home & Kitchen,21445.72,464,False,
2025-09-19,South,Groceries,9493.22,174,False,
2025-09-19,North,Sports,19356.58,390,False,
2025-09-19,East,Home & Kitchen,10196.23,177,False,
2025-09-19,North,Groceries,15402.89,263,False,
2025-09-19,North,Apparel,20452.5,359,False,
2025-09-19,West,Groceries,16843.91,312,False,
2025-09-19,East,Sports,7104.79,165,False,
2025-09-19,West,Apparel,14342.47,353,False,
2025-09-20,North,Home & Kitchen,18585.39,337,False,
2025-09-20,South,Apparel,12613.39,198,False,
2025-09-20,East,Groceries,14273.5,257,False,
2025-09-20,East,Home & Kitchen,13950.51,313,False,
2025-09-20,West,Home & Kitchen,14905.64,334,False,
2025-09-20,North,Electronics,16798.92,348,False,
2025-09-20,North,Apparel,21386.03,354,False,
2025-09-20,South,Groceries,12519.31,255,False,
2025-09-20,East,Apparel,14929.77,284,False,
2025-09-20,West,Groceries,19563.87,366,False,
2025-09-20,North,Groceries,16557.29,291,False,
2025-09-20,West,Apparel,17867.36,289,False,
2025-09-20,North,Sports,20330.16,407,False,
2025-09-20,South,Home & Kitchen,13129.4,236,False,
2025-09-20,East,Sports,9089.07,155,False,
2025-09-20,West,Sports,18847.64,408,False,
2025-09-20,East,Electronics,13229.92,263,False,
2025-09-20,South,Electronics,13691.54,258,False,
2025-09-20,South,Sports,9217.95,238,False,
2025-09-20,West,Electronics,16820.29,422,False,
2025-09-21,East,Groceries,16398.47,293,False,
2025-09-21,East,Electronics,13310.91,275,False,
2025-09-21,South,Groceries,11938.75,305,False,
2025-09-21,West,Apparel,19925.67,319,False,
2025-09-21,South,Apparel,12025.19,254,False,
2025-09-21,North,Electronics,17324.04,300,False,
2025-09-21,East,Home & Kitchen,10388.21,192,False,
2025-09-21,West,Home & Kitchen,15263.09,393,False,
2025-09-21,North,Home & Kitchen,24269.71,577,False,
2025-09-21,North,Apparel,22170.24,474,False,
2025-09-21,South,Home & Kitchen,12148.4,262,False,
2025-09-21,East,Apparel,15254.53,310,False,
2025-09-21,South,Sports,9916.59,245,False,
2025-09-21,South,Electronics,16182.13,304,False,
2025-09-21,West,Sports,14573.11,258,False,
2025-09-21,East,Sports,9443.98,213,False,
2025-09-21,West,Electronics,15174.9,296,False,
2025-09-21,North,Sports,19939.12,299,False,
2025-09-21,West,Groceries,20198.72,473,False,
2025-09-21,North,Groceries,17134.43,423,False,
2025-09-22,East,Sports,7588.88,145,False,
2025-09-22,South,Home & Kitchen,11544.96,287,False,
2025-09-22,East,Home & Kitchen,11666.62,221,False,
2025-09-22,West,Groceries,14806.91,336,False,
2025-09-22,North,Apparel,17997.73,309,False,
2025-09-22,West,Home & Kitchen,15476.64,248,False,
2025-09-22,East,Electronics,13130.56,213,False,
2025-09-22,East,Groceries,13263.87,362,False,
2025-09-22,North,Groceries,16724.84,385,False,
2025-09-22,North,Sports,16582.12,355,False,
2025-09-22,North,Home & Kitchen,23414.54,448,False,
2025-09-22,West,Sports,12243.27,291,False,
2025-09-22,South,Sports,8980.82,151,False,
2025-09-22,West,Electronics,12906.14,213,False,
2025-09-22,South,Apparel,10717.49,191,False,
2025-09-22,West,Apparel,15585.74,303,False,
2025-09-22,East,Apparel,15164.27,274,False,
2025-09-22,South,Groceries,10091.43,204,False,
2025-09-22,North,Electronics,14547.84,425,False,
2025-09-22,South,Electronics,13346.9,225,False,
2025-09-23,West,Electronics,14268.68,253,False,
2025-09-23,East,Apparel,13686.01,228,False,
2025-09-23,South,Electronics,12558.91,197,False,
2025-09-23,South,Sports,7465.59,135,False,
2025-09-23,South,Home & Kitchen,11091.38,294,False,
2025-09-23,East,Electronics,11678.25,212,False,
2025-09-23,North,Apparel,16169.62,415,False,
2025-09-23,East,Home & Kitchen,9304.26,197,False,
2025-09-23,North,Home & Kitchen,20756.67,504,False,
2025-09-23,North,Electronics,15660.15,377,False,
2025-09-23,West,Home & Kitchen,13464.13,316,False,
2025-09-23,South,Apparel,10692.95,192,False,
2025-09-23,West,Apparel,12841.91,221,False,
2025-09-23,East,Sports,8368.72,175,False,
2025-09-23,West,Sports,13048.53,260,False,
2025-09-23,East,Groceries,14509.78,338,False,
2025-09-23,South,Groceries,9427.11,183,False,
2025-09-23,North,Sports,17978.35,364,False,
2025-09-23,West,Groceries,19165.38,505,False,
2025-09-23,North,Groceries,14944.5,318,False,
2025-09-24,North,Apparel,21109.76,508,False,
2025-09-24,East,Electronics,11951.91,296,False,
2025-09-24,North,Electronics,14673.37,257,False,
2025-09-24,East,Apparel,13257.31,239,False,
2025-09-24,West,Sports,12795.96,217,False,
2025-09-24,North,Home & Kitchen,17678.02,275,False,
2025-09-24,North,Groceries,16711.35,357,False,
2025-09-24,East,Sports,8536.7,199,False,
2025-09-24,South,Home & Kitchen,10922.78,227,False,
2025-09-24,South,Sports,6982.31,140,False,
2025-09-24,West,Home & Kitchen,14419.44,291,False,
2025-09-24,West,Apparel,15814.0,356,False,
2025-09-24,West,Electronics,12844.14,213,False,
2025-09-24,South,Groceries,9299.24,207,False,
2025-09-24,North,Sports,17094.04,343,False,
2025-09-24,East,Home & Kitchen,11068.27,242,False,
2025-09-24,South,Apparel,9908.64,145,False,
2025-09-24,South,Electronics,12467.97,257,False,
2025-09-24,West,Groceries,18233.41,435,False,
2025-09-24,East,Groceries,13425.88,281,False,
2025-09-25,West,Home & Kitchen,13955.39,310,False,
2025-09-25,East,Sports,7662.43,133,False,
2025-09-25,North,Sports,18853.08,332,False,
2025-09-25,South,Sports,8512.1,144,False,
2025-09-25,North,Home & Kitchen,23578.72,648,False,
2025-09-25,South,Electronics,12500.54,236,False,
2025-09-25,East,Apparel,14009.59,334,False,
2025-09-25,West,Sports,13922.22,283,False,
2025-09-25,East,Home & Kitchen,10999.81,184,False,
2025-09-25,South,Home & Kitchen,10324.38,201,False,
2025-09-25,North,Groceries,15513.18,295,False,
2025-09-25,East,Groceries,14598.46,268,False,
2025-09-25,West,Apparel,16917.4,280,False,
2025-09-25,South,Apparel,9749.64,185,False,
2025-09-25,North,Electronics,14451.87,308,False,
2025-09-25,West,Electronics,14902.02,275,False,
2025-09-25,South,Groceries,11081.05,185,False,
2025-09-25,West,Groceries,15498.26,306,False,
2025-09-25,East,Electronics,12013.98,190,False,
2025-09-25,North,Apparel,21114.96,393,False,
2025-09-26,East,Apparel,13958.13,271,False,
2025-09-26,South,Sports,8336.02,173,False,
2025-09-26,East,Sports,7616.86,170,False,
2025-09-26,South,Electronics,12367.49,249,False,
2025-09-26,South,Apparel,11853.24,242,False,
2025-09-26,West,Groceries,15273.89,291,False,
2025-09-26,North,Sports,19565.34,330,False,
2025-09-26,North,Apparel,15920.46,269,False,
2025-09-26,East,Home & Kitchen,9468.01,175,False,
2025-09-26,South,Home & Kitchen,10743.35,240,False,
2025-09-26,West,Home & Kitchen,13747.8,182,False,
2025-09-26,West,Electronics,12354.58,279,False,
2025-09-26,East,Electronics,11883.2,265,False,
2025-09-26,East,Groceries,12146.36,225,False,
2025-09-26,West,Sports,14332.97,257,False,
2025-09-26,North,Groceries,14827.69,341,False,
2025-09-26,West,Apparel,15219.23,223,False,
2025-09-26,South,Groceries,10289.08,177,False,
2025-09-26,North,Electronics,15234.2,234,False,
2025-09-26,North,Home & Kitchen,20205.72,399,False,
2025-09-27,West,Home & Kitchen,16465.89,300,False,
2025-09-27,West,Apparel,18009.0,369,False,
2025-09-27,East,Groceries,16001.35,206,False,
2025-09-27,West,Sports,14795.58,380,False,
2025-09-27,West,Groceries,19768.7,353,False,
2025-09-27,East,Sports,8626.28,249,False,
2025-09-27,North,Apparel,22171.21,415,False,
2025-09-27,East,Electronics,12991.57,306,False,
2025-09-27,South,Groceries,10865.11,203,False,
2025-09-27,South,Home & Kitchen,13705.25,344,False,
2025-09-27,North,Electronics,16673.75,355,False,
2025-09-27,North,Groceries,18596.89,322,False,
2025-09-27,East,Home & Kitchen,11712.47,203,False,
2025-09-27,South,Electronics,13302.19,342,False,
2025-09-27,South,Apparel,11889.08,245,False,
2025-09-27,East,Apparel,15453.67,325,False,
2025-09-27,South,Sports,9817.19,166,False,
2025-09-27,North,Sports,17893.29,310,False,
2025-09-27,West,Electronics,15192.57,265,False,
2025-09-27,North,Home & Kitchen,23569.74,443,False,
2025-09-28,North,Electronics,18229.65,370,False,
2025-09-28,South,Home & Kitchen,12294.91,285,False,
2025-09-28,West,Home & Kitchen,14437.2,339,False,
2025-09-28,North,Sports,20061.44,414,False,
2025-09-28,South,Electronics,14473.69,321,False,
2025-09-28,North,Groceries,17872.11,388,False,
2025-09-28,South,Apparel,12405.65,208,False,
2025-09-28,West,Groceries,20241.59,514,False,
2025-09-28,East,Electronics,14233.66,340,False,
2025-09-28,North,Apparel,23622.57,422,False,
2025-09-28,East,Groceries,12964.32,250,False,
2025-09-28,South,Groceries,11442.01,232,False,
2025-09-28,West,Electronics,14967.88,235,False,
2025-09-28,South,Sports,9536.93,207,False,
2025-09-28,East,Sports,9765.05,177,False,
2025-09-28,East,Home & Kitchen,12458.04,285,False,
2025-09-28,North,Home & Kitchen,23124.72,487,False,
2025-09-28,West,Apparel,18222.69,424,False,
2025-09-28,West,Sports,14794.99,339,False,
2025-09-28,East,Apparel,15082.08,292,False,
2025-09-29,South,Apparel,12431.88,348,False,
2025-09-29,East,Home & Kitchen,11279.52,235,False,
2025-09-29,South,Home & Kitchen,10978.42,219,False,
2025-09-29,West,Home & Kitchen,13255.11,344,False,
2025-09-29,West,Groceries,18291.45,329,False,
2025-09-29,West,Apparel,15595.58,262,False,
2025-09-29,North,Electronics,13385.95,289,False,
2025-09-29,South,Groceries,10414.28,209,False,
2025-09-29,North,Groceries,15469.02,348,False,
2025-09-29,East,Apparel,13676.77,305,False,
2025-09-29,West,Electronics,13700.23,280,False,
2025-09-29,South,Sports,8716.17,185,False,
2025-09-29,West,Sports,11694.96,302,False,
2025-09-29,North,Home & Kitchen,20175.46,471,False,
2025-09-29,East,Sports,8667.51,211,False,
2025-09-29,North,Sports,16170.15,310,False,
2025-09-29,South,Electronics,14192.01,219,False,
2025-09-29,East,Groceries,13133.44,235,False,
2025-09-29,North,Apparel,15718.19,362,False,
2025-09-29,East,Electronics,12906.99,284,False,
2025-09-30,South,Groceries,9860.1,183,False,
2025-09-30,South,Apparel,12200.44,235,False,
2025-09-30,East,Apparel,14660.09,429,False,
2025-09-30,West,Electronics,12615.66,207,False,
2025-09-30,East,Groceries,11983.26,217,False,
2025-09-30,East,Sports,9278.59,229,False,
2025-09-30,East,Home & Kitchen,10336.73,246,False,
2025-09-30,East,Electronics,11091.43,224,False,
2025-09-30,West,Apparel,16316.74,324,False,
2025-09-30,North,Home & Kitchen,20752.76,379,False,
2025-09-30,North,Sports,16527.89,275,False,
2025-09-30,North,Apparel,16645.46,329,False,
2025-09-30,South,Sports,8433.99,148,False,
2025-09-30,West,Groceries,16612.63,432,False,
2025-09-30,South,Electronics,12130.86,280,False,
2025-09-30,North,Electronics,16173.76,310,False,
2025-09-30,South,Home & Kitchen,11141.47,296,False,
2025-09-30,West,Home & Kitchen,12076.09,244,False,
2025-09-30,North,Groceries,14149.18,193,False,
2025-09-30,West,Sports,12478.55,339,False,
2025-10-01,North,Electronics,13210.34,278,False,
2025-10-01,South,Apparel,9859.3,235,False,
2025-10-01,South,Groceries,10869.37,205,False,
2025-10-01,East,Apparel,13287.19,242,False,
2025-10-01,West,Home & Kitchen,12574.46,198,False,
2025-10-01,South,Home & Kitchen,11106.87,215,False,
2025-10-01,East,Groceries,12333.15,189,False,
2025-10-01,East,Sports,7413.7,123,False,
2025-10-01,West,Sports,13337.64,368,False,
2025-10-01,East,Home & Kitchen,9475.25,193,False,
2025-10-01,North,Apparel,17376.31,328,False,
2025-10-01,East,Electronics,12061.47,225,False,
2025-10-01,West,Apparel,17602.63,374,False,
2025-10-01,South,Sports,7027.71,133,False,
2025-10-01,South,Electronics,12366.77,279,False,
2025-10-01,North,Home & Kitchen,20683.33,477,False,
2025-10-01,North,Sports,15343.77,369,False,
2025-10-01,West,Electronics,13639.98,286,False,
2025-10-01,North,Groceries,15077.83,256,False,
2025-10-01,West,Groceries,15394.58,344,False,
2025-10-02,South,Apparel,10583.43,234,False,
2025-10-02,East,Electronics,13395.73,325,False,
2025-10-02,West,Home & Kitchen,14251.47,262,False,
2025-10-02,North,Sports,16152.14,283,False,
2025-10-02,North,Groceries,17078.85,288,False,
2025-10-02,South,Groceries,10280.22,177,False,
2025-10-02,South,Sports,8494.49,181,False,
2025-10-02,West,Apparel,15891.72,341,False,
2025-10-02,East,Apparel,15308.13,281,False,
2025-10-02,West,Electronics,15901.67,351,False,
2025-10-02,North,Electronics,14440.31,264,False,
2025-10-02,North,Home & Kitchen,22603.17,538,False,
2025-10-02,East,Groceries,12587.5,323,False,
2025-10-02,North,Apparel,19939.07,524,False,
2025-10-02,East,Sports,8649.04,168,False,
2025-10-02,West,Groceries,18486.52,442,False,
2025-10-02,West,Sports,13150.72,244,False,
2025-10-02,South,Home & Kitchen,10889.23,258,False,
2025-10-02,East,Home & Kitchen,10674.52,202,False,
2025-10-02,South,Electronics,12065.35,305,False,
2025-10-03,South,Electronics,11475.23,177,False,
2025-10-03,South,Apparel,9159.2,211,False,
2025-10-03,West,Groceries,18938.83,435,False,
2025-10-03,West,Home & Kitchen,14770.74,320,False,
2025-10-03,East,Apparel,13105.32,293,False,
2025-10-03,North,Home & Kitchen,20263.95,406,False,
2025-10-03,North,Sports,15889.05,396,False,
2025-10-03,West,Sports,10937.42,227,False,
2025-10-03,East,Home & Kitchen,10587.04,239,False,
2025-10-03,East,Groceries,12804.37,199,False,
2025-10-03,South,Home & Kitchen,11709.43,277,False,
2025-10-03,West,Electronics,14158.02,252,False,
2025-10-03,West,Apparel,18231.98,450,False,
2025-10-03,South,Groceries,9224.89,193,False,
2025-10-03,North,Electronics,14092.55,346,False,
2025-10-03,East,Sports,7586.83,152,False,
2025-10-03,East,Electronics,12361.38,268,False,
2025-10-03,North,Groceries,15230.71,278,False,
2025-10-03,North,Apparel,17263.19,435,False,
2025-10-03,South,Sports,7564.61,158,False,
2025-10-04,West,Electronics,15429.27,274,False,
2025-10-04,North,Groceries,16876.92,324,False,
2025-10-04,West,Home & Kitchen,16556.56,340,False,
2025-10-04,North,Home & Kitchen,21988.92,621,False,
2025-10-04,West,Sports,16362.91,278,False,
2025-10-04,South,Home & Kitchen,12620.16,266,False,
2025-10-04,North,Apparel,21072.65,334,False,
2025-10-04,West,Groceries,20983.05,400,False,
2025-10-04,East,Electronics,12926.25,233,False,
2025-10-04,East,Groceries,14857.23,254,False,
2025-10-04,West,Apparel,18097.36,328,False,
2025-10-04,South,Groceries,10929.64,194,False,
2025-10-04,South,Apparel,12904.41,314,False,
2025-10-04,South,Sports,8961.14,219,False,
2025-10-04,East,Sports,8808.79,138,False,
2025-10-04,North,Sports,21208.93,367,False,
2025-10-04,East,Home & Kitchen,12070.17,257,False,
2025-10-04,East,Apparel,16356.53,358,False,
2025-10-04,South,Electronics,13408.53,277,False,
2025-10-04,North,Electronics,16351.97,313,False,
2025-10-05,North,Home & Kitchen,24972.83,696,False,
2025-10-05,West,Home & Kitchen,16086.22,264,False,
2025-10-05,South,Electronics,14185.53,342,False,
2025-10-05,South,Sports,10104.86,263,False,
2025-10-05,South,Apparel,12279.26,218,False,
2025-10-05,West,Sports,14160.04,284,False,
2025-10-05,North,Electronics,15362.54,403,False,
2025-10-05,West,Electronics,14801.79,206,False,
2025-10-05,East,Sports,9824.4,217,False,
2025-10-05,West,Apparel,20027.31,379,False,
2025-10-05,South,Groceries,11747.51,258,False,
2025-10-05,North,Sports,18519.17,405,False,
2025-10-05,East,Apparel,16198.15,286,False,
2025-10-05,East,Electronics,13562.89,292,False,
2025-10-05,West,Groceries,20081.34,394,False,
2025-10-05,East,Home & Kitchen,12218.23,287,False,
2025-10-05,North,Apparel,22799.51,388,False,
2025-10-05,East,Groceries,14842.64,259,False,
2025-10-05,South,Home & Kitchen,14205.1,287,False,
2025-10-05,North,Groceries,19158.46,458,False,
2025-10-06,North,Apparel,20872.58,374,False,
2025-10-06,East,Sports,8231.39,195,False,
2025-10-06,North,Home & Kitchen,21510.93,333,False,
2025-10-06,East,Apparel,12022.88,251,False,
2025-10-06,East,Electronics,11948.45,201,False,
2025-10-06,East,Groceries,12850.52,213,False,
2025-10-06,North,Sports,20399.06,329,False,
2025-10-06,South,Apparel,10946.04,188,False,
2025-10-06,West,Apparel,16592.15,236,False,
2025-10-06,South,Sports,8811.85,139,False,
2025-10-06,West,Sports,12607.0,250,False,
2025-10-06,West,Electronics,15012.0,321,False,
2025-10-06,East,Home & Kitchen,11629.75,190,False,
2025-10-06,North,Groceries,14756.09,312,False,
2025-10-06,South,Home & Kitchen,11742.29,211,False,
2025-10-06,North,Electronics,13338.44,219,False,
2025-10-06,South,Groceries,10898.98,207,False,
2025-10-06,West,Home & Kitchen,11646.75,303,False,
2025-10-06,West,Groceries,19199.89,377,False,
2025-10-06,South,Electronics,11505.12,267,False,
2025-10-07,South,Sports,8873.56,130,False,
2025-10-07,West,Groceries,17501.05,278,False,
2025-10-07,West,Apparel,15148.8,279,False,
2025-10-07,North,Apparel,20630.89,408,False,
2025-10-07,East,Apparel,15197.64,271,False,
2025-10-07,East,Groceries,12171.02,229,False,
2025-10-07,East,Electronics,11265.84,161,False,
2025-10-07,South,Electronics,12593.17,270,False,
2025-10-07,West,Home & Kitchen,13965.09,298,False,
2025-10-07,West,Sports,14922.78,342,False,
2025-10-07,South,Apparel,10466.9,187,False,
2025-10-07,East,Home & Kitchen,9266.5,255,False,
2025-10-07,South,Groceries,9735.39,192,False,
2025-10-07,North,Electronics,14746.82,306,False,
2025-10-07,West,Electronics,14127.82,248,False,
2025-10-07,North,Home & Kitchen,19965.86,342,False,
2025-10-07,North,Groceries,13505.96,286,False,
2025-10-07,North,Sports,16524.65,350,False,
2025-10-07,South,Home & Kitchen,9892.7,247,False,
2025-10-07,East,Sports,7858.49,112,False,
2025-10-08,East,Electronics,12157.17,247,False,
2025-10-08,East,Apparel,12836.78,287,False,
2025-10-08,South,Groceries,9849.85,200,False,
2025-10-08,North,Sports,17378.6,300,False,
2025-10-08,West,Electronics,14416.68,316,False,
2025-10-08,West,Sports,15015.81,346,False,
2025-10-08,West,Apparel,15187.1,293,False,
2025-10-08,North,Groceries,16282.59,341,False,
2025-10-08,South,Apparel,10297.0,193,False,
2025-10-08,West,Home & Kitchen,13018.3,275,False,
2025-10-08,South,Sports,8035.4,141,False,
2025-10-08,North,Home & Kitchen,22139.78,524,False,
2025-10-08,North,Electronics,16149.33,307,False,
2025-10-08,East,Sports,7248.94,135,False,
2025-10-08,East,Home & Kitchen,10764.94,247,False,
2025-10-08,South,Home & Kitchen,10622.21,217,False,
2025-10-08,East,Groceries,12760.27,202,False,
2025-10-08,North,Apparel,17406.81,257,False,
2025-10-08,West,Groceries,14752.78,272,False,
2025-10-08,South,Electronics,10621.9,238,False,
2025-10-09,North,Electronics,16566.11,378,False,
2025-10-09,South,Electronics,12561.02,269,False,
2025-10-09,West,Electronics,13224.24,228,False,
2025-10-09,North,Sports,15965.52,371,False,
2025-10-09,East,Electronics,11290.38,260,False,
2025-10-09,East,Groceries,13523.31,264,False,
2025-10-09,East,Apparel,15196.71,325,False,
2025-10-09,North,Home & Kitchen,24272.89,437,False,
2025-10-09,West,Groceries,15956.49,337,False,
2025-10-09,East,Home & Kitchen,11253.65,221,False,
2025-10-09,South,Apparel,11854.74,297,False,
2025-10-09,South,Sports,7705.08,197,False,
2025-10-09,South,Groceries,11232.21,187,False,
2025-10-09,West,Apparel,15846.34,344,False,
2025-10-09,South,Home & Kitchen,10832.22,255,False,
2025-10-09,East,Sports,6994.29,128,False,
2025-10-09,West,Home & Kitchen,12345.07,332,False,
2025-10-09,North,Groceries,15956.19,434,False,
2025-10-09,North,Apparel,20808.74,365,False,
2025-10-09,West,Sports,16289.31,446,False,
2025-10-10,West,Sports,12916.13,212,False,
2025-10-10,East,Groceries,13312.33,266,False,
2025-10-10,West,Apparel,17010.41,362,False,
2025-10-10,North,Electronics,13846.11,239,False,
2025-10-10,South,Home & Kitchen,10581.83,264,False,
2025-10-10,South,Apparel,10413.07,257,False,
2025-10-10,South,Sports,8750.99,181,False,
2025-10-10,East,Sports,8115.45,174,False,
2025-10-10,North,Groceries,15305.34,206,False,
2025-10-10,East,Electronics,9457.92,161,False,
2025-10-10,North,Apparel,18203.34,361,False,
2025-10-10,South,Groceries,9999.52,200,False,
2025-10-10,West,Electronics,15793.45,365,False,
2025-10-10,East,Home & Kitchen,11004.56,253,False,
2025-10-10,North,Home & Kitchen,20621.91,419,False,
2025-10-10,West,Home & Kitchen,13117.97,304,False,
2025-10-10,North,Sports,17477.26,296,False,
2025-10-10,South,Electronics,14362.09,218,False,
2025-10-10,West,Groceries,16855.72,323,False,
2025-10-10,East,Apparel,13399.4,214,False,
2025-10-11,North,Groceries,19969.56,364,False,
2025-10-11,East,Home & Kitchen,10833.19,202,False,
2025-10-11,East,Groceries,13144.64,325,False,
2025-10-11,West,Apparel,15776.02,301,False,
2025-10-11,South,Electronics,15260.35,285,False,
2025-10-11,North,Electronics,18887.46,332,False,
2025-10-11,South,Groceries,14531.18,262,False,
2025-10-11,West,Sports,15909.28,367,False,
2025-10-11,North,Home & Kitchen,22316.96,454,False,
2025-10-11,East,Sports,9613.6,233,False,
2025-10-11,South,Apparel,13062.11,237,False,
2025-10-11,West,Groceries,19291.25,426,False,
2025-10-11,West,Electronics,16229.92,345,False,
2025-10-11,East,Electronics,12206.12,194,False,
2025-10-11,South,Sports,10374.87,229,False,
2025-10-11,North,Apparel,23255.82,502,False,
2025-10-11,South,Home & Kitchen,12208.6,196,False,
2025-10-11,West,Home & Kitchen,16602.82,448,False,
2025-10-11,North,Sports,20282.24,513,False,
2025-10-11,East,Apparel,15915.62,378,False,
2025-10-12,South,Home & Kitchen,12501.42,320,False,
2025-10-12,South,Electronics,13259.71,268,False,
2025-10-12,South,Sports,9650.04,236,False,
2025-10-12,East,Sports,8649.64,174,False,
2025-10-12,North,Electronics,19544.38,483,False,
2025-10-12,North,Sports,21038.27,494,False,
2025-10-12,East,Home & Kitchen,11264.86,308,False,
2025-10-12,South,Groceries,12516.97,282,False,
2025-10-12,West,Home & Kitchen,15524.94,336,False,
2025-10-12,North,Apparel,20461.25,323,False,
2025-10-12,West,Electronics,14637.33,270,False,
2025-10-12,East,Electronics,13441.56,323,False,
2025-10-12,East,Apparel,16144.12,260,False,
2025-10-12,West,Sports,15935.83,319,False,
2025-10-12,North,Groceries,18938.21,429,False,
2025-10-12,East,Groceries,15039.61,315,False,
2025-10-12,South,Apparel,11052.48,189,False,
2025-10-12,West,Apparel,19230.61,337,False,
2025-10-12,North,Home & Kitchen,19668.03,381,False,
2025-10-12,West,Groceries,17805.1,490,False,
2025-10-13,North,Apparel,21575.23,400,False,
2025-10-13,East,Apparel,12516.77,236,False,
2025-10-13,East,Sports,8828.94,192,False,
2025-10-13,East,Groceries,12382.25,258,False,
2025-10-13,North,Sports,17604.18,288,False,
2025-10-13,West,Sports,12277.48,232,False,
2025-10-13,South,Electronics,13963.09,262,False,
2025-10-13,West,Home & Kitchen,11587.8,254,False,
2025-10-13,East,Electronics,13167.81,235,False,
2025-10-13,South,Apparel,10181.26,180,False,
2025-10-13,North,Groceries,16461.12,286,False,
2025-10-13,West,Apparel,18063.34,349,False,
2025-10-13,North,Home & Kitchen,21114.86,498,False,
2025-10-13,West,Electronics,12925.89,260,False,
2025-10-13,South,Groceries,10054.5,228,False,
2025-10-13,South,Home & Kitchen,10399.83,238,False,
2025-10-13,North,Electronics,14644.39,316,False,
2025-10-13,West,Groceries,17172.76,315,False,
2025-10-13,South,Sports,7796.18,135,False,
2025-10-13,East,Home & Kitchen,11540.5,205,False,
2025-10-14,North,Apparel,18093.79,301,False,
2025-10-14,West,Electronics,14750.61,223,False,
2025-10-14,East,Apparel,14670.98,354,False,
2025-10-14,East,Electronics,12964.01,299,False,
2025-10-14,West,Home & Kitchen,13739.45,248,False,
2025-10-14,South,Sports,6686.2,155,False,
2025-10-14,North,Groceries,17200.81,378,False,
2025-10-14,East,Groceries,12309.32,235,False,
2025-10-14,West,Apparel,17776.25,299,False,
2025-10-14,North,Electronics,18515.48,333,False,
2025-10-14,North,Sports,17204.93,381,False,
2025-10-14,West,Groceries,15906.84,259,False,
2025-10-14,East,Sports,8060.96,118,False,
2025-10-14,North,Home & Kitchen,20488.44,299,False,
2025-10-14,South,Home & Kitchen,11603.58,198,False,
2025-10-14,South,Groceries,10252.94,231,False,
2025-10-14,West,Sports,13168.71,304,False,
2025-10-14,South,Electronics,11843.06,297,False,
2025-10-14,East,Home & Kitchen,9376.06,193,False,
2025-10-14,South,Apparel,9649.13,208,False,
2025-10-15,East,Electronics,13430.48,293,False,
2025-10-15,West,Electronics,14127.06,270,False,
2025-10-15,South,Apparel,10132.75,184,False,
2025-10-15,East,Groceries,12956.95,248,False,
2025-10-15,East,Home & Kitchen,10084.52,210,False,
2025-10-15,West,Apparel,18846.98,377,False,
2025-10-15,South,Sports,8042.84,163,False,
2025-10-15,North,Electronics,15913.35,257,False,
2025-10-15,South,Home & Kitchen,11375.13,215,False,
2025-10-15,North,Home & Kitchen,19098.89,342,False,
2025-10-15,East,Apparel,14643.07,303,False,
2025-10-15,West,Home & Kitchen,12503.45,331,False,
2025-10-15,North,Apparel,19284.56,279,False,
2025-10-15,South,Electronics,12826.95,212,False,
2025-10-15,West,Groceries,18752.96,338,False,
2025-10-15,South,Groceries,9364.74,127,False,
2025-10-15,West,Sports,13527.07,258,False,
2025-10-15,North,Groceries,14859.37,297,False,
2025-10-15,North,Sports,16209.34,277,False,
2025-10-15,East,Sports,7178.92,141,False,
2025-10-16,West,Apparel,15527.44,305,False,
2025-10-16,West,Groceries,17547.31,275,False,
2025-10-16,North,Home & Kitchen,21423.38,475,False,
2025-10-16,East,Electronics,12271.84,241,False,
2025-10-16,East,Apparel,15600.13,216,False,
2025-10-16,North,Groceries,14529.81,290,False,
2025-10-16,South,Electronics,10821.89,200,False,
2025-10-16,North,Sports,17199.75,282,False,
2025-10-16,South,Apparel,11768.67,237,False,
2025-10-16,West,Home & Kitchen,12975.54,289,False,
2025-10-16,North,Electronics,15849.49,342,False,
2025-10-16,East,Groceries,12457.83,270,False,
2025-10-16,West,Sports,13082.17,267,False,
2025-10-16,North,Apparel,18566.82,411,False,
2025-10-16,West,Electronics,14108.22,232,False,
2025-10-16,East,Home & Kitchen,12109.69,316,False,
2025-10-16,South,Sports,8569.94,173,False,
2025-10-16,South,Groceries,9405.69,225,False,
2025-10-16,South,Home & Kitchen,9663.39,209,False,
2025-10-16,East,Sports,8957.52,168,False,
2025-10-17,South,Apparel,11005.47,231,False,
2025-10-17,North,Sports,16984.88,373,False,
2025-10-17,East,Sports,8579.19,163,False,
2025-10-17,West,Home & Kitchen,14342.03,364,False,
2025-10-17,East,Apparel,14517.6,337,False,
2025-10-17,North,Apparel,17764.2,514,False,
2025-10-17,East,Groceries,11780.32,187,False,
2025-10-17,West,Groceries,16703.81,481,False,
2025-10-17,South,Groceries,11188.48,209,False,
2025-10-17,South,Sports,8421.21,125,False,
2025-10-17,North,Home & Kitchen,22285.69,384,False,
2025-10-17,West,Electronics,12493.49,201,False,
2025-10-17,North,Groceries,15689.18,325,False,
2025-10-17,South,Electronics,13732.27,357,False,
2025-10-17,North,Electronics,14799.02,356,False,
2025-10-17,East,Electronics,10467.97,227,False,
2025-10-17,West,Apparel,16469.0,415,False,
2025-10-17,East,Home & Kitchen,11343.83,356,False,
2025-10-17,South,Home & Kitchen,9975.57,229,False,
2025-10-17,West,Sports,13267.96,246,False,
2025-10-18,West,Apparel,19743.12,351,False,
2025-10-18,East,Home & Kitchen,11185.69,178,False,
2025-10-18,East,Sports,9861.62,211,False,
2025-10-18,West,Groceries,21342.35,536,False,
2025-10-18,South,Groceries,11532.07,299,False,
2025-10-18,North,Apparel,22141.01,398,False,
2025-10-18,North,Sports,21372.57,383,False,
2025-10-18,East,Apparel,14991.46,353,False,
2025-10-18,South,Home & Kitchen,12893.27,353,False,
2025-10-18,North,Home & Kitchen,23400.5,428,False,
2025-10-18,East,Groceries,16130.91,372,False,
2025-10-18,West,Sports,16652.7,270,False,
2025-10-18,South,Sports,10183.77,183,False,
2025-10-18,South,Electronics,13809.74,271,False,
2025-10-18,North,Groceries,17868.41,342,False,
2025-10-18,North,Electronics,14372.4,219,False,
2025-10-18,West,Electronics,14774.08,299,False,
2025-10-18,South,Apparel,11228.07,178,False,
2025-10-18,East,Electronics,12516.19,241,False,
2025-10-18,West,Home & Kitchen,15611.55,267,False,
2025-10-19,West,Home & Kitchen,14665.3,258,False,
2025-10-19,West,Groceries,21699.08,359,False,
2025-10-19,West,Electronics,15658.3,274,False,
2025-10-19,East,Groceries,15551.56,391,False,
2025-10-19,West,Sports,15089.5,251,False,
2025-10-19,South,Apparel,12846.52,271,False,
2025-10-19,North,Sports,21055.17,414,False,
2025-10-19,East,Electronics,13948.67,327,False,
2025-10-19,West,Apparel,19760.05,410,False,
2025-10-19,South,Electronics,15819.4,294,False,
2025-10-19,South,Home & Kitchen,12888.0,273,False,
2025-10-19,East,Home & Kitchen,13614.18,292,False,
2025-10-19,South,Groceries,12610.02,232,False,
2025-10-19,North,Groceries,17072.71,331,False,
2025-10-19,North,Apparel,20898.27,372,False,
2025-10-19,South,Sports,9482.09,179,False,
2025-10-19,East,Apparel,15878.96,322,False,
2025-10-19,North,Home & Kitchen,25970.11,449,False,
2025-10-19,North,Electronics,15052.57,275,False,
2025-10-19,East,Sports,10020.72,216,False,
2025-10-20,West,Electronics,12958.03,260,False,
2025-10-20,South,Sports,9445.73,185,False,
2025-10-20,South,Home & Kitchen,10824.76,158,False,
2025-10-20,West,Sports,14955.01,305,False,
2025-10-20,North,Apparel,20578.35,338,False,
2025-10-20,South,Electronics,14891.54,250,False,
2025-10-20,North,Groceries,14490.48,405,False,
2025-10-20,South,Groceries,11548.75,231,False,
2025-10-20,East,Home & Kitchen,9800.31,193,False,
2025-10-20,North,Sports,19243.49,394,False,
2025-10-20,West,Apparel,14835.58,237,False,
2025-10-20,East,Electronics,11874.49,206,False,
2025-10-20,North,Electronics,13982.16,274,False,
2025-10-20,East,Sports,8047.34,134,False,
2025-10-20,East,Groceries,13500.96,308,False,
2025-10-20,West,Home & Kitchen,14253.7,288,False,
2025-10-20,South,Apparel,11341.4,187,False,
2025-10-20,West,Groceries,17151.98,329,False,
2025-10-20,North,Home & Kitchen,19716.67,417,False,
2025-10-20,East,Apparel,12511.94,295,False,
2025-10-21,North,Home & Kitchen,21331.88,497,False,
2025-10-21,East,Apparel,12030.45,215,False,
2025-10-21,South,Sports,7928.51,165,False,
2025-10-21,West,Apparel,16338.59,392,False,
2025-10-21,East,Sports,7816.45,146,False,
2025-10-21,South,Home & Kitchen,11387.79,252,False,
2025-10-21,North,Sports,18871.85,393,False,
2025-10-21,North,Apparel,18293.86,296,False,
2025-10-21,South,Apparel,10865.31,292,False,
2025-10-21,West,Sports,14294.64,223,False,
2025-10-21,North,Electronics,14328.29,288,False,
2025-10-21,North,Groceries,16086.01,400,False,
2025-10-21,West,Electronics,12614.76,237,False,
2025-10-21,South,Groceries,11067.88,284,False,
2025-10-21,South,Electronics,14048.67,248,False,
2025-10-21,West,Home & Kitchen,14734.72,299,False,
2025-10-21,East,Home & Kitchen,11721.33,234,False,
2025-10-21,East,Electronics,11794.82,312,False,
2025-10-21,East,Groceries,13572.75,296,False,
2025-10-21,West,Groceries,17047.08,447,False,
2025-10-22,West,Home & Kitchen,12033.27,207,False,
2025-10-22,South,Apparel,9568.64,251,False,
2025-10-22,East,Sports,8531.77,209,False,
2025-10-22,West,Groceries,15205.68,212,False,
2025-10-22,South,Electronics,14011.08,352,False,
2025-10-22,West,Sports,15591.93,307,False,
2025-10-22,East,Groceries,12004.87,315,False,
2025-10-22,South,Home & Kitchen,11759.66,251,False,
2025-10-22,South,Sports,8077.2,172,False,
2025-10-22,West,Apparel,16926.09,288,False,
2025-10-22,North,Electronics,15148.01,327,False,
2025-10-22,North,Home & Kitchen,22884.02,473,False,
2025-10-22,East,Apparel,14002.77,272,False,
2025-10-22,North,Apparel,18786.65,404,False,
2025-10-22,North,Sports,18130.37,427,False,
2025-10-22,East,Home & Kitchen,10790.94,189,False,
2025-10-22,West,Electronics,14267.28,277,False,
2025-10-22,North,Groceries,15652.97,267,False,
2025-10-22,East,Electronics,11207.61,245,False,
2025-10-22,South,Groceries,10528.81,226,False,
2025-10-23,West,Home & Kitchen,15605.16,271,False,
2025-10-23,South,Sports,8535.33,155,False,
2025-10-23,South,Home & Kitchen,12030.99,294,False,
2025-10-23,East,Home & Kitchen,9543.94,213,False,
2025-10-23,North,Groceries,16207.01,332,False,
2025-10-23,East,Apparel,15119.61,345,False,
2025-10-23,South,Electronics,13331.99,354,False,
2025-10-23,North,Apparel,19957.43,432,False,
2025-10-23,East,Sports,8198.62,138,False,
2025-10-23,North,Electronics,14899.16,240,False,
2025-10-23,South,Groceries,10495.94,238,False,
2025-10-23,West,Electronics,14475.02,265,False,
2025-10-23,West,Groceries,15782.07,359,False,
2025-10-23,West,Apparel,18321.22,311,False,
2025-10-23,North,Sports,17656.14,344,False,
2025-10-23,South,Apparel,10622.88,177,False,
2025-10-23,North,Home & Kitchen,19068.33,427,False,
2025-10-23,East,Groceries,10816.8,220,False,
2025-10-23,East,Electronics,11347.88,214,False,
2025-10-23,West,Sports,13948.66,329,False,
2025-10-24,East,Apparel,13972.99,357,False,
2025-10-24,West,Home & Kitchen,15303.15,277,False,
2025-10-24,East,Sports,9113.58,207,False,
2025-10-24,East,Electronics,12589.39,230,False,
2025-10-24,South,Groceries,9863.4,242,False,
2025-10-24,West,Apparel,17626.78,323,False,
2025-10-24,West,Groceries,16775.74,388,False,
2025-10-24,East,Home & Kitchen,11383.31,258,False,
2025-10-24,South,Home & Kitchen,11876.53,284,False,
2025-10-24,North,Sports,17156.77,246,False,
2025-10-24,South,Electronics,12712.54,234,False,
2025-10-24,West,Sports,15470.19,311,False,
2025-10-24,West,Electronics,11286.46,285,False,
2025-10-24,East,Groceries,14154.87,316,False,
2025-10-24,South,Sports,8003.69,181,False,
2025-10-24,North,Electronics,14816.81,319,False,
2025-10-24,North,Home & Kitchen,18691.06,366,False,
2025-10-24,South,Apparel,8458.51,158,False,
2025-10-24,North,Groceries,13518.17,323,False,
2025-10-24,North,Apparel,18559.03,375,False,
2025-10-25,North,Sports,19367.36,384,False,
2025-10-25,North,Electronics,17025.99,321,False,
2025-10-25,West,Electronics,16191.53,318,False,
2025-10-25,East,Electronics,13543.15,304,False,
2025-10-25,East,Apparel,17500.15,295,False,
2025-10-25,East,Home & Kitchen,13642.41,316,False,
2025-10-25,South,Home & Kitchen,12063.62,227,False,
2025-10-25,North,Home & Kitchen,22387.79,612,False,
2025-10-25,South,Sports,10999.78,248,False,
2025-10-25,North,Apparel,21571.89,620,False,
2025-10-25,South,Groceries,11635.86,233,False,
2025-10-25,North,Groceries,18070.05,303,False,
2025-10-25,East,Sports,10972.26,242,False,
2025-10-25,West,Apparel,20525.57,330,False,
2025-10-25,South,Apparel,11589.22,263,False,
2025-10-25,East,Groceries,15318.01,268,False,
2025-10-25,South,Electronics,15848.03,259,False,
2025-10-25,West,Groceries,19687.58,373,False,
2025-10-25,West,Home & Kitchen,17950.68,467,False,
2025-10-25,West,Sports,15391.5,391,False,
2025-10-26,East,Apparel,15110.36,265,False,
2025-10-26,North,Home & Kitchen,24047.87,430,False,
2025-10-26,South,Groceries,11606.97,189,False,
2025-10-26,North,Sports,19867.27,494,False,
2025-10-26,West,Groceries,20799.87,580,False,
2025-10-26,South,Apparel,10755.67,176,False,
2025-10-26,South,Home & Kitchen,12894.69,197,False,
2025-10-26,West,Electronics,15938.11,249,False,
2025-10-26,West,Home & Kitchen,16455.41,423,False,
2025-10-26,South,Sports,9086.16,132,False,
2025-10-26,South,Electronics,14826.92,286,False,
2025-10-26,East,Home & Kitchen,13551.04,260,False,
2025-10-26,East,Groceries,15694.1,368,False,
2025-10-26,West,Apparel,18006.82,423,False,
2025-10-26,West,Sports,15769.72,413,False,
2025-10-26,East,Electronics,13158.12,227,False,
2025-10-26,North,Electronics,15554.71,234,False,
2025-10-26,North,Groceries,20371.58,333,False,
2025-10-26,North,Apparel,19752.49,301,False,
2025-10-26,East,Sports,9535.37,231,False,
2025-10-27,East,Sports,6677.4,144,False,
2025-10-27,West,Home & Kitchen,13471.0,229,False,
2025-10-27,South,Sports,7955.93,127,False,
2025-10-27,North,Electronics,15195.7,315,False,
2025-10-27,South,Groceries,10433.33,276,False,
2025-10-27,South,Home & Kitchen,11140.18,242,False,
2025-10-27,West,Apparel,14267.11,261,False,
2025-10-27,West,Electronics,13025.77,239,False,
2025-10-27,North,Groceries,15005.19,355,False,
2025-10-27,East,Home & Kitchen,10890.47,188,False,
2025-10-27,South,Electronics,15418.76,326,False,
2025-10-27,South,Apparel,10225.77,154,False,
2025-10-27,West,Groceries,18802.66,332,False,
2025-10-27,West,Sports,14910.64,251,False,
2025-10-27,East,Electronics,12507.41,263,False,
2025-10-27,North,Sports,16582.62,311,False,
2025-10-27,North,Home & Kitchen,20114.95,434,False,
2025-10-27,East,Groceries,13043.63,268,False,
2025-10-27,North,Apparel,19582.68,456,False,
2025-10-27,East,Apparel,12690.11,217,False,
2025-10-28,North,Groceries,17583.31,443,False,
2025-10-28,East,Electronics,13229.24,201,False,
2025-10-28,West,Apparel,18375.03,304,False,
2025-10-28,South,Apparel,11072.4,282,False,
2025-10-28,South,Sports,9092.03,172,False,
2025-10-28,South,Groceries,10564.41,202,False,
2025-10-28,East,Sports,7770.34,118,False,
2025-10-28,North,Home & Kitchen,21319.89,325,False,
2025-10-28,East,Groceries,12707.51,176,False,
2025-10-28,West,Groceries,17820.27,454,False,
2025-10-28,South,Electronics,13839.67,366,False,
2025-10-28,West,Sports,12670.66,219,False,
2025-10-28,North,Electronics,11885.5,191,False,
2025-10-28,West,Home & Kitchen,12411.65,247,False,
2025-10-28,East,Home & Kitchen,9614.92,200,False,
2025-10-28,North,Sports,16643.31,323,False,
2025-10-28,North,Apparel,19520.04,348,False,
2025-10-28,East,Apparel,16064.91,441,False,
2025-10-28,South,Home & Kitchen,10847.75,201,False,
2025-10-28,West,Electronics,12552.29,253,False,
2025-10-29,East,Apparel,14316.86,285,False,
2025-10-29,South,Electronics,12974.71,218,False,
2025-10-29,West,Groceries,16751.53,335,False,
2025-10-29,West,Electronics,14565.91,374,False,
2025-10-29,South,Apparel,11065.49,170,False,
2025-10-29,East,Electronics,12633.19,259,False,
2025-10-29,North,Home & Kitchen,22028.75,351,False,
2025-10-29,North,Electronics,14203.08,329,False,
2025-10-29,North,Apparel,18877.74,353,False,
2025-10-29,South,Sports,9272.8,213,False,
2025-10-29,West,Home & Kitchen,15303.89,331,False,
2025-10-29,East,Groceries,12305.82,244,False,
2025-10-29,West,Sports,12446.01,291,False,
2025-10-29,West,Apparel,14394.87,295,False,
2025-10-29,South,Groceries,11411.64,243,False,
2025-10-29,East,Sports,6928.7,140,False,
2025-10-29,East,Home & Kitchen,10290.73,200,False,
2025-10-29,North,Sports,19125.58,590,False,
2025-10-29,North,Groceries,14197.59,252,False,
2025-10-29,South,Home & Kitchen,12013.17,193,False,
2025-10-30,West,Home & Kitchen,11158.01,243,False,
2025-10-30,East,Electronics,12331.37,238,False,
2025-10-30,South,Groceries,10341.27,254,False,
2025-10-30,West,Electronics,13936.39,275,False,
2025-10-30,South,Home & Kitchen,11192.26,232,False,
2025-10-30,North,Home & Kitchen,21893.36,350,False,
2025-10-30,East,Apparel,13881.24,340,False,
2025-10-30,North,Electronics,14502.45,237,False,
2025-10-30,East,Sports,6537.64,133,False,
2025-10-30,West,Apparel,16872.51,314,False,
2025-10-30,West,Groceries,20596.97,318,False,
2025-10-30,North,Sports,19133.98,329,False,
2025-10-30,North,Groceries,14186.68,253,False,
2025-10-30,East,Home & Kitchen,10496.71,266,False,
2025-10-30,South,Electronics,11151.85,223,False,
2025-10-30,North,Apparel,19581.21,383,False,
2025-10-30,South,Sports,8624.47,168,False,
2025-10-30,West,Sports,13308.8,243,False,
2025-10-30,South,Apparel,11325.39,230,False,
2025-10-30,East,Groceries,14388.83,283,False,
2025-10-31,West,Home & Kitchen,15105.89,269,False,
2025-10-31,South,Apparel,11815.31,292,False,
2025-10-31,East,Apparel,14187.16,260,False,
2025-10-31,South,Electronics,11421.13,222,False,
2025-10-31,West,Groceries,20145.29,420,False,
2025-10-31,South,Sports,9495.18,145,False,
2025-10-31,North,Home & Kitchen,20616.84,346,False,
2025-10-31,East,Groceries,16131.29,364,False,
2025-10-31,North,Sports,17516.59,376,False,
2025-10-31,West,Apparel,16111.52,359,False,
2025-10-31,East,Sports,7923.81,155,False,
2025-10-31,East,Home & Kitchen,10969.03,197,False,
2025-10-31,North,Groceries,14457.86,266,False,
2025-10-31,South,Home & Kitchen,10711.89,226,False,
2025-10-31,South,Groceries,11143.47,211,False,
2025-10-31,North,Apparel,17185.85,325,False,
2025-10-31,West,Sports,14501.87,310,False,
2025-10-31,West,Electronics,13349.71,310,False,
2025-10-31,North,Electronics,13853.85,255,False,
2025-10-31,East,Electronics,12517.27,217,False,
2025-11-01,South,Electronics,14459.58,376,False,
2025-11-01,North,Sports,22713.4,447,False,
2025-11-01,East,Electronics,11947.21,278,False,
2025-11-01,East,Sports,8313.4,158,False,
2025-11-01,East,Groceries,16152.94,240,False,
2025-11-01,North,Home & Kitchen,25727.68,523,False,
2025-11-01,East,Home & Kitchen,12184.77,244,False,
2025-11-01,South,Sports,8747.39,162,False,
2025-11-01,West,Groceries,20890.03,311,False,
2025-11-01,North,Groceries,19037.1,358,False,
2025-11-01,West,Sports,14589.17,253,False,
2025-11-01,North,Apparel,22598.64,438,False,
2025-11-01,North,Electronics,17654.22,315,False,
2025-11-01,South,Home & Kitchen,12424.82,270,False,
2025-11-01,East,Apparel,14883.04,396,False,
2025-11-01,West,Apparel,20033.74,390,False,
2025-11-01,South,Groceries,13945.62,326,False,
2025-11-01,West,Electronics,14699.45,311,False,
2025-11-01,South,Apparel,13991.54,221,False,
2025-11-01,West,Home & Kitchen,15221.66,292,False,
2025-11-02,South,Sports,9118.02,143,False,
2025-11-02,West,Home & Kitchen,18017.31,310,False,
2025-11-02,East,Home & Kitchen,11729.04,279,False,
2025-11-02,East,Sports,8293.03,183,False,
2025-11-02,North,Home & Kitchen,24184.58,560,False,
2025-11-02,South,Groceries,10735.45,198,False,
2025-11-02,North,Groceries,18416.25,280,False,
2025-11-02,South,Electronics,13805.0,298,False,
2025-11-02,West,Sports,17393.24,337,False,
2025-11-02,East,Groceries,15156.74,316,False,
2025-11-02,North,Apparel,22894.01,406,False,
2025-11-02,West,Apparel,20151.24,389,False,
2025-11-02,West,Groceries,19805.48,433,False,
2025-11-02,North,Electronics,19304.91,395,False,
2025-11-02,South,Apparel,10353.38,248,False,
2025-11-02,South,Home & Kitchen,12831.04,253,False,
2025-11-02,West,Electronics,16151.9,263,False,
2025-11-02,East,Electronics,12371.33,287,False,
2025-11-02,East,Apparel,16230.41,428,False,
2025-11-02,North,Sports,21112.76,410,False,
2025-11-03,West,Sports,14563.7,299,False,
2025-11-03,East,Electronics,12012.61,261,False,
2025-11-03,North,Home & Kitchen,21882.67,333,False,
2025-11-03,West,Electronics,14945.47,271,False,
2025-11-03,East,Groceries,12557.16,316,False,
2025-11-03,North,Electronics,14632.62,350,False,
2025-11-03,West,Apparel,19265.24,419,False,
2025-11-03,South,Sports,8651.81,206,False,
2025-11-03,North,Groceries,14976.97,248,False,
2025-11-03,South,Groceries,10681.03,235,False,
2025-11-03,South,Electronics,13200.27,326,False,
2025-11-03,East,Sports,7700.63,197,False,
2025-11-03,East,Home & Kitchen,11030.76,248,False,
2025-11-03,North,Apparel,18491.47,296,False,
2025-11-03,West,Groceries,19651.84,442,False,
2025-11-03,South,Home & Kitchen,11709.14,247,False,
2025-11-03,East,Apparel,12813.81,243,False,
2025-11-03,South,Apparel,10265.7,228,False,
2025-11-03,West,Home & Kitchen,13413.17,232,False,
2025-11-03,North,Sports,18016.79,470,False,
2025-11-04,East,Sports,8454.3,179,False,
2025-11-04,West,Electronics,15048.85,321,False,
2025-11-04,North,Apparel,18291.4,368,False,
2025-11-04,North,Groceries,16457.86,270,False,
2025-11-04,East,Home & Kitchen,10962.38,174,False,
2025-11-04,West,Home & Kitchen,13184.02,370,False,
2025-11-04,South,Home & Kitchen,11475.37,219,False,
2025-11-04,South,Groceries,10426.41,140,False,
2025-11-04,West,Sports,14460.64,367,False,
2025-11-04,North,Sports,18390.27,282,False,
2025-11-04,East,Electronics,12025.69,241,False,
2025-11-04,North,Home & Kitchen,20925.16,433,False,
2025-11-04,South,Sports,7945.24,157,False,
2025-11-04,South,Electronics,12851.31,274,False,
2025-11-04,East,Groceries,13023.58,206,False,
2025-11-04,South,Apparel,10551.03,228,False,
2025-11-04,East,Apparel,12948.65,275,False,
2025-11-04,West,Groceries,18934.05,423,False,
2025-11-04,North,Electronics,13624.75,324,False,
2025-11-04,West,Apparel,18307.28,339,False,
2025-11-05,South,Groceries,10672.96,300,False,
2025-11-05,South,Home & Kitchen,10703.83,296,False,
2025-11-05,North,Electronics,15578.28,381,False,
2025-11-05,South,Sports,8685.55,158,False,
2025-11-05,East,Apparel,15492.33,276,False,
2025-11-05,West,Groceries,17008.27,229,False,
2025-11-05,South,Apparel,10831.04,204,False,
2025-11-05,North,Groceries,14940.67,278,False,
2025-11-05,East,Home & Kitchen,10123.85,180,False,
2025-11-05,South,Electronics,14976.22,326,False,
2025-11-05,East,Groceries,13462.76,230,False,
2025-11-05,West,Home & Kitchen,14551.57,381,False,
2025-11-05,North,Sports,17546.54,235,False,
2025-11-05,North,Apparel,17157.34,284,False,
2025-11-05,West,Apparel,15806.51,355,False,
2025-11-05,East,Sports,8516.35,141,False,
2025-11-05,East,Electronics,11764.49,212,False,
2025-11-05,West,Electronics,14836.85,346,False,
2025-11-05,West,Sports,12729.81,259,False,
2025-11-05,North,Home & Kitchen,19579.78,430,False,
2025-11-06,West,Electronics,13867.3,201,False,
2025-11-06,North,Sports,18752.4,422,False,
2025-11-06,East,Groceries,13875.97,252,False,
2025-11-06,East,Sports,9361.84,127,False,
2025-11-06,South,Groceries,11134.0,216,False,
2025-11-06,South,Home & Kitchen,12313.45,278,False,
2025-11-06,West,Groceries,17700.72,308,False,
2025-11-06,East,Electronics,12258.81,315,False,
2025-11-06,North,Home & Kitchen,23712.47,515,False,
2025-11-06,East,Home & Kitchen,9756.11,192,False,
2025-11-06,South,Sports,8604.7,171,False,
2025-11-06,North,Electronics,16304.15,256,False,
2025-11-06,West,Home & Kitchen,14047.4,312,False,
2025-11-06,West,Apparel,16329.07,285,False,
2025-11-06,North,Apparel,17620.02,329,False,
2025-11-06,East,Apparel,13623.0,240,False,
2025-11-06,South,Electronics,12659.96,228,False,
2025-11-06,South,Apparel,12022.8,284,False,
2025-11-06,West,Sports,12932.3,235,False,
2025-11-06,North,Groceries,14142.09,269,False,
2025-11-07,South,Apparel,8892.44,162,False,
2025-11-07,South,Groceries,10525.43,244,False,
2025-11-07,South,Home & Kitchen,10450.44,205,False,
2025-11-07,West,Home & Kitchen,14158.88,269,False,
2025-11-07,South,Sports,8829.92,207,False,
2025-11-07,North,Electronics,15561.63,280,False,
2025-11-07,West,Groceries,17798.03,314,False,
2025-11-07,North,Apparel,17390.51,311,False,
2025-11-07,North,Home & Kitchen,19612.34,383,False,
2025-11-07,North,Sports,19282.2,379,False,
2025-11-07,North,Groceries,16448.34,367,False,
2025-11-07,East,Home & Kitchen,10297.59,154,False,
2025-11-07,East,Sports,8381.01,122,False,
2025-11-07,East,Electronics,12064.86,259,False,
2025-11-07,South,Electronics,14040.1,350,False,
2025-11-07,West,Apparel,15306.71,370,False,
2025-11-07,East,Apparel,13315.16,306,False,
2025-11-07,West,Electronics,14567.57,285,False,
2025-11-07,East,Groceries,12081.26,230,False,
2025-11-07,West,Sports,36209.21,241,True,sudden_spike
2025-11-08,North,Apparel,22242.24,383,False,
2025-11-08,West,Groceries,22578.38,381,False,
2025-11-08,East,Apparel,15505.38,318,False,
2025-11-08,South,Apparel,11022.83,280,False,
2025-11-08,West,Apparel,17481.62,459,False,
2025-11-08,South,Home & Kitchen,14459.56,285,False,
2025-11-08,West,Electronics,15322.38,270,False,
2025-11-08,North,Home & Kitchen,21879.77,578,False,
2025-11-08,South,Groceries,11349.37,172,False,
2025-11-08,West,Sports,17447.2,303,False,
2025-11-08,North,Sports,19300.19,443,False,
2025-11-08,South,Electronics,16981.78,420,False,
2025-11-08,East,Home & Kitchen,12491.42,250,False,
2025-11-08,East,Sports,8566.85,187,False,
2025-11-08,North,Groceries,17291.28,317,False,
2025-11-08,West,Home & Kitchen,14501.79,215,False,
2025-11-08,South,Sports,8816.41,180,False,
2025-11-08,East,Groceries,15281.76,291,False,
2025-11-08,North,Electronics,16739.92,288,False,
2025-11-08,East,Electronics,14236.39,290,False,
2025-11-09,East,Electronics,13808.67,376,False,
2025-11-09,West,Apparel,19032.99,347,False,
2025-11-09,West,Groceries,22103.11,508,False,
2025-11-09,South,Electronics,14183.2,365,False,
2025-11-09,South,Groceries,12624.82,304,False,
2025-11-09,South,Sports,9703.54,201,False,
2025-11-09,West,Home & Kitchen,16304.91,343,False,
2025-11-09,East,Apparel,15625.19,289,False,
2025-11-09,East,Groceries,16122.48,302,False,
2025-11-09,North,Groceries,19576.36,426,False,
2025-11-09,West,Sports,14252.65,292,False,
2025-11-09,East,Sports,10268.52,193,False,
2025-11-09,East,Home & Kitchen,10488.95,271,False,
2025-11-09,West,Electronics,17015.08,347,False,
2025-11-09,North,Apparel,22220.78,562,False,
2025-11-09,North,Home & Kitchen,25833.16,647,False,
2025-11-09,South,Home & Kitchen,15184.32,419,False,
2025-11-09,South,Apparel,14069.39,243,False,
2025-11-09,North,Electronics,16399.19,386,False,
2025-11-09,North,Sports,19619.58,460,False,
2025-11-10,South,Apparel,10906.41,260,False,
2025-11-10,West,Sports,14807.56,211,False,
2025-11-10,North,Apparel,20113.72,370,False,
2025-11-10,South,Electronics,11843.65,335,False,
2025-11-10,West,Electronics,16528.32,376,False,
2025-11-10,South,Groceries,10060.08,192,False,
2025-11-10,South,Sports,7564.2,122,False,
2025-11-10,West,Groceries,18412.34,357,False,
2025-11-10,East,Groceries,12913.24,260,False,
2025-11-10,East,Electronics,10958.49,243,False,
2025-11-10,West,Apparel,18914.79,325,False,
2025-11-10,North,Groceries,17613.32,322,False,
2025-11-10,East,Sports,7252.82,196,False,
2025-11-10,East,Apparel,11971.99,243,False,
2025-11-10,North,Electronics,14747.32,283,False,
2025-11-10,West,Home & Kitchen,12789.72,272,False,
2025-11-10,North,Sports,15571.54,324,False,
2025-11-10,South,Home & Kitchen,11433.31,255,False,
2025-11-10,North,Home & Kitchen,21986.11,424,False,
2025-11-10,East,Home & Kitchen,10852.31,300,False,
2025-11-11,North,Electronics,15047.9,369,False,
2025-11-11,North,Sports,19034.29,435,False,
2025-11-11,South,Sports,8231.94,186,False,
2025-11-11,North,Apparel,19585.54,338,False,
2025-11-11,South,Groceries,9589.24,222,False,
2025-11-11,West,Groceries,19150.35,294,False,
2025-11-11,West,Electronics,12492.46,240,False,
2025-11-11,East,Apparel,14635.34,310,False,
2025-11-11,North,Home & Kitchen,19389.47,528,False,
2025-11-11,West,Apparel,18081.59,327,False,
2025-11-11,East,Electronics,11901.12,259,False,
2025-11-11,North,Groceries,13890.8,276,False,
2025-11-11,South,Home & Kitchen,12100.93,208,False,
2025-11-11,East,Home & Kitchen,9570.33,210,False,
2025-11-11,West,Home & Kitchen,12277.17,281,False,
2025-11-11,South,Electronics,13528.05,304,False,
2025-11-11,East,Groceries,13030.71,289,False,
2025-11-11,South,Apparel,11877.27,222,False,
2025-11-11,West,Sports,14354.29,283,False,
2025-11-11,East,Sports,8419.22,190,False,
2025-11-12,East,Sports,8114.06,180,False,
2025-11-12,East,Home & Kitchen,9760.24,213,False,
2025-11-12,North,Home & Kitchen,23430.2,420,False,
2025-11-12,North,Electronics,16359.33,285,False,
2025-11-12,West,Sports,15689.45,401,False,
2025-11-12,East,Apparel,12939.65,241,False,
2025-11-12,South,Groceries,9387.31,250,False,
2025-11-12,North,Sports,16411.23,409,False,
2025-11-12,South,Sports,7672.15,150,False,
2025-11-12,West,Groceries,17470.17,322,False,
2025-11-12,West,Home & Kitchen,11837.46,249,False,
2025-11-12,West,Electronics,14565.06,289,False,
2025-11-12,South,Electronics,13020.55,240,False,
2025-11-12,South,Home & Kitchen,10940.28,202,False,
2025-11-12,North,Groceries,14959.73,318,False,
2025-11-12,North,Apparel,17109.67,277,False,
2025-11-12,East,Groceries,13363.28,293,False,
2025-11-12,East,Electronics,11821.13,246,False,
2025-11-12,West,Apparel,17229.16,319,False,
2025-11-12,South,Apparel,11353.06,301,False,
2025-11-13,West,Groceries,15454.13,295,False,
2025-11-13,North,Sports,20277.68,454,False,
2025-11-13,East,Electronics,11607.64,311,False,
2025-11-13,West,Apparel,14345.79,297,False,
2025-11-13,South,Sports,7453.31,155,False,
2025-11-13,West,Electronics,13344.84,272,False,
2025-11-13,East,Apparel,14748.68,293,False,
2025-11-13,East,Sports,8033.46,142,False,
2025-11-13,North,Electronics,15677.39,351,False,
2025-11-13,East,Groceries,13196.34,252,False,
2025-11-13,West,Home & Kitchen,15561.33,321,False,
2025-11-13,West,Sports,12444.61,316,False,
2025-11-13,East,Home & Kitchen,11746.49,217,False,
2025-11-13,North,Groceries,18716.67,387,False,
2025-11-13,South,Electronics,11066.0,195,False,
2025-11-13,North,Apparel,19721.01,440,False,
2025-11-13,South,Groceries,11919.56,287,False,
2025-11-13,South,Home & Kitchen,10818.41,214,False,
2025-11-13,North,Home & Kitchen,22001.12,493,False,
2025-11-13,South,Apparel,11098.43,202,False,
2025-11-14,East,Home & Kitchen,11060.11,232,False,
2025-11-14,West,Groceries,15871.69,232,False,
2025-11-14,South,Groceries,11180.73,307,False,
2025-11-14,North,Sports,18251.64,391,False,
2025-11-14,South,Apparel,11303.27,207,False,
2025-11-14,West,Home & Kitchen,12638.74,270,False,
2025-11-14,South,Sports,8209.71,150,False,
2025-11-14,North,Apparel,18644.93,388,False,
2025-11-14,West,Electronics,13963.32,285,False,
2025-11-14,South,Electronics,12842.96,205,False,
2025-11-14,East,Sports,7880.79,154,False,
2025-11-14,East,Groceries,12604.42,209,False,
2025-11-14,South,Home & Kitchen,10862.9,229,False,
2025-11-14,North,Electronics,16104.99,388,False,
2025-11-14,West,Sports,15510.58,266,False,
2025-11-14,North,Home & Kitchen,19398.12,371,False,
2025-11-14,North,Groceries,16021.34,348,False,
2025-11-14,East,Electronics,12560.01,245,False,
2025-11-14,East,Apparel,11326.79,244,False,
2025-11-14,West,Apparel,17098.59,368,False,
2025-11-15,East,Home & Kitchen,12526.12,264,False,
2025-11-15,North,Groceries,17913.87,351,False,
2025-11-15,South,Electronics,15708.86,303,False,
2025-11-15,West,Apparel,19616.2,353,False,
2025-11-15,East,Sports,10056.27,173,False,
2025-11-15,West,Sports,14984.96,293,False,
2025-11-15,North,Electronics,18455.08,396,False,
2025-11-15,South,Home & Kitchen,12035.76,225,False,
2025-11-15,North,Apparel,22536.57,488,False,
2025-11-15,West,Home & Kitchen,17835.74,309,False,
2025-11-15,North,Sports,22835.79,408,False,
2025-11-15,East,Electronics,13810.7,296,False,
2025-11-15,North,Home & Kitchen,24248.18,500,False,
2025-11-15,South,Groceries,9878.38,193,False,
2025-11-15,West,Electronics,16258.67,397,False,
2025-11-15,West,Groceries,21629.24,441,False,
2025-11-15,South,Apparel,13861.28,234,False,
2025-11-15,South,Sports,9327.16,144,False,
2025-11-15,East,Apparel,15857.6,290,False,
2025-11-15,East,Groceries,16277.1,331,False,
2025-11-16,West,Electronics,17197.37,383,False,
2025-11-16,North,Electronics,17640.21,360,False,
2025-11-16,North,Groceries,19245.28,420,False,
2025-11-16,North,Apparel,24125.11,464,False,
2025-11-16,South,Electronics,17316.29,328,False,
2025-11-16,East,Groceries,15695.21,364,False,
2025-11-16,South,Apparel,12813.31,246,False,
2025-11-16,North,Home & Kitchen,24368.75,413,False,
2025-11-16,South,Groceries,11824.58,228,False,
2025-11-16,West,Sports,17286.74,349,False,
2025-11-16,East,Home & Kitchen,12083.31,248,False,
2025-11-16,East,Sports,9633.19,235,False,
2025-11-16,East,Apparel,12188.55,274,False,
2025-11-16,West,Apparel,18004.71,345,False,
2025-11-16,South,Home & Kitchen,11967.29,245,False,
2025-11-16,West,Home & Kitchen,14941.83,412,False,
2025-11-16,North,Sports,21468.19,374,False,
2025-11-16,West,Groceries,20488.05,336,False,
2025-11-16,East,Electronics,12135.14,252,False,
2025-11-16,South,Sports,8558.47,214,False,
2025-11-17,South,Groceries,10683.74,174,False,
2025-11-17,West,Groceries,16772.7,394,False,
2025-11-17,North,Home & Kitchen,21483.34,381,False,
2025-11-17,North,Groceries,17802.2,317,False,
2025-11-17,North,Sports,16642.29,318,False,
2025-11-17,South,Apparel,11833.02,227,False,
2025-11-17,West,Sports,13617.56,227,False,
2025-11-17,East,Groceries,12432.56,235,False,
2025-11-17,South,Electronics,12365.65,284,False,
2025-11-17,North,Electronics,11482.72,129,False,
2025-11-17,North,Apparel,20873.2,529,False,
2025-11-17,West,Apparel,16509.46,315,False,
2025-11-17,East,Sports,8847.19,230,False,
2025-11-17,South,Home & Kitchen,11694.8,183,False,
2025-11-17,South,Sports,8117.46,172,False,
2025-11-17,East,Electronics,11840.95,235,False,
2025-11-17,East,Apparel,13341.28,192,False,
2025-11-17,West,Electronics,14082.71,247,False,
2025-11-17,West,Home & Kitchen,11927.48,238,False,
2025-11-17,East,Home & Kitchen,10820.45,201,False,
2025-11-18,West,Groceries,17752.57,361,False,
2025-11-18,East,Apparel,12173.47,306,False,
2025-11-18,North,Sports,19956.65,413,False,
2025-11-18,South,Groceries,10114.29,175,False,
2025-11-18,North,Groceries,18245.85,442,False,
2025-11-18,East,Groceries,13194.96,266,False,
2025-11-18,North,Electronics,12937.23,314,False,
2025-11-18,North,Home & Kitchen,21918.68,455,False,
2025-11-18,East,Home & Kitchen,10110.4,179,False,
2025-11-18,South,Electronics,11479.31,267,False,
2025-11-18,West,Electronics,13461.63,246,False,
2025-11-18,West,Sports,14058.42,266,False,
2025-11-18,North,Apparel,18259.73,348,False,
2025-11-18,South,Home & Kitchen,9606.77,182,False,
2025-11-18,West,Home & Kitchen,14406.87,414,False,
2025-11-18,South,Apparel,8340.53,198,False,
2025-11-18,East,Sports,7046.06,167,False,
2025-11-18,East,Electronics,13165.41,251,False,
2025-11-18,South,Sports,7512.98,124,False,
2025-11-18,West,Apparel,17144.63,230,False,
2025-11-19,East,Electronics,13048.13,217,False,
2025-11-19,West,Apparel,15666.45,277,False,
2025-11-19,West,Home & Kitchen,12128.32,235,False,
2025-11-19,East,Home & Kitchen,10317.93,174,False,
2025-11-19,East,Groceries,13471.02,251,False,
2025-11-19,South,Electronics,14913.04,339,False,
2025-11-19,West,Electronics,13369.79,232,False,
2025-11-19,South,Home & Kitchen,11323.2,242,False,
2025-11-19,East,Apparel,12552.73,295,False,
2025-11-19,West,Groceries,17405.48,359,False,
2025-11-19,East,Sports,9124.96,240,False,
2025-11-19,North,Home & Kitchen,19777.34,416,False,
2025-11-19,South,Groceries,11389.12,216,False,
2025-11-19,North,Sports,17367.86,340,False,
2025-11-19,West,Sports,15052.93,259,False,
2025-11-19,South,Sports,8806.06,133,False,
2025-11-19,North,Groceries,16743.86,281,False,
2025-11-19,South,Apparel,11407.86,226,False,
2025-11-19,North,Apparel,20484.54,467,False,
2025-11-19,North,Electronics,13617.09,377,False,
2025-11-20,North,Sports,16419.03,390,False,
2025-11-20,East,Home & Kitchen,9853.08,233,False,
2025-11-20,East,Sports,7028.43,158,False,
2025-11-20,South,Home & Kitchen,9667.28,163,False,
2025-11-20,North,Home & Kitchen,22934.33,447,False,
2025-11-20,South,Apparel,10857.76,179,False,
2025-11-20,West,Electronics,12943.92,313,False,
2025-11-20,North,Electronics,14438.61,275,False,
2025-11-20,North,Apparel,17716.89,381,False,
2025-11-20,South,Groceries,9630.93,177,False,
2025-11-20,South,Electronics,11626.97,211,False,
2025-11-20,West,Apparel,17024.82,383,False,
2025-11-20,West,Sports,12762.17,327,False,
2025-11-20,West,Home & Kitchen,14282.43,232,False,
2025-11-20,East,Electronics,10733.35,197,False,
2025-11-20,West,Groceries,17157.08,355,False,
2025-11-20,South,Sports,8405.49,176,False,
2025-11-20,East,Apparel,12672.15,208,False,
2025-11-20,East,Groceries,13007.4,264,False,
2025-11-20,North,Groceries,15169.47,309,False,
2025-11-21,East,Apparel,14661.8,272,False,
2025-11-21,North,Sports,17575.05,456,False,
2025-11-21,West,Apparel,17354.64,423,False,
2025-11-21,West,Electronics,12861.11,200,False,
2025-11-21,South,Sports,8600.01,186,False,
2025-11-21,West,Home & Kitchen,14431.08,380,False,
2025-11-21,East,Home & Kitchen,11508.15,221,False,
2025-11-21,East,Electronics,13305.53,216,False,
2025-11-21,South,Home & Kitchen,10225.98,198,False,
2025-11-21,East,Sports,9806.4,176,False,
2025-11-21,West,Sports,14645.61,275,False,
2025-11-21,South,Groceries,13048.36,227,False,
2025-11-21,North,Electronics,15517.76,355,False,
2025-11-21,North,Groceries,18568.23,356,False,
2025-11-21,North,Apparel,21280.28,492,False,
2025-11-21,East,Groceries,13855.4,353,False,
2025-11-21,West,Groceries,18374.33,321,False,
2025-11-21,South,Apparel,9897.64,147,False,
2025-11-21,South,Electronics,14066.8,273,False,
2025-11-21,North,Home & Kitchen,24122.48,732,False,
2025-11-22,North,Apparel,23451.52,326,False,
2025-11-22,South,Groceries,12600.36,234,False,
2025-11-22,West,Groceries,18176.62,361,False,
2025-11-22,West,Home & Kitchen,17211.83,382,False,
2025-11-22,North,Electronics,15902.96,300,False,
2025-11-22,South,Sports,9242.78,182,False,
2025-11-22,South,Electronics,13247.06,247,False,
2025-11-22,East,Groceries,17210.09,326,False,
2025-11-22,South,Apparel,14194.62,254,False,
2025-11-22,West,Electronics,15058.31,333,False,
2025-11-22,East,Electronics,14229.32,287,False,
2025-11-22,West,Sports,14571.83,268,False,
2025-11-22,East,Home & Kitchen,11831.43,213,False,
2025-11-22,North,Home & Kitchen,23535.28,495,False,
2025-11-22,East,Sports,9512.92,166,False,
2025-11-22,North,Sports,21757.13,320,False,
2025-11-22,East,Apparel,14125.31,238,False,
2025-11-22,North,Groceries,20198.88,310,False,
2025-11-22,South,Home & Kitchen,13630.84,265,False,
2025-11-22,West,Apparel,20893.92,388,False,
2025-11-23,West,Groceries,18473.86,411,False,
2025-11-23,East,Sports,9727.03,149,False,
2025-11-23,North,Electronics,15408.88,312,False,
2025-11-23,South,Home & Kitchen,10677.14,197,False,
2025-11-23,West,Apparel,18542.32,301,False,
2025-11-23,North,Sports,20937.15,313,False,
2025-11-23,West,Home & Kitchen,14440.85,322,False,
2025-11-23,South,Groceries,13528.06,254,False,
2025-11-23,South,Sports,10136.06,266,False,
2025-11-23,East,Electronics,15077.06,275,False,
2025-11-23,East,Home & Kitchen,12777.6,217,False,
2025-11-23,South,Electronics,14381.59,241,False,
2025-11-23,North,Home & Kitchen,24697.12,434,False,
2025-11-23,East,Groceries,15253.48,388,False,
2025-11-23,North,Apparel,21335.84,336,False,
2025-11-23,West,Electronics,14550.96,264,False,
2025-11-23,East,Apparel,16024.92,371,False,
2025-11-23,West,Sports,17535.32,371,False,
2025-11-23,North,Groceries,20571.1,383,False,
2025-11-23,South,Apparel,12151.24,266,False,
2025-11-24,East,Groceries,14572.9,314,False,
2025-11-24,South,Electronics,12290.25,255,False,
2025-11-24,East,Sports,7824.99,190,False,
2025-11-24,South,Groceries,10626.99,211,False,
2025-11-24,North,Apparel,22189.0,532,False,
2025-11-24,West,Groceries,16536.42,291,False,
2025-11-24,East,Electronics,12357.13,224,False,
2025-11-24,North,Electronics,16161.0,368,False,
2025-11-24,North,Home & Kitchen,23829.87,572,False,
2025-11-24,South,Sports,8831.19,149,False,
2025-11-24,West,Sports,15891.79,302,False,
2025-11-24,South,Home & Kitchen,11391.77,233,False,
2025-11-24,East,Home & Kitchen,11555.38,246,False,
2025-11-24,North,Sports,16917.43,346,False,
2025-11-24,West,Apparel,15392.11,274,False,
2025-11-24,West,Home & Kitchen,12734.91,285,False,
2025-11-24,West,Electronics,12173.18,291,False,
2025-11-24,South,Apparel,9108.36,191,False,
2025-11-24,North,Groceries,16347.7,400,False,
2025-11-24,East,Apparel,10649.78,203,False,
2025-11-25,East,Apparel,12377.85,219,False,
2025-11-25,North,Electronics,14927.31,331,False,
2025-11-25,West,Sports,12353.3,310,False,
2025-11-25,North,Groceries,16917.16,363,False,
2025-11-25,East,Groceries,13648.28,270,False,
2025-11-25,West,Apparel,14686.34,346,False,
2025-11-25,South,Electronics,13044.29,212,False,
2025-11-25,South,Sports,8483.95,134,False,
2025-11-25,West,Home & Kitchen,13018.9,224,False,
2025-11-25,East,Home & Kitchen,11360.53,237,False,
2025-11-25,West,Electronics,13525.86,260,False,
2025-11-25,North,Home & Kitchen,19356.02,435,False,
2025-11-25,North,Sports,20187.08,337,False,
2025-11-25,West,Groceries,15120.84,252,False,
2025-11-25,South,Groceries,9162.63,151,False,
2025-11-25,East,Electronics,12318.87,317,False,
2025-11-25,South,Home & Kitchen,11167.78,276,False,
2025-11-25,East,Sports,8999.69,217,False,
2025-11-25,North,Apparel,19028.58,478,False,
2025-11-25,South,Apparel,11232.57,206,False,
2025-11-26,West,Electronics,13882.66,193,False,
2025-11-26,West,Apparel,15420.12,323,False,
2025-11-26,West,Sports,14181.47,305,False,
2025-11-26,East,Electronics,11972.3,264,False,
2025-11-26,North,Groceries,14749.14,255,False,
2025-11-26,East,Home & Kitchen,11374.05,166,False,
2025-11-26,North,Sports,18622.1,382,False,
2025-11-26,East,Apparel,13581.2,303,False,
2025-11-26,East,Groceries,13478.05,307,False,
2025-11-26,East,Sports,8175.27,193,False,
2025-11-26,North,Apparel,19469.49,325,False,
2025-11-26,North,Electronics,13857.56,282,False,
2025-11-26,West,Groceries,16274.49,373,False,
2025-11-26,North,Home & Kitchen,19867.49,516,False,
2025-11-26,South,Apparel,10327.16,205,False,
2025-11-26,South,Groceries,10360.93,248,False,
2025-11-26,West,Home & Kitchen,12690.41,274,False,
2025-11-26,South,Electronics,11316.57,247,False,
2025-11-26,South,Sports,7483.05,125,False,
2025-11-26,South,Home & Kitchen,11466.73,233,False,
2025-11-27,East,Electronics,12415.27,224,False,
2025-11-27,East,Groceries,13761.87,249,False,
2025-11-27,North,Apparel,18994.49,361,False,
2025-11-27,South,Electronics,12832.71,256,False,
2025-11-27,South,Groceries,11507.32,349,False,
2025-11-27,North,Groceries,16072.44,334,False,
2025-11-27,South,Home & Kitchen,12085.85,206,False,
2025-11-27,West,Apparel,17525.56,315,False,
2025-11-27,West,Electronics,12810.4,253,False,
2025-11-27,East,Apparel,13159.17,313,False,
2025-11-27,East,Home & Kitchen,9826.03,167,False,
2025-11-27,North,Sports,18448.28,491,False,
2025-11-27,South,Apparel,11896.16,237,False,
2025-11-27,South,Sports,7572.18,169,False,
2025-11-27,West,Home & Kitchen,12076.11,225,False,
2025-11-27,North,Home & Kitchen,20452.97,452,False,
2025-11-27,West,Groceries,16510.36,289,False,
2025-11-27,North,Electronics,14572.1,292,False,
2025-11-27,East,Sports,6863.73,110,False,
2025-11-27,West,Sports,12967.04,236,False,
2025-11-28,East,Sports,7964.86,162,False,
2025-11-28,North,Home & Kitchen,20816.82,371,False,
2025-11-28,West,Sports,13073.13,257,False,
2025-11-28,North,Apparel,19129.27,443,False,
2025-11-28,South,Groceries,10126.45,181,False,
2025-11-28,East,Electronics,11813.34,262,False,
2025-11-28,North,Sports,19463.45,497,False,
2025-11-28,South,Home & Kitchen,12396.13,244,False,
2025-11-28,South,Apparel,11184.43,216,False,
2025-11-28,West,Electronics,13457.3,332,False,
2025-11-28,South,Electronics,12949.32,159,False,
2025-11-28,North,Groceries,15305.93,360,False,
2025-11-28,North,Electronics,15635.04,341,False,
2025-11-28,East,Groceries,11587.61,306,False,
2025-11-28,West,Groceries,15337.98,278,False,
2025-11-28,East,Apparel,13863.97,281,False,
2025-11-28,East,Home & Kitchen,9478.67,226,False,
2025-11-28,West,Apparel,15991.37,356,False,
2025-11-28,West,Home & Kitchen,12137.61,243,False,
2025-11-28,South,Sports,7292.44,116,False,
2025-11-29,South,Apparel,13511.39,280,False,
2025-11-29,East,Groceries,13792.81,260,False,
2025-11-29,East,Sports,9054.34,204,False,
2025-11-29,North,Groceries,17897.57,252,False,
2025-11-29,North,Electronics,18366.38,343,False,
2025-11-29,West,Sports,15080.66,328,False,
2025-11-29,South,Sports,9339.15,172,False,
2025-11-29,North,Sports,22047.47,597,False,
2025-11-29,West,Apparel,19831.25,393,False,
2025-11-29,East,Home & Kitchen,11649.19,206,False,
2025-11-29,North,Apparel,20166.35,426,False,
2025-11-29,East,Electronics,14993.5,233,False,
2025-11-29,South,Electronics,15186.6,386,False,
2025-11-29,South,Groceries,13162.02,307,False,
2025-11-29,East,Apparel,15318.28,283,False,
2025-11-29,South,Home & Kitchen,11651.22,178,False,
2025-11-29,West,Groceries,19764.83,457,False,
2025-11-29,West,Home & Kitchen,14648.18,352,False,
2025-11-29,West,Electronics,16369.71,208,False,
2025-11-29,North,Home & Kitchen,25351.45,564,False,
2025-11-30,East,Home & Kitchen,12819.87,226,False,
2025-11-30,East,Groceries,14764.47,252,False,
2025-11-30,North,Sports,20897.69,493,False,
2025-11-30,South,Home & Kitchen,15340.37,260,False,
2025-11-30,North,Groceries,17375.95,310,False,
2025-11-30,South,Groceries,11712.41,248,False,
2025-11-30,West,Groceries,20057.67,404,False,
2025-11-30,North,Home & Kitchen,22374.52,348,False,
2025-11-30,West,Electronics,19818.55,393,False,
2025-11-30,West,Sports,14436.02,328,False,
2025-11-30,East,Apparel,14193.65,226,False,
2025-11-30,North,Electronics,15404.14,258,False,
2025-11-30,South,Electronics,16102.2,322,False,
2025-11-30,South,Apparel,11184.48,244,False,
2025-11-30,West,Apparel,18549.77,366,False,
2025-11-30,South,Sports,9722.04,164,False,
2025-11-30,East,Electronics,12425.98,308,False,
2025-11-30,West,Home & Kitchen,16752.11,339,False,
2025-11-30,North,Apparel,18610.63,416,False,
2025-11-30,East,Sports,8751.03,153,False,
2025-12-01,South,Groceries,10613.68,237,False,
2025-12-01,East,Home & Kitchen,11034.63,177,False,
2025-12-01,West,Electronics,12973.2,249,False,
2025-12-01,South,Home & Kitchen,11020.79,223,False,
2025-12-01,North,Groceries,17579.82,377,False,
2025-12-01,West,Sports,16393.6,245,False,
2025-12-01,East,Apparel,15048.76,265,False,
2025-12-01,North,Electronics,14514.05,361,False,
2025-12-01,East,Electronics,12003.74,246,False,
2025-12-01,West,Groceries,16533.69,408,False,
2025-12-01,North,Sports,15018.96,266,False,
2025-12-01,East,Sports,8181.63,148,False,
2025-12-01,East,Groceries,14024.4,369,False,
2025-12-01,West,Home & Kitchen,15941.94,301,False,
2025-12-01,North,Home & Kitchen,18942.1,396,False,
2025-12-01,West,Apparel,18156.24,261,False,
2025-12-01,North,Apparel,20171.13,465,False,
2025-12-01,South,Apparel,11441.44,195,False,
2025-12-01,South,Electronics,12731.86,310,False,
2025-12-01,South,Sports,8445.88,234,False,
2025-12-02,North,Apparel,21175.39,358,False,
2025-12-02,West,Electronics,13872.24,279,False,
2025-12-02,South,Sports,7570.78,141,False,
2025-12-02,North,Sports,16218.33,385,False,
2025-12-02,South,Electronics,12799.74,312,False,
2025-12-02,West,Sports,11991.36,263,False,
2025-12-02,North,Electronics,17272.34,311,False,
2025-12-02,South,Groceries,10949.41,183,False,
2025-12-02,East,Home & Kitchen,9032.13,171,False,
2025-12-02,East,Electronics,14305.78,321,False,
2025-12-02,South,Home & Kitchen,11242.12,206,False,
2025-12-02,East,Sports,8509.43,163,False,
2025-12-02,East,Groceries,12141.93,267,False,
2025-12-02,West,Groceries,15001.7,348,False,
2025-12-02,North,Home & Kitchen,22578.09,422,False,
2025-12-02,South,Apparel,12383.77,283,False,
2025-12-02,North,Groceries,16521.44,264,False,
2025-12-02,West,Home & Kitchen,14041.79,261,False,
2025-12-02,East,Apparel,12279.81,291,False,
2025-12-02,West,Apparel,15496.24,215,False,
2025-12-03,West,Home & Kitchen,14187.09,294,False,
2025-12-03,East,Groceries,14998.1,305,False,
2025-12-03,South,Electronics,13230.98,268,False,
2025-12-03,East,Electronics,12429.29,239,False,
2025-12-03,West,Apparel,17984.15,323,False,
2025-12-03,North,Apparel,18850.25,426,False,
2025-12-03,West,Groceries,17475.75,350,False,
2025-12-03,North,Sports,17884.65,416,False,
2025-12-03,East,Sports,7954.22,227,False,
2025-12-03,North,Home & Kitchen,17999.4,358,False,
2025-12-03,South,Groceries,10365.66,252,False,
2025-12-03,South,Sports,7709.67,174,False,
2025-12-03,East,Home & Kitchen,10301.89,190,False,
2025-12-03,South,Home & Kitchen,11384.37,236,False,
2025-12-03,West,Sports,15134.03,265,False,
2025-12-03,North,Groceries,17273.33,317,False,
2025-12-03,South,Apparel,11596.8,198,False,
2025-12-03,North,Electronics,15537.54,289,False,
2025-12-03,West,Electronics,14220.02,268,False,
2025-12-03,East,Apparel,12770.11,244,False,
2025-12-04,North,Sports,19358.3,316,False,
2025-12-04,West,Electronics,14104.27,240,False,
2025-12-04,East,Sports,8037.28,201,False,
2025-12-04,East,Home & Kitchen,11164.95,224,False,
2025-12-04,East,Electronics,14271.52,297,False,
2025-12-04,South,Apparel,10496.56,276,False,
2025-12-04,West,Groceries,16602.88,279,False,
2025-12-04,West,Home & Kitchen,12144.26,210,False,
2025-12-04,North,Apparel,19898.29,354,False,
2025-12-04,South,Home & Kitchen,11202.65,168,False,
2025-12-04,East,Apparel,12365.79,215,False,
2025-12-04,North,Electronics,15276.28,313,False,
2025-12-04,North,Home & Kitchen,22012.83,486,False,
2025-12-04,North,Groceries,15126.15,369,False,
2025-12-04,South,Electronics,13839.22,330,False,
2025-12-04,South,Groceries,9603.14,221,False,
2025-12-04,West,Sports,12567.55,246,False,
2025-12-04,West,Apparel,17958.64,321,False,
2025-12-04,South,Sports,8035.37,182,False,
2025-12-04,East,Groceries,12296.19,276,False,
2025-12-05,North,Groceries,15928.85,327,False,
2025-12-05,East,Home & Kitchen,11363.13,211,False,
2025-12-05,East,Groceries,14259.04,258,False,
2025-12-05,North,Sports,17937.09,307,False,
2025-12-05,South,Apparel,11453.98,313,False,
2025-12-05,East,Electronics,13302.22,260,False,
2025-12-05,North,Electronics,14242.68,314,False,
2025-12-05,West,Sports,12536.86,270,False,
2025-12-05,West,Groceries,19539.77,384,False,
2025-12-05,South,Sports,8094.11,176,False,
2025-12-05,West,Apparel,16783.69,413,False,
2025-12-05,West,Home & Kitchen,13000.35,246,False,
2025-12-05,North,Apparel,20885.47,407,False,
2025-12-05,East,Sports,7953.18,190,False,
2025-12-05,South,Groceries,11376.93,251,False,
2025-12-05,East,Apparel,13711.5,205,False,
2025-12-05,South,Electronics,13203.61,240,False,
2025-12-05,South,Home & Kitchen,12077.21,254,False,
2025-12-05,North,Home & Kitchen,18457.7,422,False,
2025-12-05,West,Electronics,12909.64,265,False,
2025-12-06,North,Groceries,19187.79,366,False,
2025-12-06,West,Home & Kitchen,14910.44,300,False,
2025-12-06,East,Home & Kitchen,12424.05,295,False,
2025-12-06,South,Groceries,12716.98,359,False,
2025-12-06,South,Apparel,13079.89,302,False,
2025-12-06,South,Home & Kitchen,12897.19,315,False,
2025-12-06,East,Electronics,13765.1,297,False,
2025-12-06,West,Sports,15758.37,310,False,
2025-12-06,West,Electronics,15362.99,320,False,
2025-12-06,South,Sports,9401.27,203,False,
2025-12-06,North,Electronics,17406.1,443,False,
2025-12-06,South,Electronics,15029.99,413,False,
2025-12-06,East,Sports,9269.0,237,False,
2025-12-06,West,Groceries,19964.96,330,False,
2025-12-06,North,Apparel,24123.31,337,False,
2025-12-06,North,Sports,20550.09,348,False,
2025-12-06,North,Home & Kitchen,25459.74,552,False,
2025-12-06,West,Apparel,20703.33,510,False,
2025-12-06,East,Apparel,16495.02,358,False,
2025-12-06,East,Groceries,15315.86,272,False,
2025-12-07,North,Home & Kitchen,22742.22,396,False,
2025-12-07,West,Home & Kitchen,14783.58,270,False,
2025-12-07,West,Apparel,19279.0,385,False,
2025-12-07,South,Apparel,11759.66,262,False,
2025-12-07,West,Groceries,20353.73,411,False,
2025-12-07,East,Sports,9789.75,181,False,
2025-12-07,West,Sports,16067.43,441,False,
2025-12-07,North,Electronics,16887.9,329,False,
2025-12-07,East,Groceries,16275.21,294,False,
2025-12-07,East,Apparel,16002.48,305,False,
2025-12-07,North,Groceries,18033.22,434,False,
2025-12-07,East,Electronics,15307.63,302,False,
2025-12-07,South,Home & Kitchen,14665.64,372,False,
2025-12-07,North,Apparel,25348.64,379,False,
2025-12-07,North,Sports,19825.83,490,False,
2025-12-07,South,Sports,9869.74,201,False,
2025-12-07,East,Home & Kitchen,11492.04,321,False,
2025-12-07,South,Electronics,14987.24,356,False,
2025-12-07,South,Groceries,11464.73,249,False,
2025-12-07,West,Electronics,13550.19,335,False,
2025-12-08,East,Home & Kitchen,11037.84,219,False,
2025-12-08,South,Groceries,10217.11,183,False,
2025-12-08,South,Electronics,13882.37,296,False,
2025-12-08,East,Apparel,13722.74,262,False,
2025-12-08,North,Groceries,15699.46,402,False,
2025-12-08,North,Apparel,18507.82,442,False,
2025-12-08,West,Home & Kitchen,13518.77,270,False,
2025-12-08,North,Home & Kitchen,18610.96,428,False,
2025-12-08,East,Electronics,12336.2,242,False,
2025-12-08,West,Electronics,13852.82,247,False,
2025-12-08,North,Electronics,13649.89,294,False,
2025-12-08,North,Sports,17503.27,394,False,
2025-12-08,South,Sports,9879.52,208,False,
2025-12-08,South,Apparel,10574.71,262,False,
2025-12-08,West,Sports,13507.92,216,False,
2025-12-08,West,Apparel,15110.32,319,False,
2025-12-08,East,Sports,8387.77,192,False,
2025-12-08,South,Home & Kitchen,10800.0,258,False,
2025-12-08,East,Groceries,13755.13,246,False,
2025-12-08,West,Groceries,19056.04,284,False,
2025-12-09,South,Electronics,13399.33,312,False,
2025-12-09,East,Sports,7520.18,142,False,
2025-12-09,North,Sports,17186.19,300,False,
2025-12-09,East,Apparel,13587.79,270,False,
2025-12-09,East,Electronics,12147.42,269,False,
2025-12-09,West,Apparel,15311.65,373,False,
2025-12-09,North,Home & Kitchen,19025.39,491,False,
2025-12-09,East,Home & Kitchen,8819.23,165,False,
2025-12-09,West,Groceries,17886.28,319,False,
2025-12-09,South,Groceries,11732.21,309,False,
2025-12-09,East,Groceries,12480.62,217,False,
2025-12-09,North,Electronics,13146.71,262,False,
2025-12-09,North,Groceries,12906.69,211,False,
2025-12-09,North,Apparel,18833.33,323,False,
2025-12-09,South,Sports,7811.96,146,False,
2025-12-09,West,Sports,13814.74,336,False,
2025-12-09,South,Apparel,11366.32,255,False,
2025-12-09,West,Home & Kitchen,14091.06,237,False,
2025-12-09,West,Electronics,13661.92,280,False,
2025-12-09,South,Home & Kitchen,12003.01,200,False,
2025-12-10,South,Home & Kitchen,12208.2,221,False,
2025-12-10,South,Apparel,11524.58,294,False,
2025-12-10,South,Groceries,9969.41,204,False,
2025-12-10,West,Groceries,16606.61,404,False,
2025-12-10,North,Electronics,15223.36,323,False,
2025-12-10,East,Home & Kitchen,10277.74,159,False,
2025-12-10,West,Apparel,16749.44,349,False,
2025-12-10,North,Groceries,15672.4,267,False,
2025-12-10,East,Groceries,12918.82,265,False,
2025-12-10,East,Sports,8025.88,150,False,
2025-12-10,North,Sports,20549.37,459,False,
2025-12-10,North,Home & Kitchen,18830.39,392,False,
2025-12-10,West,Electronics,13133.1,308,False,
2025-12-10,North,Apparel,18392.36,419,False,
2025-12-10,West,Home & Kitchen,14175.35,298,False,
2025-12-10,East,Electronics,10488.91,192,False,
2025-12-10,East,Apparel,14307.57,289,False,
2025-12-10,South,Electronics,13193.79,218,False,
2025-12-10,West,Sports,14603.84,255,False,
2025-12-10,South,Sports,8163.6,194,False,
2025-12-11,West,Groceries,19085.59,445,False,
2025-12-11,West,Sports,14119.66,268,False,
2025-12-11,South,Sports,8429.28,166,False,
2025-12-11,East,Apparel,15377.55,346,False,
2025-12-11,West,Apparel,15821.94,322,False,
2025-12-11,West,Electronics,14275.14,283,False,
2025-12-11,South,Home & Kitchen,9735.03,196,False,
2025-12-11,North,Home & Kitchen,20325.43,402,False,
2025-12-11,South,Groceries,10726.19,227,False,
2025-12-11,North,Sports,17899.32,415,False,
2025-12-11,East,Home & Kitchen,10500.69,153,False,
2025-12-11,East,Electronics,10692.71,178,False,
2025-12-11,East,Sports,8905.31,148,False,
2025-12-11,North,Apparel,20436.4,425,False,
2025-12-11,West,Home & Kitchen,12962.9,255,False,
2025-12-11,South,Electronics,14009.68,349,False,
2025-12-11,North,Groceries,15329.8,289,False,
2025-12-11,North,Electronics,15919.0,306,False,
2025-12-11,East,Groceries,14549.19,280,False,
2025-12-11,South,Apparel,11230.22,245,False,
2025-12-12,South,Electronics,12782.16,312,False,
2025-12-12,North,Groceries,15645.96,302,False,
2025-12-12,North,Electronics,15671.57,243,False,
2025-12-12,West,Apparel,15634.95,257,False,
2025-12-12,West,Sports,14122.19,249,False,
2025-12-12,West,Electronics,15503.87,279,False,
2025-12-12,South,Home & Kitchen,11295.8,207,False,
2025-12-12,North,Home & Kitchen,20523.42,460,False,
2025-12-12,East,Groceries,13421.35,285,False,
2025-12-12,North,Sports,19294.45,355,False,
2025-12-12,East,Electronics,11918.3,280,False,
2025-12-12,East,Home & Kitchen,8974.19,234,False,
2025-12-12,East,Apparel,13926.94,292,False,
2025-12-12,West,Groceries,18940.75,351,False,
2025-12-12,South,Sports,8043.05,135,False,
2025-12-12,West,Home & Kitchen,13286.7,229,False,
2025-12-12,East,Sports,8495.01,167,False,
2025-12-12,South,Apparel,11260.99,232,False,
2025-12-12,South,Groceries,13113.43,285,False,
2025-12-12,North,Apparel,20434.88,423,False,
2025-12-13,South,Home & Kitchen,12851.42,255,False,
2025-12-13,West,Home & Kitchen,15464.2,295,False,
2025-12-13,North,Groceries,20573.63,390,False,
2025-12-13,West,Sports,16460.22,291,False,
2025-12-13,West,Apparel,20510.2,272,False,
2025-12-13,East,Apparel,16450.52,279,False,
2025-12-13,West,Electronics,16685.26,286,False,
2025-12-13,East,Home & Kitchen,11435.66,232,False,
2025-12-13,North,Electronics,16949.23,325,False,
2025-12-13,South,Apparel,12300.65,242,False,
2025-12-13,South,Groceries,13259.49,352,False,
2025-12-13,North,Apparel,22819.78,424,False,
2025-12-13,East,Groceries,14178.37,341,False,
2025-12-13,South,Sports,10751.63,187,False,
2025-12-13,North,Sports,20296.41,408,False,
2025-12-13,West,Groceries,19264.56,353,False,
2025-12-13,South,Electronics,13551.9,246,False,
2025-12-13,North,Home & Kitchen,23541.86,597,False,
2025-12-13,East,Electronics,13640.84,227,False,
2025-12-13,East,Sports,11197.45,261,False,
2025-12-14,South,Electronics,18167.24,360,False,
2025-12-14,East,Sports,9916.37,224,False,
2025-12-14,North,Groceries,18278.93,381,False,
2025-12-14,South,Apparel,12171.54,205,False,
2025-12-14,East,Apparel,17449.26,401,False,
2025-12-14,West,Electronics,15151.41,345,False,
2025-12-14,East,Home & Kitchen,12438.1,308,False,
2025-12-14,East,Groceries,17863.86,294,False,
2025-12-14,North,Sports,19615.54,401,False,
2025-12-14,South,Home & Kitchen,13171.56,262,False,
2025-12-14,West,Groceries,21682.29,468,False,
2025-12-14,North,Home & Kitchen,26194.72,600,False,
2025-12-14,South,Groceries,11128.16,170,False,
2025-12-14,North,Apparel,23640.85,434,False,
2025-12-14,East,Electronics,14123.39,244,False,
2025-12-14,West,Home & Kitchen,15339.57,411,False,
2025-12-14,West,Sports,14388.96,324,False,
2025-12-14,South,Sports,8869.22,163,False,
2025-12-14,North,Electronics,17459.79,420,False,
2025-12-14,West,Apparel,20014.41,473,False,
2025-12-15,West,Home & Kitchen,14014.25,271,False,
2025-12-15,East,Groceries,14221.65,324,False,
2025-12-15,East,Home & Kitchen,10446.21,229,False,
2025-12-15,South,Groceries,11482.92,185,False,
2025-12-15,North,Electronics,15441.54,301,False,
2025-12-15,North,Apparel,19798.77,403,False,
2025-12-15,East,Sports,7551.12,201,False,
2025-12-15,West,Groceries,16629.92,295,False,
2025-12-15,South,Apparel,10693.32,175,False,
2025-12-15,North,Sports,20229.93,419,False,
2025-12-15,South,Sports,6807.94,120,False,
2025-12-15,East,Electronics,12539.15,234,False,
2025-12-15,West,Sports,13903.19,313,False,
2025-12-15,South,Electronics,13350.01,296,False,
2025-12-15,North,Groceries,15997.19,390,False,
2025-12-15,North,Home & Kitchen,20964.2,388,False,
2025-12-15,West,Apparel,17429.68,270,False,
2025-12-15,East,Apparel,14328.32,319,False,
2025-12-15,West,Electronics,13701.95,185,False,
2025-12-15,South,Home & Kitchen,11558.63,170,False,
2025-12-16,North,Groceries,15310.17,262,False,
2025-12-16,North,Electronics,14560.01,278,False,
2025-12-16,West,Apparel,15834.9,338,False,
2025-12-16,East,Groceries,13312.0,242,False,
2025-12-16,South,Sports,8990.2,203,False,
2025-12-16,West,Home & Kitchen,14453.07,294,False,
2025-12-16,East,Apparel,14407.74,224,False,
2025-12-16,West,Electronics,15439.84,308,False,
2025-12-16,East,Electronics,14660.69,305,False,
2025-12-16,East,Home & Kitchen,12065.31,260,False,
2025-12-16,North,Sports,17654.26,391,False,
2025-12-16,South,Apparel,11373.97,283,False,
2025-12-16,West,Groceries,17325.37,327,False,
2025-12-16,South,Electronics,11273.34,239,False,
2025-12-16,East,Sports,9109.52,186,False,
2025-12-16,South,Groceries,10712.5,228,False,
2025-12-16,North,Apparel,23178.93,470,False,
2025-12-16,West,Sports,14439.51,340,False,
2025-12-16,North,Home & Kitchen,22792.41,420,False,
2025-12-16,South,Home & Kitchen,12018.04,234,False,
2025-12-17,South,Groceries,12022.96,246,False,
2025-12-17,South,Electronics,10894.35,256,False,
2025-12-17,East,Apparel,14727.92,272,False,
2025-12-17,South,Home & Kitchen,11710.63,258,False,
2025-12-17,South,Apparel,8824.8,162,False,
2025-12-17,East,Home & Kitchen,10819.93,206,False,
2025-12-17,South,Sports,8149.34,192,False,
2025-12-17,East,Electronics,12013.05,263,False,
2025-12-17,West,Sports,14734.15,398,False,
2025-12-17,East,Groceries,10868.57,264,False,
2025-12-17,East,Sports,9077.89,158,False,
2025-12-17,North,Sports,20359.52,349,False,
2025-12-17,North,Apparel,21395.06,584,False,
2025-12-17,West,Home & Kitchen,15238.35,320,False,
2025-12-17,North,Groceries,16257.01,454,False,
2025-12-17,North,Home & Kitchen,23125.59,510,False,
2025-12-17,West,Apparel,18721.22,342,False,
2025-12-17,North,Electronics,14530.38,264,False,
2025-12-17,West,Electronics,13121.29,336,False,
2025-12-17,West,Groceries,16838.32,296,False,
2025-12-18,West,Electronics,12799.27,274,False,
2025-12-18,East,Apparel,14240.88,347,False,
2025-12-18,West,Groceries,17475.18,345,False,
2025-12-18,South,Home & Kitchen,12000.9,206,False,
2025-12-18,North,Groceries,16701.64,314,False,
2025-12-18,West,Apparel,15798.69,350,False,
2025-12-18,East,Electronics,12967.74,244,False,
2025-12-18,North,Home & Kitchen,23505.37,355,False,
2025-12-18,South,Apparel,11551.06,251,False,
2025-12-18,West,Sports,13924.6,226,False,
2025-12-18,North,Apparel,19122.98,296,False,
2025-12-18,South,Electronics,12881.28,269,False,
2025-12-18,East,Sports,9626.17,168,False,
2025-12-18,North,Electronics,14053.78,295,False,
2025-12-18,North,Sports,16855.31,392,False,
2025-12-18,East,Groceries,14714.48,372,False,
2025-12-18,South,Groceries,9670.27,157,False,
2025-12-18,East,Home & Kitchen,9312.0,162,False,
2025-12-18,West,Home & Kitchen,13667.96,269,False,
2025-12-18,South,Sports,7906.79,131,False,
2025-12-19,North,Electronics,15347.15,300,False,
2025-12-19,West,Home & Kitchen,14378.4,284,False,
2025-12-19,South,Groceries,12221.54,275,False,
2025-12-19,South,Home & Kitchen,11232.01,266,False,
2025-12-19,East,Electronics,11769.26,207,False,
2025-12-19,North,Apparel,19173.61,411,False,
2025-12-19,West,Groceries,16755.26,318,False,
2025-12-19,North,Home & Kitchen,17992.8,417,False,
2025-12-19,West,Apparel,16627.73,363,False,
2025-12-19,South,Sports,7463.53,175,False,
2025-12-19,East,Sports,8369.82,147,False,
2025-12-19,South,Electronics,14921.65,263,False,
2025-12-19,West,Electronics,13201.2,242,False,
2025-12-19,East,Apparel,14277.87,307,False,
2025-12-19,North,Sports,18692.2,450,False,
2025-12-19,North,Groceries,16320.92,304,False,
2025-12-19,East,Groceries,11014.06,213,False,
2025-12-19,West,Sports,12708.21,239,False,
2025-12-19,South,Apparel,11060.93,313,False,
2025-12-19,East,Home & Kitchen,9538.03,181,False,
2025-12-20,North,Electronics,16761.16,259,False,
2025-12-20,North,Sports,22733.07,542,False,
2025-12-20,West,Apparel,15992.21,293,False,
2025-12-20,South,Sports,10741.78,274,False,
2025-12-20,East,Groceries,17470.56,313,False,
2025-12-20,West,Home & Kitchen,15787.26,304,False,
2025-12-20,South,Electronics,15004.6,291,False,
2025-12-20,South,Groceries,13364.44,276,False,
2025-12-20,East,Home & Kitchen,11636.29,252,False,
2025-12-20,West,Sports,15997.49,384,False,
2025-12-20,East,Sports,9674.74,138,False,
2025-12-20,West,Electronics,14280.93,342,False,
2025-12-20,East,Apparel,15341.18,305,False,
2025-12-20,North,Groceries,19089.3,474,False,
2025-12-20,West,Groceries,16668.23,294,False,
2025-12-20,North,Apparel,23277.52,446,False,
2025-12-20,South,Apparel,12810.68,235,False,
2025-12-20,South,Home & Kitchen,13214.41,247,False,
2025-12-20,North,Home & Kitchen,22507.06,529,False,
2025-12-20,East,Electronics,13626.11,255,False,
2025-12-21,South,Electronics,14165.28,243,False,
2025-12-21,South,Home & Kitchen,14772.53,248,False,
2025-12-21,South,Apparel,13521.76,359,False,
2025-12-21,South,Groceries,13439.89,241,False,
2025-12-21,North,Sports,20269.24,374,False,
2025-12-21,North,Electronics,18135.86,323,False,
2025-12-21,North,Groceries,19648.11,407,False,
2025-12-21,North,Apparel,22105.07,543,False,
2025-12-21,North,Home & Kitchen,21471.38,610,False,
2025-12-21,South,Sports,9688.92,167,False,
2025-12-21,West,Apparel,19094.57,444,False,
2025-12-21,East,Groceries,13852.89,346,False,
2025-12-21,West,Sports,14990.71,362,False,
2025-12-21,West,Home & Kitchen,15390.1,240,False,
2025-12-21,West,Electronics,16764.46,312,False,
2025-12-21,West,Groceries,19376.32,240,False,
2025-12-21,East,Electronics,15924.06,307,False,
2025-12-21,East,Sports,9607.14,166,False,
2025-12-21,East,Home & Kitchen,10722.81,251,False,
2025-12-21,East,Apparel,14815.77,404,False,
2025-12-22,South,Home & Kitchen,11286.43,240,False,
2025-12-22,North,Apparel,18618.5,409,False,
2025-12-22,North,Electronics,15377.72,267,False,
2025-12-22,South,Electronics,11981.28,210,False,
2025-12-22,East,Apparel,13756.31,362,False,
2025-12-22,West,Apparel,17171.63,367,False,
2025-12-22,West,Electronics,11623.38,282,False,
2025-12-22,West,Sports,13407.42,281,False,
2025-12-22,East,Electronics,14170.69,354,False,
2025-12-22,West,Groceries,19915.64,382,False,
2025-12-22,North,Home & Kitchen,19317.58,313,False,
2025-12-22,East,Groceries,15143.84,333,False,
2025-12-22,South,Apparel,10758.42,180,False,
2025-12-22,South,Sports,8951.63,179,False,
2025-12-22,South,Groceries,10492.34,230,False,
2025-12-22,East,Sports,8072.1,132,False,
2025-12-22,East,Home & Kitchen,10551.73,235,False,
2025-12-22,North,Sports,18092.23,439,False,
2025-12-22,North,Groceries,20235.6,394,False,
2025-12-22,West,Home & Kitchen,12196.61,261,False,
2025-12-23,West,Groceries,17055.54,373,False,
2025-12-23,North,Groceries,14350.99,304,False,
2025-12-23,South,Apparel,10113.4,159,False,
2025-12-23,West,Home & Kitchen,13426.95,307,False,
2025-12-23,East,Apparel,13755.31,264,False,
2025-12-23,West,Sports,13898.13,274,False,
2025-12-23,East,Home & Kitchen,11359.43,204,False,
2025-12-23,South,Home & Kitchen,11173.71,219,False,
2025-12-23,North,Apparel,21245.54,520,False,
2025-12-23,South,Electronics,11064.01,266,False,
2025-12-23,East,Electronics,12310.13,235,False,
2025-12-23,North,Sports,15798.75,351,False,
2025-12-23,West,Apparel,15196.1,285,False,
2025-12-23,West,Electronics,12486.52,193,False,
2025-12-23,East,Groceries,13543.6,311,False,
2025-12-23,North,Home & Kitchen,22068.72,452,False,
2025-12-23,North,Electronics,17046.97,335,False,
2025-12-23,East,Sports,7848.23,135,False,
2025-12-23,South,Sports,7709.96,161,False,
2025-12-23,South,Groceries,9130.12,188,False,
2025-12-24,West,Home & Kitchen,13827.89,234,False,
2025-12-24,North,Sports,18833.67,409,False,
2025-12-24,North,Apparel,19673.26,338,False,
2025-12-24,East,Sports,8265.07,146,False,
2025-12-24,East,Home & Kitchen,10895.12,186,False,
2025-12-24,South,Electronics,13617.76,309,False,
2025-12-24,West,Sports,12200.65,255,False,
2025-12-24,East,Groceries,12689.81,279,False,
2025-12-24,West,Groceries,16804.06,488,False,
2025-12-24,North,Groceries,15731.68,356,False,
2025-12-24,West,Electronics,13929.28,303,False,
2025-12-24,South,Home & Kitchen,11619.03,237,False,
2025-12-24,East,Electronics,11687.78,247,False,
2025-12-24,South,Sports,8581.3,188,False,
2025-12-24,North,Electronics,15402.44,293,False,
2025-12-24,South,Groceries,10346.54,219,False,
2025-12-24,North,Home & Kitchen,22693.81,460,False,
2025-12-24,South,Apparel,12202.63,211,False,
2025-12-24,East,Apparel,14547.43,230,False,
2025-12-24,West,Apparel,18513.15,443,False,
2025-12-25,West,Groceries,19064.47,482,False,
2025-12-25,South,Groceries,10967.83,195,False,
2025-12-25,West,Apparel,14614.08,240,False,
2025-12-25,North,Home & Kitchen,19721.06,437,False,
2025-12-25,South,Sports,9883.49,179,False,
2025-12-25,West,Sports,15584.78,263,False,
2025-12-25,West,Electronics,11856.76,271,False,
2025-12-25,East,Groceries,11707.5,213,False,
2025-12-25,North,Sports,17334.79,429,False,
2025-12-25,South,Home & Kitchen,11459.78,261,False,
2025-12-25,East,Sports,8805.22,162,False,
2025-12-25,East,Home & Kitchen,10773.14,254,False,
2025-12-25,East,Electronics,12859.07,217,False,
2025-12-25,South,Electronics,14673.53,333,False,
2025-12-25,North,Electronics,17040.66,336,False,
2025-12-25,North,Apparel,18080.56,331,False,
2025-12-25,West,Home & Kitchen,12165.31,231,False,
2025-12-25,East,Apparel,13309.49,282,False,
2025-12-25,North,Groceries,17058.41,425,False,
2025-12-25,South,Apparel,11142.78,250,False,
2025-12-26,West,Sports,13338.37,197,False,
2025-12-26,West,Electronics,17039.32,300,False,
2025-12-26,West,Groceries,18598.63,257,False,
2025-12-26,North,Groceries,14767.44,287,False,
2025-12-26,North,Home & Kitchen,21996.31,371,False,
2025-12-26,East,Sports,6580.81,129,False,
2025-12-26,East,Groceries,12852.45,229,False,
2025-12-26,South,Electronics,13326.98,258,False,
2025-12-26,West,Home & Kitchen,13592.94,289,False,
2025-12-26,West,Apparel,18722.83,328,False,
2025-12-26,South,Apparel,10218.91,207,False,
2025-12-26,East,Apparel,16297.34,267,False,
2025-12-26,South,Sports,6538.97,119,False,
2025-12-26,East,Electronics,12896.88,220,False,
2025-12-26,South,Groceries,9351.21,169,False,
2025-12-26,South,Home & Kitchen,10284.91,221,False,
2025-12-26,North,Apparel,20318.36,419,False,
2025-12-26,North,Electronics,14484.71,322,False,
2025-12-26,North,Sports,15736.42,322,False,
2025-12-26,East,Home & Kitchen,9712.94,215,False,
2025-12-27,West,Electronics,16576.69,370,False,
2025-12-27,North,Home & Kitchen,21731.03,388,False,
2025-12-27,South,Sports,9362.9,204,False,
2025-12-27,West,Apparel,19465.26,382,False,
2025-12-27,South,Groceries,12175.58,263,False,
2025-12-27,North,Electronics,18210.42,318,False,
2025-12-27,West,Home & Kitchen,14249.07,282,False,
2025-12-27,South,Home & Kitchen,13844.77,308,False,
2025-12-27,West,Sports,16228.19,475,False,
2025-12-27,East,Groceries,13878.75,305,False,
2025-12-27,South,Apparel,13133.85,318,False,
2025-12-27,East,Apparel,15504.11,342,False,
2025-12-27,South,Electronics,15265.98,325,False,
2025-12-27,North,Groceries,19648.55,433,False,
2025-12-27,West,Groceries,19812.77,448,False,
2025-12-27,East,Home & Kitchen,12292.73,291,False,
2025-12-27,North,Apparel,21415.97,449,False,
2025-12-27,North,Sports,20414.05,541,False,
2025-12-27,East,Electronics,13670.1,312,False,
2025-12-27,East,Sports,8876.32,172,False,
2025-12-28,West,Sports,15804.93,262,False,
2025-12-28,West,Groceries,21651.89,312,False,
2025-12-28,West,Electronics,17364.38,353,False,
2025-12-28,North,Apparel,25152.85,537,False,
2025-12-28,West,Apparel,16925.93,296,False,
2025-12-28,North,Electronics,17301.97,399,False,
2025-12-28,East,Groceries,15251.36,300,False,
2025-12-28,North,Home & Kitchen,26614.11,456,False,
2025-12-28,South,Electronics,14352.79,304,False,
2025-12-28,East,Home & Kitchen,11831.47,255,False,
2025-12-28,East,Electronics,13524.53,267,False,
2025-12-28,South,Home & Kitchen,13054.27,253,False,
2025-12-28,North,Sports,18853.79,352,False,
2025-12-28,East,Apparel,18358.55,418,False,
2025-12-28,West,Home & Kitchen,17896.26,289,False,
2025-12-28,South,Apparel,12870.67,317,False,
2025-12-28,South,Sports,10433.96,169,False,
2025-12-28,North,Groceries,18081.83,306,False,
2025-12-28,South,Groceries,14259.73,276,False,
2025-12-28,East,Sports,9546.67,194,False,
2025-12-29,South,Sports,8157.0,148,False,
2025-12-29,South,Home & Kitchen,12095.23,261,False,
2025-12-29,West,Sports,13528.94,262,False,
2025-12-29,South,Groceries,10949.4,212,False,
2025-12-29,East,Electronics,12009.35,230,False,
2025-12-29,West,Home & Kitchen,14209.18,332,False,
2025-12-29,North,Home & Kitchen,22842.45,519,False,
2025-12-29,South,Electronics,13028.3,214,False,
2025-12-29,East,Apparel,15151.37,256,False,
2025-12-29,East,Home & Kitchen,10434.64,207,False,
2025-12-29,North,Electronics,13344.27,311,False,
2025-12-29,North,Apparel,21796.52,427,False,
2025-12-29,East,Groceries,12872.93,253,False,
2025-12-29,West,Apparel,13560.74,301,False,
2025-12-29,North,Groceries,13680.45,276,False,
2025-12-29,West,Groceries,16774.63,381,False,
2025-12-29,East,Sports,8126.81,164,False,
2025-12-29,West,Electronics,11165.91,228,False,
2025-12-29,South,Apparel,11053.51,239,False,
2025-12-29,North,Sports,19181.69,382,False,
2025-12-30,West,Apparel,18694.4,369,False,
2025-12-30,South,Groceries,11165.6,197,False,
2025-12-30,North,Apparel,18656.85,368,False,
2025-12-30,South,Sports,7708.77,205,False,
2025-12-30,West,Sports,12502.6,294,False,
2025-12-30,South,Home & Kitchen,12617.53,222,False,
2025-12-30,East,Electronics,13003.47,312,False,
2025-12-30,South,Apparel,11192.99,225,False,
2025-12-30,East,Apparel,13021.47,255,False,
2025-12-30,South,Electronics,11969.82,264,False,
2025-12-30,East,Home & Kitchen,10400.47,188,False,
2025-12-30,North,Sports,18295.06,383,False,
2025-12-30,East,Groceries,13103.76,379,False,
2025-12-30,North,Groceries,15719.56,318,False,
2025-12-30,East,Sports,7636.76,161,False,
2025-12-30,North,Home & Kitchen,20114.53,387,False,
2025-12-30,West,Electronics,13543.75,239,False,
2025-12-30,West,Groceries,20066.94,505,False,
2025-12-30,North,Electronics,16914.41,303,False,
2025-12-30,West,Home & Kitchen,13242.41,234,False,
2025-12-31,South,Sports,9000.7,161,False,
2025-12-31,West,Home & Kitchen,12609.84,241,False,
2025-12-31,North,Electronics,17064.54,406,False,
2025-12-31,North,Apparel,18127.06,329,False,
2025-12-31,North,Home & Kitchen,20650.1,319,False,
2025-12-31,North,Groceries,15191.46,265,False,
2025-12-31,North,Sports,15969.68,327,False,
2025-12-31,South,Electronics,13416.42,281,False,
2025-12-31,South,Apparel,12272.15,185,False,
2025-12-31,West,Groceries,18767.43,329,False,
2025-12-31,South,Home & Kitchen,10397.28,232,False,
2025-12-31,East,Electronics,12524.12,319,False,
2025-12-31,East,Apparel,13551.68,262,False,
2025-12-31,East,Home & Kitchen,10898.67,218,False,
2025-12-31,East,Groceries,11741.82,214,False,
2025-12-31,East,Sports,9014.63,187,False,
2025-12-31,West,Electronics,14323.65,336,False,
2025-12-31,West,Apparel,17906.99,364,False,
2025-12-31,South,Groceries,9246.89,212,False,
2025-12-31,West,Sports,15427.95,372,False,
